p1_height,p2_height,p1_growth_days,p2_growth_days,p1_leaf_shape,p2_leaf_shape,p1_flower_color,p2_flower_color,p1_climate,p2_climate,p1_resistance,p2_resistance,p1_yield,p2_yield,same_family,target_height,target_growth_days,target_leaf_shape,target_flower_color,target_climate,target_resistance,target_yield_level
35,45,80,95,0,0,0,2,2,2,1,2,1,3,1,38.8,85.6,Ovate,Intermediate,Temperate,Very High,High
45,35,95,80,0,0,2,0,2,2,2,1,3,1,1,37.8,86.9,Ovate,Intermediate,Temperate,Very High,High
35,45,80,95,0,0,0,2,2,2,1,2,1,3,1,42.1,85.3,Ovate,Intermediate,Temperate,Very High,High
45,35,95,80,0,0,2,0,2,2,2,1,3,1,1,36.5,83.4,Ovate,Intermediate,Temperate,Very High,High
35,45,80,95,0,0,0,2,2,2,1,2,1,3,1,40.1,80.3,Ovate,Purple,Temperate,Very High,High
45,35,95,80,0,0,2,0,2,2,2,1,3,1,1,35.5,87.7,Ovate,Intermediate,Temperate,Very High,High
35,45,80,95,0,0,0,2,2,2,1,2,1,3,1,38.4,91.6,Ovate,Intermediate,Temperate,Very High,High
45,35,95,80,0,0,2,0,2,2,2,1,3,1,1,41.0,89.2,Ovate,Purple,Temperate,Very High,High
35,45,80,95,0,0,0,2,2,2,1,2,1,3,1,42.9,91.5,Ovate,Intermediate,Temperate,Very High,High
45,35,95,80,0,0,2,0,2,2,2,1,3,1,1,39.0,90.9,Ovate,Intermediate,Temperate,Very High,High
35,45,80,95,0,0,0,2,2,2,1,2,1,3,1,39.4,84.3,Ovate,Purple,Temperate,Very High,High
45,35,95,80,0,0,2,0,2,2,2,1,3,1,1,39.6,87.3,Ovate,Intermediate,Temperate,Very High,High
35,45,80,95,0,0,0,2,2,2,1,2,1,3,1,41.8,81.7,Ovate,Intermediate,Temperate,Very High,High
45,35,95,80,0,0,2,0,2,2,2,1,3,1,1,39.7,81.8,Ovate,Purple,Temperate,Very High,High
35,45,80,95,0,0,0,2,2,2,1,2,1,3,1,36.9,83.9,Ovate,White,Temperate,Very High,High
45,35,95,80,0,0,2,0,2,2,2,1,3,1,1,43.6,88.6,Ovate,White,Temperate,Very High,High
35,120,80,75,0,7,0,1,2,8,1,1,1,3,1,74.9,72.8,Ovate,White,Tropical/Subtropical,Moderate,High
120,35,75,80,7,0,1,0,8,2,1,1,3,1,1,76.7,73.2,Ovate,Intermediate,Tropical/Subtropical,Moderate,High
35,120,80,75,0,7,0,1,2,8,1,1,1,3,1,78.9,74.2,Intermediate,White,Tropical/Subtropical,Moderate,High
120,35,75,80,7,0,1,0,8,2,1,1,3,1,1,77.6,80.8,Pinnate,Intermediate,Tropical/Subtropical,Moderate,High
35,120,80,75,0,7,0,1,2,8,1,1,1,3,1,74.2,71.7,Intermediate,White,Temperate,Moderate,High
120,35,75,80,7,0,1,0,8,2,1,1,3,1,1,73.1,75.8,Intermediate,Yellow,Tropical/Subtropical,Moderate,High
35,120,80,75,0,7,0,1,2,8,1,1,1,3,1,78.0,79.5,Ovate,White,Tropical/Subtropical,Moderate,High
120,35,75,80,7,0,1,0,8,2,1,1,3,1,1,78.4,76.4,Intermediate,Intermediate,Temperate,Moderate,High
35,120,80,75,0,7,0,1,2,8,1,1,1,3,1,70.0,77.3,Ovate,Intermediate,Tropical/Subtropical,Moderate,High
120,35,75,80,7,0,1,0,8,2,1,1,3,1,1,76.3,72.1,Pinnate,Intermediate,Tropical/Subtropical,Moderate,High
35,120,80,75,0,7,0,1,2,8,1,1,1,3,1,83.6,80.4,Pinnate,Intermediate,Temperate,Moderate,High
120,35,75,80,7,0,1,0,8,2,1,1,3,1,1,78.6,79.3,Intermediate,Yellow,Temperate,Moderate,High
35,120,80,75,0,7,0,1,2,8,1,1,1,3,1,70.2,71.4,Pinnate,Intermediate,Tropical/Subtropical,Moderate,High
120,35,75,80,7,0,1,0,8,2,1,1,3,1,1,78.3,81.1,Pinnate,Yellow,Tropical/Subtropical,Moderate,High
35,120,80,75,0,7,0,1,2,8,1,1,1,3,1,76.6,81.9,Intermediate,Intermediate,Tropical/Subtropical,Moderate,High
120,35,75,80,7,0,1,0,8,2,1,1,3,1,1,78.2,76.7,Pinnate,Intermediate,Temperate,Moderate,High
35,90,80,70,0,0,0,2,2,8,1,1,1,3,1,59.4,80.8,Ovate,White,Tropical/Subtropical,Moderate,High
90,35,70,80,0,0,2,0,8,2,1,1,3,1,1,68.2,78.0,Ovate,White,Tropical/Subtropical,Moderate,High
35,90,80,70,0,0,0,2,2,8,1,1,1,3,1,65.8,76.1,Ovate,Intermediate,Temperate,Moderate,High
90,35,70,80,0,0,2,0,8,2,1,1,3,1,1,60.1,76.4,Ovate,Intermediate,Tropical/Subtropical,Moderate,High
35,90,80,70,0,0,0,2,2,8,1,1,1,3,1,61.6,78.8,Ovate,Purple,Tropical/Subtropical,Moderate,High
90,35,70,80,0,0,2,0,8,2,1,1,3,1,1,65.3,69.2,Ovate,Intermediate,Tropical/Subtropical,Moderate,High
35,90,80,70,0,0,0,2,2,8,1,1,1,3,1,63.8,75.3,Ovate,Intermediate,Temperate,Moderate,High
90,35,70,80,0,0,2,0,8,2,1,1,3,1,1,57.9,74.6,Ovate,White,Temperate,Moderate,High
35,90,80,70,0,0,0,2,2,8,1,1,1,3,1,56.4,73.8,Ovate,Intermediate,Temperate,Moderate,High
90,35,70,80,0,0,2,0,8,2,1,1,3,1,1,64.5,72.2,Ovate,Intermediate,Tropical/Subtropical,Moderate,High
35,90,80,70,0,0,0,2,2,8,1,1,1,3,1,63.5,69.3,Ovate,Purple,Temperate,Moderate,High
90,35,70,80,0,0,2,0,8,2,1,1,3,1,1,55.1,72.7,Ovate,Intermediate,Temperate,Moderate,High
35,90,80,70,0,0,0,2,2,8,1,1,1,3,1,62.2,77.8,Ovate,Purple,Temperate,Moderate,High
90,35,70,80,0,0,2,0,8,2,1,1,3,1,1,64.1,72.4,Ovate,Intermediate,Temperate,Moderate,High
35,90,80,70,0,0,0,2,2,8,1,1,1,3,1,68.5,71.4,Ovate,Intermediate,Temperate,Moderate,High
90,35,70,80,0,0,2,0,8,2,1,1,3,1,1,63.1,74.3,Ovate,White,Temperate,Moderate,High
35,75,80,85,0,1,0,0,2,8,1,2,1,3,1,53.9,83.2,Intermediate,White,Tropical/Subtropical,Very High,High
75,35,85,80,1,0,0,0,8,2,2,1,3,1,1,54.2,87.4,Intermediate,White,Temperate,Very High,High
35,75,80,85,0,1,0,0,2,8,1,2,1,3,1,55.9,90.7,Lanceolate,White,Tropical/Subtropical,Very High,High
75,35,85,80,1,0,0,0,8,2,2,1,3,1,1,53.1,78.6,Ovate,White,Tropical/Subtropical,Very High,High
35,75,80,85,0,1,0,0,2,8,1,2,1,3,1,55.3,83.8,Lanceolate,White,Tropical/Subtropical,Very High,High
75,35,85,80,1,0,0,0,8,2,2,1,3,1,1,58.9,85.4,Intermediate,White,Tropical/Subtropical,Very High,High
35,75,80,85,0,1,0,0,2,8,1,2,1,3,1,55.7,82.0,Lanceolate,White,Temperate,Very High,High
75,35,85,80,1,0,0,0,8,2,2,1,3,1,1,57.1,87.5,Lanceolate,White,Tropical/Subtropical,Very High,High
35,75,80,85,0,1,0,0,2,8,1,2,1,3,1,53.8,79.5,Ovate,White,Tropical/Subtropical,Very High,High
75,35,85,80,1,0,0,0,8,2,2,1,3,1,1,53.3,90.8,Intermediate,White,Temperate,Very High,High
35,75,80,85,0,1,0,0,2,8,1,2,1,3,1,55.4,75.7,Ovate,White,Tropical/Subtropical,Very High,High
75,35,85,80,1,0,0,0,8,2,2,1,3,1,1,55.0,80.7,Ovate,White,Tropical/Subtropical,Very High,High
35,75,80,85,0,1,0,0,2,8,1,2,1,3,1,58.3,86.3,Lanceolate,White,Temperate,Very High,High
75,35,85,80,1,0,0,0,8,2,2,1,3,1,1,55.7,85.6,Ovate,White,Tropical/Subtropical,Very High,High
35,75,80,85,0,1,0,0,2,8,1,2,1,3,1,58.2,77.1,Ovate,White,Temperate,Very High,High
75,35,85,80,1,0,0,0,8,2,2,1,3,1,1,57.1,85.0,Lanceolate,White,Tropical/Subtropical,Very High,High
35,80,80,100,0,0,0,0,2,0,1,2,1,1,1,57.9,97.2,Ovate,White,Tropical,Very High,Moderate
80,35,100,80,0,0,0,0,0,2,2,1,1,1,1,54.7,91.4,Ovate,White,Tropical,Very High,Moderate
35,80,80,100,0,0,0,0,2,0,1,2,1,1,1,53.8,93.4,Ovate,White,Temperate,Very High,Moderate
80,35,100,80,0,0,0,0,0,2,2,1,1,1,1,58.9,94.0,Ovate,White,Tropical,Very High,Moderate
35,80,80,100,0,0,0,0,2,0,1,2,1,1,1,57.0,86.5,Ovate,White,Tropical,Very High,Moderate
80,35,100,80,0,0,0,0,0,2,2,1,1,1,1,59.4,87.3,Ovate,White,Temperate,Very High,Moderate
35,80,80,100,0,0,0,0,2,0,1,2,1,1,1,52.2,87.5,Ovate,White,Temperate,Very High,Moderate
80,35,100,80,0,0,0,0,0,2,2,1,1,1,1,61.0,97.3,Ovate,White,Temperate,Very High,Moderate
35,80,80,100,0,0,0,0,2,0,1,2,1,1,1,54.6,87.6,Ovate,White,Tropical,Very High,Moderate
80,35,100,80,0,0,0,0,0,2,2,1,1,1,1,62.3,86.3,Ovate,White,Tropical,Very High,Moderate
35,80,80,100,0,0,0,0,2,0,1,2,1,1,1,55.6,82.9,Ovate,White,Temperate,Very High,Moderate
80,35,100,80,0,0,0,0,0,2,2,1,1,1,1,56.7,94.3,Ovate,White,Temperate,Very High,Moderate
35,80,80,100,0,0,0,0,2,0,1,2,1,1,1,59.4,84.2,Ovate,White,Tropical,Very High,Moderate
80,35,100,80,0,0,0,0,0,2,2,1,1,1,1,57.1,83.4,Ovate,White,Tropical,Very High,Moderate
35,80,80,100,0,0,0,0,2,0,1,2,1,1,1,64.6,81.4,Ovate,White,Temperate,Very High,Moderate
80,35,100,80,0,0,0,0,0,2,2,1,1,1,1,56.3,89.2,Ovate,White,Tropical,Very High,Moderate
35,250,80,90,0,3,0,1,2,2,1,1,1,4,0,142.8,80.7,Ovate,White,Temperate,Moderate,High
250,35,90,80,3,0,1,0,2,2,1,1,4,1,0,138.1,83.8,Ovate,Intermediate,Temperate,Moderate,High
35,250,80,90,0,3,0,1,2,2,1,1,1,4,0,140.0,87.8,Ovate,Intermediate,Temperate,Moderate,High
250,35,90,80,3,0,1,0,2,2,1,1,4,1,0,131.3,83.2,Ovate,White,Temperate,Moderate,High
35,250,80,90,0,3,0,1,2,2,1,1,1,4,0,135.4,88.8,Intermediate,White,Temperate,Moderate,High
250,35,90,80,3,0,1,0,2,2,1,1,4,1,0,148.5,80.3,Intermediate,Intermediate,Temperate,Moderate,High
35,250,80,90,0,3,0,1,2,2,1,1,1,4,0,139.8,89.4,Intermediate,White,Temperate,Moderate,High
250,35,90,80,3,0,1,0,2,2,1,1,4,1,0,146.4,88.5,Intermediate,White,Temperate,Moderate,High
35,250,80,90,0,3,0,1,2,2,1,1,1,4,0,134.9,88.4,Intermediate,White,Temperate,Moderate,High
250,35,90,80,3,0,1,0,2,2,1,1,4,1,0,157.3,81.8,Intermediate,Intermediate,Temperate,Moderate,High
35,250,80,90,0,3,0,1,2,2,1,1,1,4,0,150.1,84.6,Linear,White,Temperate,Moderate,High
250,35,90,80,3,0,1,0,2,2,1,1,4,1,0,137.9,82.3,Intermediate,White,Temperate,Moderate,High
35,250,80,90,0,3,0,1,2,2,1,1,1,4,0,144.0,82.8,Ovate,White,Temperate,Moderate,High
250,35,90,80,3,0,1,0,2,2,1,1,4,1,0,132.0,81.5,Intermediate,Yellow,Temperate,Moderate,High
35,250,80,90,0,3,0,1,2,2,1,1,1,4,0,147.4,80.8,Intermediate,White,Temperate,Moderate,High
250,35,90,80,3,0,1,0,2,2,1,1,4,1,0,149.1,84.8,Ovate,White,Temperate,Moderate,High
35,200,80,75,0,3,0,1,2,2,1,1,1,3,0,128.0,77.9,Ovate,White,Temperate,Moderate,High
200,35,75,80,3,0,1,0,2,2,1,1,3,1,0,117.6,78.3,Ovate,Intermediate,Temperate,Moderate,High
35,200,80,75,0,3,0,1,2,2,1,1,1,3,0,122.2,78.1,Ovate,Intermediate,Temperate,Moderate,High
200,35,75,80,3,0,1,0,2,2,1,1,3,1,0,112.2,72.4,Intermediate,Yellow,Temperate,Moderate,High
35,200,80,75,0,3,0,1,2,2,1,1,1,3,0,118.7,85.0,Intermediate,White,Temperate,Moderate,High
200,35,75,80,3,0,1,0,2,2,1,1,3,1,0,128.9,80.4,Intermediate,White,Temperate,Moderate,High
35,200,80,75,0,3,0,1,2,2,1,1,1,3,0,120.9,73.4,Intermediate,Intermediate,Temperate,Moderate,High
200,35,75,80,3,0,1,0,2,2,1,1,3,1,0,106.6,73.1,Intermediate,White,Temperate,Moderate,High
35,200,80,75,0,3,0,1,2,2,1,1,1,3,0,109.2,78.4,Ovate,White,Temperate,Moderate,High
200,35,75,80,3,0,1,0,2,2,1,1,3,1,0,117.3,76.9,Intermediate,Intermediate,Temperate,Moderate,High
35,200,80,75,0,3,0,1,2,2,1,1,1,3,0,108.9,72.5,Linear,Intermediate,Temperate,Moderate,High
200,35,75,80,3,0,1,0,2,2,1,1,3,1,0,117.5,81.2,Ovate,Yellow,Temperate,Moderate,High
35,200,80,75,0,3,0,1,2,2,1,1,1,3,0,117.7,75.4,Ovate,Intermediate,Temperate,Moderate,High
200,35,75,80,3,0,1,0,2,2,1,1,3,1,0,116.5,85.9,Linear,Yellow,Temperate,Moderate,High
35,200,80,75,0,3,0,1,2,2,1,1,1,3,0,120.4,78.8,Intermediate,Yellow,Temperate,Moderate,High
200,35,75,80,3,0,1,0,2,2,1,1,3,1,0,128.3,77.1,Intermediate,Yellow,Temperate,Moderate,High
35,200,80,120,0,7,0,3,2,2,1,1,1,1,0,115.6,105.4,Pinnate,Pink,Temperate,Moderate,Moderate
200,35,120,80,7,0,3,0,2,2,1,1,1,1,0,119.1,100.5,Pinnate,Intermediate,Temperate,Moderate,Moderate
35,200,80,120,0,7,0,3,2,2,1,1,1,1,0,114.3,94.0,Pinnate,White,Temperate,Moderate,Moderate
200,35,120,80,7,0,3,0,2,2,1,1,1,1,0,120.0,106.8,Intermediate,Pink,Temperate,Moderate,Moderate
35,200,80,120,0,7,0,3,2,2,1,1,1,1,0,120.0,102.3,Intermediate,Intermediate,Temperate,Moderate,Moderate
200,35,120,80,7,0,3,0,2,2,1,1,1,1,0,118.3,101.5,Intermediate,Intermediate,Temperate,Moderate,Moderate
35,200,80,120,0,7,0,3,2,2,1,1,1,1,0,120.1,107.0,Intermediate,Intermediate,Temperate,Moderate,Moderate
200,35,120,80,7,0,3,0,2,2,1,1,1,1,0,106.3,96.5,Ovate,Intermediate,Temperate,Moderate,Moderate
35,200,80,120,0,7,0,3,2,2,1,1,1,1,0,114.8,107.8,Pinnate,Pink,Temperate,Moderate,Moderate
200,35,120,80,7,0,3,0,2,2,1,1,1,1,0,119.7,98.6,Intermediate,Pink,Temperate,Moderate,Moderate
35,200,80,120,0,7,0,3,2,2,1,1,1,1,0,119.9,101.4,Intermediate,Intermediate,Temperate,Moderate,Moderate
200,35,120,80,7,0,3,0,2,2,1,1,1,1,0,114.9,101.0,Intermediate,Pink,Temperate,Moderate,Moderate
35,200,80,120,0,7,0,3,2,2,1,1,1,1,0,120.9,97.5,Ovate,Pink,Temperate,Moderate,Moderate
200,35,120,80,7,0,3,0,2,2,1,1,1,1,0,120.3,88.1,Ovate,Intermediate,Temperate,Moderate,Moderate
35,200,80,120,0,7,0,3,2,2,1,1,1,1,0,109.4,96.9,Pinnate,White,Temperate,Moderate,Moderate
200,35,120,80,7,0,3,0,2,2,1,1,1,1,0,118.9,102.1,Ovate,Pink,Temperate,Moderate,Moderate
35,300,80,150,0,7,0,3,2,6,1,2,1,1,0,175.3,116.5,Ovate,White,Temperate,Very High,Moderate
300,35,150,80,7,0,3,0,6,2,2,1,1,1,0,167.6,130.5,Pinnate,Intermediate,Temperate,Very High,Moderate
35,300,80,150,0,7,0,3,2,6,1,2,1,1,0,152.9,111.7,Intermediate,White,Temperate,Very High,Moderate
300,35,150,80,7,0,3,0,6,2,2,1,1,1,0,158.4,123.0,Intermediate,Intermediate,Temperate,Very High,Moderate
35,300,80,150,0,7,0,3,2,6,1,2,1,1,0,165.0,115.5,Ovate,White,Temperate,Very High,Moderate
300,35,150,80,7,0,3,0,6,2,2,1,1,1,0,164.0,114.6,Intermediate,White,Cool Temperate,Very High,Moderate
35,300,80,150,0,7,0,3,2,6,1,2,1,1,0,163.5,113.4,Ovate,White,Cool Temperate,Very High,Moderate
300,35,150,80,7,0,3,0,6,2,2,1,1,1,0,160.0,115.6,Ovate,Intermediate,Cool Temperate,Very High,Moderate
35,300,80,150,0,7,0,3,2,6,1,2,1,1,0,159.4,116.0,Intermediate,Intermediate,Cool Temperate,Very High,Moderate
300,35,150,80,7,0,3,0,6,2,2,1,1,1,0,182.6,123.1,Intermediate,White,Cool Temperate,Very High,Moderate
35,300,80,150,0,7,0,3,2,6,1,2,1,1,0,169.8,118.4,Intermediate,Intermediate,Temperate,Very High,Moderate
300,35,150,80,7,0,3,0,6,2,2,1,1,1,0,167.7,121.9,Intermediate,Pink,Cool Temperate,Very High,Moderate
35,300,80,150,0,7,0,3,2,6,1,2,1,1,0,178.7,116.5,Intermediate,Intermediate,Cool Temperate,Very High,Moderate
300,35,150,80,7,0,3,0,6,2,2,1,1,1,0,167.9,108.9,Ovate,Pink,Cool Temperate,Very High,Moderate
35,300,80,150,0,7,0,3,2,6,1,2,1,1,0,170.6,113.5,Pinnate,Intermediate,Cool Temperate,Very High,Moderate
300,35,150,80,7,0,3,0,6,2,2,1,1,1,0,170.1,105.5,Intermediate,Intermediate,Cool Temperate,Very High,Moderate
35,300,80,80,0,5,0,1,2,2,1,2,1,4,0,170.6,87.4,Intermediate,Intermediate,Temperate,Very High,High
300,35,80,80,5,0,1,0,2,2,2,1,4,1,0,155.6,73.3,Ovate,Intermediate,Temperate,Very High,High
35,300,80,80,0,5,0,1,2,2,1,2,1,4,0,171.5,85.1,Intermediate,White,Temperate,Very High,High
300,35,80,80,5,0,1,0,2,2,2,1,4,1,0,179.9,76.7,Intermediate,White,Temperate,Very High,High
35,300,80,80,0,5,0,1,2,2,1,2,1,4,0,170.4,80.1,Intermediate,Yellow,Temperate,Very High,High
300,35,80,80,5,0,1,0,2,2,2,1,4,1,0,157.3,81.0,Intermediate,Intermediate,Temperate,Very High,High
35,300,80,80,0,5,0,1,2,2,1,2,1,4,0,171.7,78.8,Intermediate,Intermediate,Temperate,Very High,High
300,35,80,80,5,0,1,0,2,2,2,1,4,1,0,154.5,85.7,Ovate,Intermediate,Temperate,Very High,High
35,300,80,80,0,5,0,1,2,2,1,2,1,4,0,169.7,80.5,Ovate,Yellow,Temperate,Very High,High
300,35,80,80,5,0,1,0,2,2,2,1,4,1,0,165.1,83.3,Intermediate,Intermediate,Temperate,Very High,High
35,300,80,80,0,5,0,1,2,2,1,2,1,4,0,168.2,76.2,Ovate,Yellow,Temperate,Very High,High
300,35,80,80,5,0,1,0,2,2,2,1,4,1,0,165.8,83.6,Cordate,Intermediate,Temperate,Very High,High
35,300,80,80,0,5,0,1,2,2,1,2,1,4,0,178.9,84.9,Intermediate,Intermediate,Temperate,Very High,High
300,35,80,80,5,0,1,0,2,2,2,1,4,1,0,165.6,82.5,Intermediate,Yellow,Temperate,Very High,High
35,300,80,80,0,5,0,1,2,2,1,2,1,4,0,152.1,81.3,Cordate,White,Temperate,Very High,High
300,35,80,80,5,0,1,0,2,2,2,1,4,1,0,164.8,76.2,Cordate,Yellow,Temperate,Very High,High
35,300,80,130,0,0,0,1,2,2,1,3,1,3,0,173.8,103.8,Ovate,Intermediate,Temperate,Very High,High
300,35,130,80,0,0,1,0,2,2,3,1,3,1,0,168.4,92.4,Ovate,White,Temperate,Very High,High
35,300,80,130,0,0,0,1,2,2,1,3,1,3,0,165.8,95.0,Ovate,Yellow,Temperate,Very High,High
300,35,130,80,0,0,1,0,2,2,3,1,3,1,0,167.9,101.1,Ovate,Intermediate,Temperate,Very High,High
35,300,80,130,0,0,0,1,2,2,1,3,1,3,0,163.3,111.5,Ovate,Intermediate,Temperate,Very High,High
300,35,130,80,0,0,1,0,2,2,3,1,3,1,0,167.5,109.7,Ovate,White,Temperate,Very High,High
35,300,80,130,0,0,0,1,2,2,1,3,1,3,0,154.7,103.4,Ovate,Intermediate,Temperate,Very High,High
300,35,130,80,0,0,1,0,2,2,3,1,3,1,0,178.6,105.2,Ovate,Yellow,Temperate,Very High,High
35,300,80,130,0,0,0,1,2,2,1,3,1,3,0,168.9,96.6,Ovate,Yellow,Temperate,Very High,High
300,35,130,80,0,0,1,0,2,2,3,1,3,1,0,166.2,106.4,Ovate,White,Temperate,Very High,High
35,300,80,130,0,0,0,1,2,2,1,3,1,3,0,171.8,111.8,Ovate,White,Temperate,Very High,High
300,35,130,80,0,0,1,0,2,2,3,1,3,1,0,174.2,111.9,Ovate,Intermediate,Temperate,Very High,High
35,300,80,130,0,0,0,1,2,2,1,3,1,3,0,157.4,96.3,Ovate,Intermediate,Temperate,Very High,High
300,35,130,80,0,0,1,0,2,2,3,1,3,1,0,163.0,102.7,Ovate,Yellow,Temperate,Very High,High
35,300,80,130,0,0,0,1,2,2,1,3,1,3,0,170.8,99.1,Ovate,Intermediate,Temperate,Very High,High
300,35,130,80,0,0,1,0,2,2,3,1,3,1,0,178.5,97.8,Ovate,Intermediate,Temperate,Very High,High
35,120,80,120,0,3,0,0,2,0,1,1,1,4,0,80.2,97.5,Linear,White,Tropical,Moderate,High
120,35,120,80,3,0,0,0,0,2,1,1,4,1,0,77.3,109.6,Intermediate,White,Temperate,Moderate,High
35,120,80,120,0,3,0,0,2,0,1,1,1,4,0,84.0,108.3,Intermediate,White,Temperate,Moderate,High
120,35,120,80,3,0,0,0,0,2,1,1,4,1,0,81.5,109.4,Linear,White,Tropical,Moderate,High
35,120,80,120,0,3,0,0,2,0,1,1,1,4,0,74.9,99.3,Linear,White,Temperate,Moderate,High
120,35,120,80,3,0,0,0,0,2,1,1,4,1,0,77.9,106.4,Intermediate,White,Temperate,Moderate,High
35,120,80,120,0,3,0,0,2,0,1,1,1,4,0,77.4,95.7,Ovate,White,Tropical,Moderate,High
120,35,120,80,3,0,0,0,0,2,1,1,4,1,0,74.2,101.2,Linear,White,Tropical,Moderate,High
35,120,80,120,0,3,0,0,2,0,1,1,1,4,0,78.9,101.7,Ovate,White,Temperate,Moderate,High
120,35,120,80,3,0,0,0,0,2,1,1,4,1,0,69.5,98.2,Intermediate,White,Tropical,Moderate,High
35,120,80,120,0,3,0,0,2,0,1,1,1,4,0,79.3,102.2,Linear,White,Temperate,Moderate,High
120,35,120,80,3,0,0,0,0,2,1,1,4,1,0,77.4,112.0,Intermediate,White,Temperate,Moderate,High
35,120,80,120,0,3,0,0,2,0,1,1,1,4,0,78.2,101.9,Intermediate,White,Tropical,Moderate,High
120,35,120,80,3,0,0,0,0,2,1,1,4,1,0,81.6,97.0,Ovate,White,Tropical,Moderate,High
35,120,80,120,0,3,0,0,2,0,1,1,1,4,0,79.0,95.6,Linear,White,Temperate,Moderate,High
120,35,120,80,3,0,0,0,0,2,1,1,4,1,0,79.3,96.1,Ovate,White,Tropical,Moderate,High
35,100,80,110,0,3,0,0,2,0,1,2,1,3,0,63.5,90.5,Ovate,White,Tropical,Very High,High
100,35,110,80,3,0,0,0,0,2,2,1,3,1,0,67.0,92.6,Intermediate,White,Temperate,Very High,High
35,100,80,110,0,3,0,0,2,0,1,2,1,3,0,68.5,99.0,Intermediate,White,Temperate,Very High,High
100,35,110,80,3,0,0,0,0,2,2,1,3,1,0,70.0,99.8,Ovate,White,Temperate,Very High,High
35,100,80,110,0,3,0,0,2,0,1,2,1,3,0,63.0,100.0,Ovate,White,Temperate,Very High,High
100,35,110,80,3,0,0,0,0,2,2,1,3,1,0,68.3,86.8,Linear,White,Tropical,Very High,High
35,100,80,110,0,3,0,0,2,0,1,2,1,3,0,67.7,103.2,Intermediate,White,Temperate,Very High,High
100,35,110,80,3,0,0,0,0,2,2,1,3,1,0,65.0,94.4,Linear,White,Tropical,Very High,High
35,100,80,110,0,3,0,0,2,0,1,2,1,3,0,64.0,95.6,Intermediate,White,Tropical,Very High,High
100,35,110,80,3,0,0,0,0,2,2,1,3,1,0,72.3,87.6,Intermediate,White,Tropical,Very High,High
35,100,80,110,0,3,0,0,2,0,1,2,1,3,0,64.0,92.1,Linear,White,Temperate,Very High,High
100,35,110,80,3,0,0,0,0,2,2,1,3,1,0,67.1,100.0,Linear,White,Temperate,Very High,High
35,100,80,110,0,3,0,0,2,0,1,2,1,3,0,71.5,88.9,Intermediate,White,Tropical,Very High,High
100,35,110,80,3,0,0,0,0,2,2,1,3,1,0,65.1,90.2,Intermediate,White,Temperate,Very High,High
35,100,80,110,0,3,0,0,2,0,1,2,1,3,0,69.0,97.5,Ovate,White,Tropical,Very High,High
100,35,110,80,3,0,0,0,0,2,2,1,3,1,0,66.7,91.8,Intermediate,White,Tropical,Very High,High
35,90,80,100,0,3,0,0,2,2,1,1,1,4,0,65.9,92.2,Intermediate,White,Temperate,Moderate,High
90,35,100,80,3,0,0,0,2,2,1,1,4,1,0,63.3,91.6,Linear,White,Temperate,Moderate,High
35,90,80,100,0,3,0,0,2,2,1,1,1,4,0,63.9,85.5,Linear,White,Temperate,Moderate,High
90,35,100,80,3,0,0,0,2,2,1,1,4,1,0,62.5,92.8,Intermediate,White,Temperate,Moderate,High
35,90,80,100,0,3,0,0,2,2,1,1,1,4,0,54.6,87.6,Ovate,White,Temperate,Moderate,High
90,35,100,80,3,0,0,0,2,2,1,1,4,1,0,64.1,92.4,Ovate,White,Temperate,Moderate,High
35,90,80,100,0,3,0,0,2,2,1,1,1,4,0,65.7,89.9,Intermediate,White,Temperate,Moderate,High
90,35,100,80,3,0,0,0,2,2,1,1,4,1,0,67.3,82.8,Ovate,White,Temperate,Moderate,High
35,90,80,100,0,3,0,0,2,2,1,1,1,4,0,60.1,89.2,Intermediate,White,Temperate,Moderate,High
90,35,100,80,3,0,0,0,2,2,1,1,4,1,0,65.3,96.6,Linear,White,Temperate,Moderate,High
35,90,80,100,0,3,0,0,2,2,1,1,1,4,0,65.9,87.9,Intermediate,White,Temperate,Moderate,High
90,35,100,80,3,0,0,0,2,2,1,1,4,1,0,62.4,91.5,Ovate,White,Temperate,Moderate,High
35,90,80,100,0,3,0,0,2,2,1,1,1,4,0,62.9,98.5,Ovate,White,Temperate,Moderate,High
90,35,100,80,3,0,0,0,2,2,1,1,4,1,0,63.4,89.0,Linear,White,Temperate,Moderate,High
35,90,80,100,0,3,0,0,2,2,1,1,1,4,0,64.9,92.6,Intermediate,White,Temperate,Moderate,High
90,35,100,80,3,0,0,0,2,2,1,1,4,1,0,65.4,90.4,Linear,White,Temperate,Moderate,High
35,100,80,110,0,3,0,0,2,3,1,2,1,3,0,67.4,93.6,Linear,White,Temperate,Very High,High
100,35,110,80,3,0,0,0,3,2,2,1,3,1,0,71.2,94.8,Intermediate,White,Temperate,Very High,High
35,100,80,110,0,3,0,0,2,3,1,2,1,3,0,73.1,96.4,Intermediate,White,Mediterranean,Very High,High
100,35,110,80,3,0,0,0,3,2,2,1,3,1,0,65.2,97.1,Linear,White,Temperate,Very High,High
35,100,80,110,0,3,0,0,2,3,1,2,1,3,0,67.5,102.6,Intermediate,White,Mediterranean,Very High,High
100,35,110,80,3,0,0,0,3,2,2,1,3,1,0,67.0,103.6,Ovate,White,Temperate,Very High,High
35,100,80,110,0,3,0,0,2,3,1,2,1,3,0,68.3,89.3,Intermediate,White,Mediterranean,Very High,High
100,35,110,80,3,0,0,0,3,2,2,1,3,1,0,67.8,97.5,Intermediate,White,Temperate,Very High,High
35,100,80,110,0,3,0,0,2,3,1,2,1,3,0,66.8,104.2,Ovate,White,Temperate,Very High,High
100,35,110,80,3,0,0,0,3,2,2,1,3,1,0,66.0,103.7,Intermediate,White,Temperate,Very High,High
35,100,80,110,0,3,0,0,2,3,1,2,1,3,0,72.4,94.0,Ovate,White,Mediterranean,Very High,High
100,35,110,80,3,0,0,0,3,2,2,1,3,1,0,70.0,99.9,Linear,White,Mediterranean,Very High,High
35,100,80,110,0,3,0,0,2,3,1,2,1,3,0,64.2,96.7,Intermediate,White,Mediterranean,Very High,High
100,35,110,80,3,0,0,0,3,2,2,1,3,1,0,69.2,93.4,Linear,White,Mediterranean,Very High,High
35,100,80,110,0,3,0,0,2,3,1,2,1,3,0,67.1,102.6,Linear,White,Temperate,Very High,High
100,35,110,80,3,0,0,0,3,2,2,1,3,1,0,65.3,89.2,Linear,White,Temperate,Very High,High
35,200,80,55,0,4,0,1,2,9,1,1,1,3,0,110.5,66.1,Intermediate,Yellow,Temperate,Moderate,High
200,35,55,80,4,0,1,0,9,2,1,1,3,1,0,118.6,64.8,Intermediate,White,Temperate,Moderate,High
35,200,80,55,0,4,0,1,2,9,1,1,1,3,0,121.2,69.9,Ovate,White,Temperate,Moderate,High
200,35,55,80,4,0,1,0,9,2,1,1,3,1,0,128.5,71.4,Palmate,White,Temperate,Moderate,High
35,200,80,55,0,4,0,1,2,9,1,1,1,3,0,114.4,65.1,Ovate,Intermediate,Temperate,Moderate,High
200,35,55,80,4,0,1,0,9,2,1,1,3,1,0,114.4,59.4,Ovate,Yellow,Temperate,Moderate,High
35,200,80,55,0,4,0,1,2,9,1,1,1,3,0,116.9,70.2,Intermediate,White,Temperate,Moderate,High
200,35,55,80,4,0,1,0,9,2,1,1,3,1,0,129.0,66.1,Ovate,Intermediate,Temperate,Moderate,High
35,200,80,55,0,4,0,1,2,9,1,1,1,3,0,126.9,71.3,Intermediate,Yellow,Tropical/Temperate,Moderate,High
200,35,55,80,4,0,1,0,9,2,1,1,3,1,0,118.9,70.6,Ovate,Yellow,Tropical/Temperate,Moderate,High
35,200,80,55,0,4,0,1,2,9,1,1,1,3,0,114.6,72.7,Palmate,Intermediate,Temperate,Moderate,High
200,35,55,80,4,0,1,0,9,2,1,1,3,1,0,122.3,68.3,Palmate,Intermediate,Tropical/Temperate,Moderate,High
35,200,80,55,0,4,0,1,2,9,1,1,1,3,0,109.4,57.1,Ovate,Intermediate,Temperate,Moderate,High
200,35,55,80,4,0,1,0,9,2,1,1,3,1,0,117.7,66.7,Palmate,Intermediate,Temperate,Moderate,High
35,200,80,55,0,4,0,1,2,9,1,1,1,3,0,121.5,63.8,Intermediate,Intermediate,Temperate,Moderate,High
200,35,55,80,4,0,1,0,9,2,1,1,3,1,0,123.7,60.4,Intermediate,Intermediate,Temperate,Moderate,High
35,150,80,75,0,4,0,1,2,4,1,1,1,3,0,98.9,71.0,Intermediate,Intermediate,Temperate,Moderate,High
150,35,75,80,4,0,1,0,4,2,1,1,3,1,0,90.8,74.0,Intermediate,White,Temperate,Moderate,High
35,150,80,75,0,4,0,1,2,4,1,1,1,3,0,90.3,67.6,Ovate,Intermediate,Arid,Moderate,High
150,35,75,80,4,0,1,0,4,2,1,1,3,1,0,90.3,74.9,Ovate,Intermediate,Arid,Moderate,High
35,150,80,75,0,4,0,1,2,4,1,1,1,3,0,95.5,82.3,Palmate,Yellow,Arid,Moderate,High
150,35,75,80,4,0,1,0,4,2,1,1,3,1,0,95.1,77.6,Intermediate,Intermediate,Arid,Moderate,High
35,150,80,75,0,4,0,1,2,4,1,1,1,3,0,93.0,85.6,Palmate,Intermediate,Arid,Moderate,High
150,35,75,80,4,0,1,0,4,2,1,1,3,1,0,89.3,76.5,Intermediate,White,Arid,Moderate,High
35,150,80,75,0,4,0,1,2,4,1,1,1,3,0,92.7,77.0,Ovate,Intermediate,Temperate,Moderate,High
150,35,75,80,4,0,1,0,4,2,1,1,3,1,0,90.8,75.5,Intermediate,White,Arid,Moderate,High
35,150,80,75,0,4,0,1,2,4,1,1,1,3,0,98.2,81.6,Ovate,Yellow,Arid,Moderate,High
150,35,75,80,4,0,1,0,4,2,1,1,3,1,0,81.5,73.4,Intermediate,Intermediate,Temperate,Moderate,High
35,150,80,75,0,4,0,1,2,4,1,1,1,3,0,93.2,84.4,Ovate,Yellow,Temperate,Moderate,High
150,35,75,80,4,0,1,0,4,2,1,1,3,1,0,85.4,79.4,Ovate,Intermediate,Arid,Moderate,High
35,150,80,75,0,4,0,1,2,4,1,1,1,3,0,97.2,83.5,Palmate,Intermediate,Temperate,Moderate,High
150,35,75,80,4,0,1,0,4,2,1,1,3,1,0,94.1,76.3,Palmate,Intermediate,Arid,Moderate,High
35,60,80,60,0,0,0,0,2,2,1,1,1,3,0,46.3,72.5,Ovate,White,Temperate,Moderate,High
60,35,60,80,0,0,0,0,2,2,1,1,3,1,0,50.4,70.0,Ovate,White,Temperate,Moderate,High
35,60,80,60,0,0,0,0,2,2,1,1,1,3,0,48.9,69.8,Ovate,White,Temperate,Moderate,High
60,35,60,80,0,0,0,0,2,2,1,1,3,1,0,44.4,68.3,Ovate,White,Temperate,Moderate,High
35,60,80,60,0,0,0,0,2,2,1,1,1,3,0,49.1,66.7,Ovate,White,Temperate,Moderate,High
60,35,60,80,0,0,0,0,2,2,1,1,3,1,0,51.2,72.3,Ovate,White,Temperate,Moderate,High
35,60,80,60,0,0,0,0,2,2,1,1,1,3,0,47.8,75.1,Ovate,White,Temperate,Moderate,High
60,35,60,80,0,0,0,0,2,2,1,1,3,1,0,45.9,76.7,Ovate,White,Temperate,Moderate,High
35,60,80,60,0,0,0,0,2,2,1,1,1,3,0,47.0,67.5,Ovate,White,Temperate,Moderate,High
60,35,60,80,0,0,0,0,2,2,1,1,3,1,0,44.7,72.0,Ovate,White,Temperate,Moderate,High
35,60,80,60,0,0,0,0,2,2,1,1,1,3,0,43.2,71.2,Ovate,White,Temperate,Moderate,High
60,35,60,80,0,0,0,0,2,2,1,1,3,1,0,48.8,69.2,Ovate,White,Temperate,Moderate,High
35,60,80,60,0,0,0,0,2,2,1,1,1,3,0,41.6,70.6,Ovate,White,Temperate,Moderate,High
60,35,60,80,0,0,0,0,2,2,1,1,3,1,0,49.5,61.8,Ovate,White,Temperate,Moderate,High
35,60,80,60,0,0,0,0,2,2,1,1,1,3,0,43.4,70.3,Ovate,White,Temperate,Moderate,High
60,35,60,80,0,0,0,0,2,2,1,1,3,1,0,46.3,65.9,Ovate,White,Temperate,Moderate,High
35,180,80,80,0,0,0,0,2,0,1,2,1,3,0,109.4,82.2,Ovate,White,Tropical,Very High,High
180,35,80,80,0,0,0,0,0,2,2,1,3,1,0,104.6,74.1,Ovate,White,Temperate,Very High,High
35,180,80,80,0,0,0,0,2,0,1,2,1,3,0,108.7,82.9,Ovate,White,Temperate,Very High,High
180,35,80,80,0,0,0,0,0,2,2,1,3,1,0,107.3,74.4,Ovate,White,Tropical,Very High,High
35,180,80,80,0,0,0,0,2,0,1,2,1,3,0,108.4,82.2,Ovate,White,Tropical,Very High,High
180,35,80,80,0,0,0,0,0,2,2,1,3,1,0,111.1,80.2,Ovate,White,Temperate,Very High,High
35,180,80,80,0,0,0,0,2,0,1,2,1,3,0,112.2,75.9,Ovate,White,Temperate,Very High,High
180,35,80,80,0,0,0,0,0,2,2,1,3,1,0,96.9,81.3,Ovate,White,Tropical,Very High,High
35,180,80,80,0,0,0,0,2,0,1,2,1,3,0,106.2,79.0,Ovate,White,Tropical,Very High,High
180,35,80,80,0,0,0,0,0,2,2,1,3,1,0,112.0,77.8,Ovate,White,Tropical,Very High,High
35,180,80,80,0,0,0,0,2,0,1,2,1,3,0,92.0,76.2,Ovate,White,Temperate,Very High,High
180,35,80,80,0,0,0,0,0,2,2,1,3,1,0,98.4,77.5,Ovate,White,Tropical,Very High,High
35,180,80,80,0,0,0,0,2,0,1,2,1,3,0,104.1,78.2,Ovate,White,Tropical,Very High,High
180,35,80,80,0,0,0,0,0,2,2,1,3,1,0,102.8,92.7,Ovate,White,Tropical,Very High,High
35,180,80,80,0,0,0,0,2,0,1,2,1,3,0,113.6,82.0,Ovate,White,Tropical,Very High,High
180,35,80,80,0,0,0,0,0,2,2,1,3,1,0,114.9,78.3,Ovate,White,Tropical,Very High,High
35,100,80,95,0,0,0,2,2,2,1,2,1,4,0,66.0,88.3,Ovate,White,Temperate,Very High,High
100,35,95,80,0,0,2,0,2,2,2,1,4,1,0,70.0,93.8,Ovate,Purple,Temperate,Very High,High
35,100,80,95,0,0,0,2,2,2,1,2,1,4,0,67.0,88.1,Ovate,Purple,Temperate,Very High,High
100,35,95,80,0,0,2,0,2,2,2,1,4,1,0,65.3,85.1,Ovate,Intermediate,Temperate,Very High,High
35,100,80,95,0,0,0,2,2,2,1,2,1,4,0,65.3,86.7,Ovate,Intermediate,Temperate,Very High,High
100,35,95,80,0,0,2,0,2,2,2,1,4,1,0,68.8,87.6,Ovate,Intermediate,Temperate,Very High,High
35,100,80,95,0,0,0,2,2,2,1,2,1,4,0,68.0,87.6,Ovate,Intermediate,Temperate,Very High,High
100,35,95,80,0,0,2,0,2,2,2,1,4,1,0,67.2,84.4,Ovate,White,Temperate,Very High,High
35,100,80,95,0,0,0,2,2,2,1,2,1,4,0,70.9,87.2,Ovate,Purple,Temperate,Very High,High
100,35,95,80,0,0,2,0,2,2,2,1,4,1,0,72.7,84.2,Ovate,Intermediate,Temperate,Very High,High
35,100,80,95,0,0,0,2,2,2,1,2,1,4,0,69.2,91.0,Ovate,Purple,Temperate,Very High,High
100,35,95,80,0,0,2,0,2,2,2,1,4,1,0,66.5,85.2,Ovate,White,Temperate,Very High,High
35,100,80,95,0,0,0,2,2,2,1,2,1,4,0,63.3,89.4,Ovate,Intermediate,Temperate,Very High,High
100,35,95,80,0,0,2,0,2,2,2,1,4,1,0,70.1,91.6,Ovate,White,Temperate,Very High,High
35,100,80,95,0,0,0,2,2,2,1,2,1,4,0,63.4,88.0,Ovate,White,Temperate,Very High,High
100,35,95,80,0,0,2,0,2,2,2,1,4,1,0,64.8,87.5,Ovate,White,Temperate,Very High,High
35,50,80,130,0,9,0,1,2,8,1,1,1,3,0,42.4,106.8,Ovate,Yellow,Temperate,Moderate,High
50,35,130,80,9,0,1,0,8,2,1,1,3,1,0,41.9,109.4,Compound,Yellow,Tropical/Subtropical,Moderate,High
35,50,80,130,0,9,0,1,2,8,1,1,1,3,0,45.1,108.8,Ovate,Yellow,Tropical/Subtropical,Moderate,High
50,35,130,80,9,0,1,0,8,2,1,1,3,1,0,43.5,102.0,Compound,Intermediate,Temperate,Moderate,High
35,50,80,130,0,9,0,1,2,8,1,1,1,3,0,41.7,103.8,Intermediate,Intermediate,Tropical/Subtropical,Moderate,High
50,35,130,80,9,0,1,0,8,2,1,1,3,1,0,43.1,109.0,Ovate,Intermediate,Temperate,Moderate,High
35,50,80,130,0,9,0,1,2,8,1,1,1,3,0,46.7,109.5,Intermediate,Intermediate,Tropical/Subtropical,Moderate,High
50,35,130,80,9,0,1,0,8,2,1,1,3,1,0,41.5,97.7,Compound,Yellow,Temperate,Moderate,High
35,50,80,130,0,9,0,1,2,8,1,1,1,3,0,39.0,107.0,Ovate,White,Tropical/Subtropical,Moderate,High
50,35,130,80,9,0,1,0,8,2,1,1,3,1,0,41.3,102.9,Compound,White,Temperate,Moderate,High
35,50,80,130,0,9,0,1,2,8,1,1,1,3,0,43.1,105.6,Intermediate,Yellow,Tropical/Subtropical,Moderate,High
50,35,130,80,9,0,1,0,8,2,1,1,3,1,0,46.3,104.8,Intermediate,Intermediate,Tropical/Subtropical,Moderate,High
35,50,80,130,0,9,0,1,2,8,1,1,1,3,0,39.2,112.6,Compound,Intermediate,Temperate,Moderate,High
50,35,130,80,9,0,1,0,8,2,1,1,3,1,0,42.4,109.0,Compound,White,Tropical/Subtropical,Moderate,High
35,50,80,130,0,9,0,1,2,8,1,1,1,3,0,41.0,106.8,Intermediate,Intermediate,Temperate,Moderate,High
50,35,130,80,9,0,1,0,8,2,1,1,3,1,0,43.4,103.7,Compound,Yellow,Temperate,Moderate,High
35,70,80,90,0,7,0,0,2,6,1,1,1,4,1,53.4,87.4,Intermediate,White,Temperate,Moderate,High
70,35,90,80,7,0,0,0,6,2,1,1,4,1,1,50.7,91.6,Ovate,White,Cool Temperate,Moderate,High
35,70,80,90,0,7,0,0,2,6,1,1,1,4,1,51.7,90.8,Intermediate,White,Cool Temperate,Moderate,High
70,35,90,80,7,0,0,0,6,2,1,1,4,1,1,54.6,91.4,Intermediate,White,Temperate,Moderate,High
35,70,80,90,0,7,0,0,2,6,1,1,1,4,1,50.1,79.5,Pinnate,White,Cool Temperate,Moderate,High
70,35,90,80,7,0,0,0,6,2,1,1,4,1,1,50.8,82.6,Ovate,White,Temperate,Moderate,High
35,70,80,90,0,7,0,0,2,6,1,1,1,4,1,54.4,90.2,Pinnate,White,Cool Temperate,Moderate,High
70,35,90,80,7,0,0,0,6,2,1,1,4,1,1,53.3,89.3,Ovate,White,Cool Temperate,Moderate,High
35,70,80,90,0,7,0,0,2,6,1,1,1,4,1,51.8,85.4,Ovate,White,Cool Temperate,Moderate,High
70,35,90,80,7,0,0,0,6,2,1,1,4,1,1,49.8,87.5,Ovate,White,Cool Temperate,Moderate,High
35,70,80,90,0,7,0,0,2,6,1,1,1,4,1,53.1,91.8,Pinnate,White,Temperate,Moderate,High
70,35,90,80,7,0,0,0,6,2,1,1,4,1,1,46.9,82.4,Intermediate,White,Cool Temperate,Moderate,High
35,70,80,90,0,7,0,0,2,6,1,1,1,4,1,52.7,87.4,Pinnate,White,Cool Temperate,Moderate,High
70,35,90,80,7,0,0,0,6,2,1,1,4,1,1,50.2,86.1,Ovate,White,Temperate,Moderate,High
35,70,80,90,0,7,0,0,2,6,1,1,1,4,1,55.8,90.6,Intermediate,White,Temperate,Moderate,High
70,35,90,80,7,0,0,0,6,2,1,1,4,1,1,53.8,81.4,Intermediate,White,Temperate,Moderate,High
35,30,80,100,0,5,0,2,2,8,1,2,1,3,0,30.1,88.0,Cordate,Purple,Tropical/Subtropical,Very High,High
30,35,100,80,5,0,2,0,8,2,2,1,3,1,0,31.8,94.4,Intermediate,Purple,Temperate,Very High,High
35,30,80,100,0,5,0,2,2,8,1,2,1,3,0,34.2,92.1,Ovate,White,Temperate,Very High,High
30,35,100,80,5,0,2,0,8,2,2,1,3,1,0,34.4,90.1,Cordate,Intermediate,Temperate,Very High,High
35,30,80,100,0,5,0,2,2,8,1,2,1,3,0,34.3,92.4,Ovate,Intermediate,Temperate,Very High,High
30,35,100,80,5,0,2,0,8,2,2,1,3,1,0,31.8,93.8,Intermediate,Intermediate,Temperate,Very High,High
35,30,80,100,0,5,0,2,2,8,1,2,1,3,0,31.2,85.5,Intermediate,White,Temperate,Very High,High
30,35,100,80,5,0,2,0,8,2,2,1,3,1,0,31.1,86.2,Intermediate,White,Tropical/Subtropical,Very High,High
35,30,80,100,0,5,0,2,2,8,1,2,1,3,0,32.9,90.6,Ovate,White,Tropical/Subtropical,Very High,High
30,35,100,80,5,0,2,0,8,2,2,1,3,1,0,29.4,87.6,Ovate,Purple,Temperate,Very High,High
35,30,80,100,0,5,0,2,2,8,1,2,1,3,0,31.6,86.5,Ovate,Purple,Temperate,Very High,High
30,35,100,80,5,0,2,0,8,2,2,1,3,1,0,32.0,84.5,Ovate,Intermediate,Temperate,Very High,High
35,30,80,100,0,5,0,2,2,8,1,2,1,3,0,34.6,91.9,Cordate,Intermediate,Temperate,Very High,High
30,35,100,80,5,0,2,0,8,2,2,1,3,1,0,32.7,86.6,Intermediate,Intermediate,Temperate,Very High,High
35,30,80,100,0,5,0,2,2,8,1,2,1,3,0,33.3,94.1,Cordate,Intermediate,Temperate,Very High,High
30,35,100,80,5,0,2,0,8,2,2,1,3,1,0,32.1,92.3,Intermediate,Intermediate,Tropical/Subtropical,Very High,High
35,300,80,270,0,4,0,0,2,0,1,3,1,4,0,180.3,165.7,Intermediate,White,Temperate,Very High,High
300,35,270,80,4,0,0,0,0,2,3,1,4,1,0,171.2,167.3,Intermediate,White,Temperate,Very High,High
35,300,80,270,0,4,0,0,2,0,1,3,1,4,0,166.2,184.9,Intermediate,White,Tropical,Very High,High
300,35,270,80,4,0,0,0,0,2,3,1,4,1,0,150.1,175.6,Intermediate,White,Temperate,Very High,High
35,300,80,270,0,4,0,0,2,0,1,3,1,4,0,155.5,165.2,Palmate,White,Tropical,Very High,High
300,35,270,80,4,0,0,0,0,2,3,1,4,1,0,167.3,171.4,Intermediate,White,Temperate,Very High,High
35,300,80,270,0,4,0,0,2,0,1,3,1,4,0,167.6,175.4,Palmate,White,Temperate,Very High,High
300,35,270,80,4,0,0,0,0,2,3,1,4,1,0,180.9,176.8,Ovate,White,Tropical,Very High,High
35,300,80,270,0,4,0,0,2,0,1,3,1,4,0,173.9,187.5,Intermediate,White,Temperate,Very High,High
300,35,270,80,4,0,0,0,0,2,3,1,4,1,0,164.0,175.8,Intermediate,White,Temperate,Very High,High
35,300,80,270,0,4,0,0,2,0,1,3,1,4,0,171.5,164.6,Ovate,White,Temperate,Very High,High
300,35,270,80,4,0,0,0,0,2,3,1,4,1,0,167.2,187.8,Intermediate,White,Tropical,Very High,High
35,300,80,270,0,4,0,0,2,0,1,3,1,4,0,172.4,175.7,Palmate,White,Temperate,Very High,High
300,35,270,80,4,0,0,0,0,2,3,1,4,1,0,164.5,195.1,Palmate,White,Tropical,Very High,High
35,300,80,270,0,4,0,0,2,0,1,3,1,4,0,168.2,165.4,Intermediate,White,Tropical,Very High,High
300,35,270,80,4,0,0,0,0,2,3,1,4,1,0,164.5,178.1,Intermediate,White,Temperate,Very High,High
35,50,80,70,0,6,0,1,2,6,1,1,1,3,0,43.2,72.2,Ovate,Intermediate,Temperate,Moderate,High
50,35,70,80,6,0,1,0,6,2,1,1,3,1,0,42.9,76.4,Oblong,Yellow,Cool Temperate,Moderate,High
35,50,80,70,0,6,0,1,2,6,1,1,1,3,0,43.9,75.4,Intermediate,Yellow,Cool Temperate,Moderate,High
50,35,70,80,6,0,1,0,6,2,1,1,3,1,0,39.8,75.1,Ovate,Yellow,Temperate,Moderate,High
35,50,80,70,0,6,0,1,2,6,1,1,1,3,0,43.3,75.7,Intermediate,Yellow,Temperate,Moderate,High
50,35,70,80,6,0,1,0,6,2,1,1,3,1,0,44.1,76.6,Oblong,Intermediate,Cool Temperate,Moderate,High
35,50,80,70,0,6,0,1,2,6,1,1,1,3,0,42.8,78.2,Ovate,White,Temperate,Moderate,High
50,35,70,80,6,0,1,0,6,2,1,1,3,1,0,40.5,73.5,Intermediate,White,Cool Temperate,Moderate,High
35,50,80,70,0,6,0,1,2,6,1,1,1,3,0,43.2,71.7,Intermediate,Yellow,Cool Temperate,Moderate,High
50,35,70,80,6,0,1,0,6,2,1,1,3,1,0,43.8,71.7,Intermediate,Intermediate,Temperate,Moderate,High
35,50,80,70,0,6,0,1,2,6,1,1,1,3,0,41.9,72.3,Intermediate,Yellow,Cool Temperate,Moderate,High
50,35,70,80,6,0,1,0,6,2,1,1,3,1,0,45.6,71.5,Intermediate,Intermediate,Cool Temperate,Moderate,High
35,50,80,70,0,6,0,1,2,6,1,1,1,3,0,38.3,75.9,Intermediate,Intermediate,Temperate,Moderate,High
50,35,70,80,6,0,1,0,6,2,1,1,3,1,0,44.1,77.6,Ovate,Intermediate,Temperate,Moderate,High
35,50,80,70,0,6,0,1,2,6,1,1,1,3,0,41.8,80.0,Intermediate,White,Temperate,Moderate,High
50,35,70,80,6,0,1,0,6,2,1,1,3,1,0,43.2,78.0,Oblong,Intermediate,Temperate,Moderate,High
35,130,80,100,0,10,0,1,2,2,1,2,1,4,0,78.6,89.8,Ovate,Intermediate,Temperate,Very High,High
130,35,100,80,10,0,1,0,2,2,2,1,4,1,0,78.9,88.3,Lobed,Yellow,Temperate,Very High,High
35,130,80,100,0,10,0,1,2,2,1,2,1,4,0,88.2,90.2,Lobed,Intermediate,Temperate,Very High,High
130,35,100,80,10,0,1,0,2,2,2,1,4,1,0,78.1,88.7,Lobed,White,Temperate,Very High,High
35,130,80,100,0,10,0,1,2,2,1,2,1,4,0,80.3,96.3,Intermediate,Intermediate,Temperate,Very High,High
130,35,100,80,10,0,1,0,2,2,2,1,4,1,0,83.7,84.5,Intermediate,Yellow,Temperate,Very High,High
35,130,80,100,0,10,0,1,2,2,1,2,1,4,0,78.5,98.0,Intermediate,Intermediate,Temperate,Very High,High
130,35,100,80,10,0,1,0,2,2,2,1,4,1,0,78.6,88.6,Intermediate,Yellow,Temperate,Very High,High
35,130,80,100,0,10,0,1,2,2,1,2,1,4,0,80.5,89.0,Intermediate,Intermediate,Temperate,Very High,High
130,35,100,80,10,0,1,0,2,2,2,1,4,1,0,81.6,89.1,Intermediate,Intermediate,Temperate,Very High,High
35,130,80,100,0,10,0,1,2,2,1,2,1,4,0,92.3,83.3,Intermediate,Intermediate,Temperate,Very High,High
130,35,100,80,10,0,1,0,2,2,2,1,4,1,0,83.7,82.6,Ovate,Intermediate,Temperate,Very High,High
35,130,80,100,0,10,0,1,2,2,1,2,1,4,0,86.4,95.8,Lobed,Intermediate,Temperate,Very High,High
130,35,100,80,10,0,1,0,2,2,2,1,4,1,0,77.7,90.2,Ovate,White,Temperate,Very High,High
35,130,80,100,0,10,0,1,2,2,1,2,1,4,0,82.9,95.1,Intermediate,White,Temperate,Very High,High
130,35,100,80,10,0,1,0,2,2,2,1,4,1,0,82.9,82.1,Intermediate,Intermediate,Temperate,Very High,High
35,150,80,150,0,4,0,0,2,1,1,1,1,3,0,94.2,118.9,Palmate,White,Subtropical,Moderate,High
150,35,150,80,4,0,0,0,1,2,1,1,3,1,0,98.3,115.5,Ovate,White,Temperate,Moderate,High
35,150,80,150,0,4,0,0,2,1,1,1,1,3,0,93.0,114.2,Ovate,White,Temperate,Moderate,High
150,35,150,80,4,0,0,0,1,2,1,1,3,1,0,94.9,111.2,Intermediate,White,Temperate,Moderate,High
35,150,80,150,0,4,0,0,2,1,1,1,1,3,0,89.2,121.7,Ovate,White,Subtropical,Moderate,High
150,35,150,80,4,0,0,0,1,2,1,1,3,1,0,95.7,116.4,Intermediate,White,Subtropical,Moderate,High
35,150,80,150,0,4,0,0,2,1,1,1,1,3,0,78.6,111.1,Intermediate,White,Temperate,Moderate,High
150,35,150,80,4,0,0,0,1,2,1,1,3,1,0,94.7,121.0,Intermediate,White,Temperate,Moderate,High
35,150,80,150,0,4,0,0,2,1,1,1,1,3,0,92.9,113.4,Ovate,White,Subtropical,Moderate,High
150,35,150,80,4,0,0,0,1,2,1,1,3,1,0,98.8,116.5,Palmate,White,Temperate,Moderate,High
35,150,80,150,0,4,0,0,2,1,1,1,1,3,0,98.4,111.9,Ovate,White,Temperate,Moderate,High
150,35,150,80,4,0,0,0,1,2,1,1,3,1,0,95.9,118.3,Intermediate,White,Subtropical,Moderate,High
35,150,80,150,0,4,0,0,2,1,1,1,1,3,0,94.2,116.5,Intermediate,White,Subtropical,Moderate,High
150,35,150,80,4,0,0,0,1,2,1,1,3,1,0,88.7,116.1,Intermediate,White,Subtropical,Moderate,High
35,150,80,150,0,4,0,0,2,1,1,1,1,3,0,98.3,121.8,Ovate,White,Temperate,Moderate,High
150,35,150,80,4,0,0,0,1,2,1,1,3,1,0,97.7,108.6,Intermediate,White,Temperate,Moderate,High
35,200,80,170,0,4,0,1,2,0,1,2,1,1,0,118.0,124.2,Intermediate,Intermediate,Temperate,Very High,Moderate
200,35,170,80,4,0,1,0,0,2,2,1,1,1,0,118.3,130.9,Palmate,Yellow,Tropical,Very High,Moderate
35,200,80,170,0,4,0,1,2,0,1,2,1,1,0,114.8,123.4,Palmate,Yellow,Temperate,Very High,Moderate
200,35,170,80,4,0,1,0,0,2,2,1,1,1,0,129.9,123.1,Ovate,Yellow,Temperate,Very High,Moderate
35,200,80,170,0,4,0,1,2,0,1,2,1,1,0,124.5,122.5,Intermediate,White,Tropical,Very High,Moderate
200,35,170,80,4,0,1,0,0,2,2,1,1,1,0,113.3,123.2,Intermediate,Intermediate,Tropical,Very High,Moderate
35,200,80,170,0,4,0,1,2,0,1,2,1,1,0,112.9,136.1,Ovate,White,Tropical,Very High,Moderate
200,35,170,80,4,0,1,0,0,2,2,1,1,1,0,122.0,126.3,Ovate,White,Temperate,Very High,Moderate
35,200,80,170,0,4,0,1,2,0,1,2,1,1,0,114.4,121.5,Palmate,White,Tropical,Very High,Moderate
200,35,170,80,4,0,1,0,0,2,2,1,1,1,0,114.7,135.1,Ovate,Intermediate,Temperate,Very High,Moderate
35,200,80,170,0,4,0,1,2,0,1,2,1,1,0,117.2,127.6,Ovate,Intermediate,Temperate,Very High,Moderate
200,35,170,80,4,0,1,0,0,2,2,1,1,1,0,113.9,118.7,Intermediate,Yellow,Tropical,Very High,Moderate
35,200,80,170,0,4,0,1,2,0,1,2,1,1,0,115.7,130.6,Intermediate,Intermediate,Temperate,Very High,Moderate
200,35,170,80,4,0,1,0,0,2,2,1,1,1,0,123.4,125.9,Ovate,White,Tropical,Very High,Moderate
35,200,80,170,0,4,0,1,2,0,1,2,1,1,0,117.9,125.2,Intermediate,Yellow,Tropical,Very High,Moderate
200,35,170,80,4,0,1,0,0,2,2,1,1,1,0,118.2,128.7,Ovate,Intermediate,Tropical,Very High,Moderate
35,180,80,90,0,2,0,3,2,8,1,1,1,3,1,113.8,84.0,Intermediate,Intermediate,Tropical/Subtropical,Moderate,High
180,35,90,80,2,0,3,0,8,2,1,1,3,1,1,116.9,86.1,Elliptical,Intermediate,Temperate,Moderate,High
35,180,80,90,0,2,0,3,2,8,1,1,1,3,1,109.9,86.1,Elliptical,Pink,Tropical/Subtropical,Moderate,High
180,35,90,80,2,0,3,0,8,2,1,1,3,1,1,102.2,89.0,Elliptical,White,Temperate,Moderate,High
35,180,80,90,0,2,0,3,2,8,1,1,1,3,1,114.4,92.5,Ovate,Intermediate,Temperate,Moderate,High
180,35,90,80,2,0,3,0,8,2,1,1,3,1,1,103.6,73.0,Intermediate,Pink,Tropical/Subtropical,Moderate,High
35,180,80,90,0,2,0,3,2,8,1,1,1,3,1,103.0,80.1,Ovate,Intermediate,Temperate,Moderate,High
180,35,90,80,2,0,3,0,8,2,1,1,3,1,1,103.4,85.2,Elliptical,White,Temperate,Moderate,High
35,180,80,90,0,2,0,3,2,8,1,1,1,3,1,106.7,87.6,Intermediate,White,Temperate,Moderate,High
180,35,90,80,2,0,3,0,8,2,1,1,3,1,1,105.7,84.9,Elliptical,Intermediate,Temperate,Moderate,High
35,180,80,90,0,2,0,3,2,8,1,1,1,3,1,103.4,88.0,Elliptical,Intermediate,Tropical/Subtropical,Moderate,High
180,35,90,80,2,0,3,0,8,2,1,1,3,1,1,110.7,91.8,Elliptical,Intermediate,Tropical/Subtropical,Moderate,High
35,180,80,90,0,2,0,3,2,8,1,1,1,3,1,105.2,86.8,Elliptical,Pink,Temperate,Moderate,High
180,35,90,80,2,0,3,0,8,2,1,1,3,1,1,99.2,82.4,Intermediate,Intermediate,Temperate,Moderate,High
35,180,80,90,0,2,0,3,2,8,1,1,1,3,1,109.5,79.5,Ovate,Intermediate,Temperate,Moderate,High
180,35,90,80,2,0,3,0,8,2,1,1,3,1,1,108.9,81.5,Intermediate,Intermediate,Tropical/Subtropical,Moderate,High
35,100,80,80,0,0,0,1,2,2,1,3,1,1,1,67.5,80.1,Ovate,Yellow,Temperate,Very High,Moderate
100,35,80,80,0,0,1,0,2,2,3,1,1,1,1,65.2,85.4,Ovate,Yellow,Temperate,Very High,Moderate
35,100,80,80,0,0,0,1,2,2,1,3,1,1,1,66.5,73.8,Ovate,White,Temperate,Very High,Moderate
100,35,80,80,0,0,1,0,2,2,3,1,1,1,1,69.3,75.6,Ovate,Yellow,Temperate,Very High,Moderate
35,100,80,80,0,0,0,1,2,2,1,3,1,1,1,69.5,82.0,Ovate,Intermediate,Temperate,Very High,Moderate
100,35,80,80,0,0,1,0,2,2,3,1,1,1,1,59.6,80.3,Ovate,White,Temperate,Very High,Moderate
35,100,80,80,0,0,0,1,2,2,1,3,1,1,1,69.6,76.7,Ovate,Yellow,Temperate,Very High,Moderate
100,35,80,80,0,0,1,0,2,2,3,1,1,1,1,72.4,78.3,Ovate,White,Temperate,Very High,Moderate
35,100,80,80,0,0,0,1,2,2,1,3,1,1,1,70.2,82.1,Ovate,Yellow,Temperate,Very High,Moderate
100,35,80,80,0,0,1,0,2,2,3,1,1,1,1,64.4,74.7,Ovate,Intermediate,Temperate,Very High,Moderate
35,100,80,80,0,0,0,1,2,2,1,3,1,1,1,69.0,84.3,Ovate,Yellow,Temperate,Very High,Moderate
100,35,80,80,0,0,1,0,2,2,3,1,1,1,1,69.2,79.8,Ovate,Yellow,Temperate,Very High,Moderate
35,100,80,80,0,0,0,1,2,2,1,3,1,1,1,63.7,80.4,Ovate,White,Temperate,Very High,Moderate
100,35,80,80,0,0,1,0,2,2,3,1,1,1,1,63.8,82.5,Ovate,White,Temperate,Very High,Moderate
35,100,80,80,0,0,0,1,2,2,1,3,1,1,1,68.5,89.7,Ovate,Intermediate,Temperate,Very High,Moderate
100,35,80,80,0,0,1,0,2,2,3,1,1,1,1,68.9,75.0,Ovate,Intermediate,Temperate,Very High,Moderate
35,300,80,110,0,3,0,0,2,4,1,3,1,3,0,181.9,93.2,Linear,White,Arid,Very High,High
300,35,110,80,3,0,0,0,4,2,3,1,3,1,0,167.1,98.5,Linear,White,Temperate,Very High,High
35,300,80,110,0,3,0,0,2,4,1,3,1,3,0,159.8,97.9,Intermediate,White,Temperate,Very High,High
300,35,110,80,3,0,0,0,4,2,3,1,3,1,0,167.8,102.8,Ovate,White,Arid,Very High,High
35,300,80,110,0,3,0,0,2,4,1,3,1,3,0,184.5,97.5,Ovate,White,Arid,Very High,High
300,35,110,80,3,0,0,0,4,2,3,1,3,1,0,144.2,96.5,Ovate,White,Arid,Very High,High
35,300,80,110,0,3,0,0,2,4,1,3,1,3,0,164.5,98.0,Intermediate,White,Arid,Very High,High
300,35,110,80,3,0,0,0,4,2,3,1,3,1,0,170.0,85.0,Intermediate,White,Arid,Very High,High
35,300,80,110,0,3,0,0,2,4,1,3,1,3,0,179.8,97.2,Intermediate,White,Temperate,Very High,High
300,35,110,80,3,0,0,0,4,2,3,1,3,1,0,162.5,92.1,Ovate,White,Temperate,Very High,High
35,300,80,110,0,3,0,0,2,4,1,3,1,3,0,167.2,99.4,Ovate,White,Temperate,Very High,High
300,35,110,80,3,0,0,0,4,2,3,1,3,1,0,154.8,92.2,Linear,White,Temperate,Very High,High
35,300,80,110,0,3,0,0,2,4,1,3,1,3,0,182.0,93.9,Intermediate,White,Temperate,Very High,High
300,35,110,80,3,0,0,0,4,2,3,1,3,1,0,161.8,94.2,Linear,White,Arid,Very High,High
35,300,80,110,0,3,0,0,2,4,1,3,1,3,0,169.9,99.2,Linear,White,Temperate,Very High,High
300,35,110,80,3,0,0,0,4,2,3,1,3,1,0,179.9,104.7,Ovate,White,Arid,Very High,High
35,250,80,90,0,3,0,2,2,5,1,3,1,1,0,134.9,85.6,Intermediate,Intermediate,Temperate,Very High,Moderate
250,35,90,80,3,0,2,0,5,2,3,1,1,1,0,142.4,84.6,Linear,Intermediate,Semi-Arid,Very High,Moderate
35,250,80,90,0,3,0,2,2,5,1,3,1,1,0,129.8,91.4,Intermediate,White,Semi-Arid,Very High,Moderate
250,35,90,80,3,0,2,0,5,2,3,1,1,1,0,139.6,80.1,Linear,Purple,Semi-Arid,Very High,Moderate
35,250,80,90,0,3,0,2,2,5,1,3,1,1,0,151.5,82.2,Intermediate,Purple,Semi-Arid,Very High,Moderate
250,35,90,80,3,0,2,0,5,2,3,1,1,1,0,143.7,86.4,Ovate,Purple,Semi-Arid,Very High,Moderate
35,250,80,90,0,3,0,2,2,5,1,3,1,1,0,144.5,82.9,Linear,White,Semi-Arid,Very High,Moderate
250,35,90,80,3,0,2,0,5,2,3,1,1,1,0,129.2,86.7,Intermediate,Intermediate,Semi-Arid,Very High,Moderate
35,250,80,90,0,3,0,2,2,5,1,3,1,1,0,136.7,83.1,Ovate,Purple,Temperate,Very High,Moderate
250,35,90,80,3,0,2,0,5,2,3,1,1,1,0,142.9,88.7,Linear,Intermediate,Temperate,Very High,Moderate
35,250,80,90,0,3,0,2,2,5,1,3,1,1,0,137.9,80.5,Linear,White,Temperate,Very High,Moderate
250,35,90,80,3,0,2,0,5,2,3,1,1,1,0,149.1,80.2,Intermediate,Intermediate,Temperate,Very High,Moderate
35,250,80,90,0,3,0,2,2,5,1,3,1,1,0,146.5,91.6,Linear,Intermediate,Semi-Arid,Very High,Moderate
250,35,90,80,3,0,2,0,5,2,3,1,1,1,0,134.9,86.9,Intermediate,Purple,Semi-Arid,Very High,Moderate
35,250,80,90,0,3,0,2,2,5,1,3,1,1,0,136.1,84.9,Linear,Intermediate,Temperate,Very High,Moderate
250,35,90,80,3,0,2,0,5,2,3,1,1,1,0,146.9,79.8,Linear,Intermediate,Temperate,Very High,Moderate
35,100,80,65,0,7,0,1,2,0,1,2,1,3,1,72.7,71.1,Intermediate,Intermediate,Temperate,Very High,High
100,35,65,80,7,0,1,0,0,2,2,1,3,1,1,60.6,73.9,Intermediate,Yellow,Tropical,Very High,High
35,100,80,65,0,7,0,1,2,0,1,2,1,3,1,66.8,75.3,Intermediate,Intermediate,Tropical,Very High,High
100,35,65,80,7,0,1,0,0,2,2,1,3,1,1,63.5,71.4,Ovate,Intermediate,Temperate,Very High,High
35,100,80,65,0,7,0,1,2,0,1,2,1,3,1,75.3,63.8,Intermediate,White,Temperate,Very High,High
100,35,65,80,7,0,1,0,0,2,2,1,3,1,1,68.8,73.5,Intermediate,Intermediate,Tropical,Very High,High
35,100,80,65,0,7,0,1,2,0,1,2,1,3,1,68.6,69.9,Intermediate,White,Temperate,Very High,High
100,35,65,80,7,0,1,0,0,2,2,1,3,1,1,65.7,72.2,Intermediate,White,Tropical,Very High,High
35,100,80,65,0,7,0,1,2,0,1,2,1,3,1,61.2,72.6,Intermediate,Yellow,Temperate,Very High,High
100,35,65,80,7,0,1,0,0,2,2,1,3,1,1,71.7,73.6,Ovate,Yellow,Temperate,Very High,High
35,100,80,65,0,7,0,1,2,0,1,2,1,3,1,72.5,69.5,Intermediate,Yellow,Tropical,Very High,High
100,35,65,80,7,0,1,0,0,2,2,1,3,1,1,73.9,73.1,Intermediate,Intermediate,Tropical,Very High,High
35,100,80,65,0,7,0,1,2,0,1,2,1,3,1,65.9,70.1,Pinnate,Intermediate,Temperate,Very High,High
100,35,65,80,7,0,1,0,0,2,2,1,3,1,1,65.3,70.2,Intermediate,Yellow,Tropical,Very High,High
35,100,80,65,0,7,0,1,2,0,1,2,1,3,1,67.7,72.7,Pinnate,Intermediate,Tropical,Very High,High
100,35,65,80,7,0,1,0,0,2,2,1,3,1,1,64.7,72.6,Ovate,Intermediate,Tropical,Very High,High
35,30,80,75,0,7,0,0,2,6,1,1,1,3,0,31.6,79.6,Intermediate,White,Cool Temperate,Moderate,High
30,35,75,80,7,0,0,0,6,2,1,1,3,1,0,35.2,71.6,Pinnate,White,Temperate,Moderate,High
35,30,80,75,0,7,0,0,2,6,1,1,1,3,0,30.4,80.7,Ovate,White,Temperate,Moderate,High
30,35,75,80,7,0,0,0,6,2,1,1,3,1,0,31.4,83.2,Intermediate,White,Cool Temperate,Moderate,High
35,30,80,75,0,7,0,0,2,6,1,1,1,3,0,32.6,74.5,Intermediate,White,Temperate,Moderate,High
30,35,75,80,7,0,0,0,6,2,1,1,3,1,0,33.2,74.7,Pinnate,White,Temperate,Moderate,High
35,30,80,75,0,7,0,0,2,6,1,1,1,3,0,32.2,78.0,Pinnate,White,Temperate,Moderate,High
30,35,75,80,7,0,0,0,6,2,1,1,3,1,0,33.0,74.5,Pinnate,White,Cool Temperate,Moderate,High
35,30,80,75,0,7,0,0,2,6,1,1,1,3,0,35.6,72.7,Ovate,White,Cool Temperate,Moderate,High
30,35,75,80,7,0,0,0,6,2,1,1,3,1,0,32.7,85.6,Ovate,White,Cool Temperate,Moderate,High
35,30,80,75,0,7,0,0,2,6,1,1,1,3,0,35.7,75.0,Intermediate,White,Cool Temperate,Moderate,High
30,35,75,80,7,0,0,0,6,2,1,1,3,1,0,30.4,71.6,Ovate,White,Temperate,Moderate,High
35,30,80,75,0,7,0,0,2,6,1,1,1,3,0,34.1,76.2,Intermediate,White,Cool Temperate,Moderate,High
30,35,75,80,7,0,0,0,6,2,1,1,3,1,0,32.6,81.1,Ovate,White,Temperate,Moderate,High
35,30,80,75,0,7,0,0,2,6,1,1,1,3,0,32.0,79.4,Intermediate,White,Temperate,Moderate,High
30,35,75,80,7,0,0,0,6,2,1,1,3,1,0,30.7,74.0,Pinnate,White,Cool Temperate,Moderate,High
45,120,95,75,0,7,2,1,2,8,2,1,3,3,1,81.8,82.4,Intermediate,Yellow,Temperate,Very High,High
120,45,75,95,7,0,1,2,8,2,1,2,3,3,1,81.4,79.3,Intermediate,Purple,Temperate,Very High,High
45,120,95,75,0,7,2,1,2,8,2,1,3,3,1,92.0,88.4,Pinnate,Intermediate,Tropical/Subtropical,Very High,High
120,45,75,95,7,0,1,2,8,2,1,2,3,3,1,80.6,88.5,Intermediate,Intermediate,Tropical/Subtropical,Very High,High
45,120,95,75,0,7,2,1,2,8,2,1,3,3,1,77.5,77.8,Ovate,Intermediate,Tropical/Subtropical,Very High,High
120,45,75,95,7,0,1,2,8,2,1,2,3,3,1,82.3,77.9,Intermediate,Purple,Tropical/Subtropical,Very High,High
45,120,95,75,0,7,2,1,2,8,2,1,3,3,1,78.1,83.0,Ovate,Intermediate,Tropical/Subtropical,Very High,High
120,45,75,95,7,0,1,2,8,2,1,2,3,3,1,83.4,83.1,Ovate,Intermediate,Temperate,Very High,High
45,120,95,75,0,7,2,1,2,8,2,1,3,3,1,80.9,83.4,Intermediate,Intermediate,Tropical/Subtropical,Very High,High
120,45,75,95,7,0,1,2,8,2,1,2,3,3,1,83.0,78.2,Pinnate,Intermediate,Tropical/Subtropical,Very High,High
45,120,95,75,0,7,2,1,2,8,2,1,3,3,1,83.4,88.0,Pinnate,Yellow,Temperate,Very High,High
120,45,75,95,7,0,1,2,8,2,1,2,3,3,1,82.9,86.6,Intermediate,Intermediate,Temperate,Very High,High
45,120,95,75,0,7,2,1,2,8,2,1,3,3,1,82.8,77.0,Intermediate,Purple,Tropical/Subtropical,Very High,High
120,45,75,95,7,0,1,2,8,2,1,2,3,3,1,87.0,89.6,Intermediate,Intermediate,Tropical/Subtropical,Very High,High
45,120,95,75,0,7,2,1,2,8,2,1,3,3,1,74.2,87.4,Ovate,Yellow,Temperate,Very High,High
120,45,75,95,7,0,1,2,8,2,1,2,3,3,1,81.9,84.0,Pinnate,Intermediate,Tropical/Subtropical,Very High,High
45,90,95,70,0,0,2,2,2,8,2,1,3,3,1,67.6,81.5,Ovate,Purple,Tropical/Subtropical,Very High,High
90,45,70,95,0,0,2,2,8,2,1,2,3,3,1,67.7,83.5,Ovate,Purple,Temperate,Very High,High
45,90,95,70,0,0,2,2,2,8,2,1,3,3,1,66.0,81.1,Ovate,Purple,Temperate,Very High,High
90,45,70,95,0,0,2,2,8,2,1,2,3,3,1,73.5,81.6,Ovate,Purple,Tropical/Subtropical,Very High,High
45,90,95,70,0,0,2,2,2,8,2,1,3,3,1,66.9,84.7,Ovate,Purple,Tropical/Subtropical,Very High,High
90,45,70,95,0,0,2,2,8,2,1,2,3,3,1,62.0,77.8,Ovate,Purple,Tropical/Subtropical,Very High,High
45,90,95,70,0,0,2,2,2,8,2,1,3,3,1,72.1,82.7,Ovate,Purple,Temperate,Very High,High
90,45,70,95,0,0,2,2,8,2,1,2,3,3,1,68.5,80.6,Ovate,Purple,Tropical/Subtropical,Very High,High
45,90,95,70,0,0,2,2,2,8,2,1,3,3,1,63.7,85.0,Ovate,Purple,Temperate,Very High,High
90,45,70,95,0,0,2,2,8,2,1,2,3,3,1,66.3,81.7,Ovate,Purple,Tropical/Subtropical,Very High,High
45,90,95,70,0,0,2,2,2,8,2,1,3,3,1,65.6,86.6,Ovate,Purple,Tropical/Subtropical,Very High,High
90,45,70,95,0,0,2,2,8,2,1,2,3,3,1,68.0,80.2,Ovate,Purple,Tropical/Subtropical,Very High,High
45,90,95,70,0,0,2,2,2,8,2,1,3,3,1,67.9,81.9,Ovate,Purple,Temperate,Very High,High
90,45,70,95,0,0,2,2,8,2,1,2,3,3,1,70.3,81.7,Ovate,Purple,Tropical/Subtropical,Very High,High
45,90,95,70,0,0,2,2,2,8,2,1,3,3,1,66.9,78.5,Ovate,Purple,Tropical/Subtropical,Very High,High
90,45,70,95,0,0,2,2,8,2,1,2,3,3,1,66.0,84.2,Ovate,Purple,Tropical/Subtropical,Very High,High
45,75,95,85,0,1,2,0,2,8,2,2,3,3,1,56.2,91.2,Ovate,Intermediate,Tropical/Subtropical,High,High
75,45,85,95,1,0,0,2,8,2,2,2,3,3,1,63.9,89.6,Ovate,Purple,Tropical/Subtropical,High,High
45,75,95,85,0,1,2,0,2,8,2,2,3,3,1,58.9,90.1,Ovate,White,Temperate,High,High
75,45,85,95,1,0,0,2,8,2,2,2,3,3,1,56.5,86.9,Intermediate,Intermediate,Tropical/Subtropical,High,High
45,75,95,85,0,1,2,0,2,8,2,2,3,3,1,56.5,89.1,Intermediate,White,Tropical/Subtropical,High,High
75,45,85,95,1,0,0,2,8,2,2,2,3,3,1,55.9,90.5,Intermediate,Intermediate,Tropical/Subtropical,High,High
45,75,95,85,0,1,2,0,2,8,2,2,3,3,1,58.6,88.9,Intermediate,Intermediate,Tropical/Subtropical,High,High
75,45,85,95,1,0,0,2,8,2,2,2,3,3,1,56.8,92.3,Intermediate,Intermediate,Tropical/Subtropical,High,High
45,75,95,85,0,1,2,0,2,8,2,2,3,3,1,59.4,90.7,Intermediate,Purple,Tropical/Subtropical,High,High
75,45,85,95,1,0,0,2,8,2,2,2,3,3,1,64.7,97.6,Ovate,Purple,Tropical/Subtropical,High,High
45,75,95,85,0,1,2,0,2,8,2,2,3,3,1,55.7,86.8,Ovate,Intermediate,Temperate,High,High
75,45,85,95,1,0,0,2,8,2,2,2,3,3,1,59.7,90.1,Lanceolate,White,Temperate,High,High
45,75,95,85,0,1,2,0,2,8,2,2,3,3,1,56.7,94.4,Intermediate,Intermediate,Tropical/Subtropical,High,High
75,45,85,95,1,0,0,2,8,2,2,2,3,3,1,60.4,79.6,Intermediate,White,Tropical/Subtropical,High,High
45,75,95,85,0,1,2,0,2,8,2,2,3,3,1,62.6,78.5,Intermediate,Purple,Tropical/Subtropical,High,High
75,45,85,95,1,0,0,2,8,2,2,2,3,3,1,55.1,88.4,Ovate,Intermediate,Tropical/Subtropical,High,High
45,80,95,100,0,0,2,0,2,0,2,2,3,1,1,62.3,104.2,Ovate,White,Temperate,High,High
80,45,100,95,0,0,0,2,0,2,2,2,1,3,1,63.7,98.0,Ovate,Intermediate,Temperate,High,High
45,80,95,100,0,0,2,0,2,0,2,2,3,1,1,63.2,94.7,Ovate,Intermediate,Temperate,High,High
80,45,100,95,0,0,0,2,0,2,2,2,1,3,1,60.5,102.3,Ovate,Intermediate,Tropical,High,High
45,80,95,100,0,0,2,0,2,0,2,2,3,1,1,65.5,97.4,Ovate,Purple,Tropical,High,High
80,45,100,95,0,0,0,2,0,2,2,2,1,3,1,62.8,96.1,Ovate,Purple,Tropical,High,High
45,80,95,100,0,0,2,0,2,0,2,2,3,1,1,66.1,97.5,Ovate,White,Temperate,High,High
80,45,100,95,0,0,0,2,0,2,2,2,1,3,1,60.6,98.1,Ovate,Purple,Tropical,High,High
45,80,95,100,0,0,2,0,2,0,2,2,3,1,1,63.4,93.3,Ovate,Purple,Tropical,High,High
80,45,100,95,0,0,0,2,0,2,2,2,1,3,1,60.6,100.1,Ovate,Intermediate,Temperate,High,High
45,80,95,100,0,0,2,0,2,0,2,2,3,1,1,66.6,100.1,Ovate,White,Tropical,High,High
80,45,100,95,0,0,0,2,0,2,2,2,1,3,1,59.5,103.0,Ovate,Intermediate,Temperate,High,High
45,80,95,100,0,0,2,0,2,0,2,2,3,1,1,60.2,103.7,Ovate,Intermediate,Tropical,High,High
80,45,100,95,0,0,0,2,0,2,2,2,1,3,1,58.8,104.1,Ovate,White,Tropical,High,High
45,80,95,100,0,0,2,0,2,0,2,2,3,1,1,60.9,102.5,Ovate,White,Temperate,High,High
80,45,100,95,0,0,0,2,0,2,2,2,1,3,1,60.0,98.3,Ovate,Intermediate,Temperate,High,High
45,250,95,90,0,3,2,1,2,2,2,1,3,4,0,152.2,95.8,Intermediate,Intermediate,Temperate,Very High,Very High
250,45,90,95,3,0,1,2,2,2,1,2,4,3,0,143.2,96.1,Ovate,Yellow,Temperate,Very High,Very High
45,250,95,90,0,3,2,1,2,2,2,1,3,4,0,144.0,99.5,Intermediate,Intermediate,Temperate,Very High,Very High
250,45,90,95,3,0,1,2,2,2,1,2,4,3,0,151.8,99.0,Intermediate,Yellow,Temperate,Very High,Very High
45,250,95,90,0,3,2,1,2,2,2,1,3,4,0,155.3,95.9,Ovate,Intermediate,Temperate,Very High,Very High
250,45,90,95,3,0,1,2,2,2,1,2,4,3,0,143.9,96.5,Linear,Purple,Temperate,Very High,Very High
45,250,95,90,0,3,2,1,2,2,2,1,3,4,0,143.9,85.4,Ovate,Intermediate,Temperate,Very High,Very High
250,45,90,95,3,0,1,2,2,2,1,2,4,3,0,135.2,87.4,Linear,Intermediate,Temperate,Very High,Very High
45,250,95,90,0,3,2,1,2,2,2,1,3,4,0,158.9,85.5,Intermediate,Yellow,Temperate,Very High,Very High
250,45,90,95,3,0,1,2,2,2,1,2,4,3,0,147.1,92.8,Ovate,Purple,Temperate,Very High,Very High
45,250,95,90,0,3,2,1,2,2,2,1,3,4,0,148.2,86.3,Linear,Purple,Temperate,Very High,Very High
250,45,90,95,3,0,1,2,2,2,1,2,4,3,0,156.0,95.8,Linear,Purple,Temperate,Very High,Very High
45,250,95,90,0,3,2,1,2,2,2,1,3,4,0,128.3,91.7,Linear,Intermediate,Temperate,Very High,Very High
250,45,90,95,3,0,1,2,2,2,1,2,4,3,0,149.1,90.4,Ovate,Intermediate,Temperate,Very High,Very High
45,250,95,90,0,3,2,1,2,2,2,1,3,4,0,142.8,90.5,Intermediate,Purple,Temperate,Very High,Very High
250,45,90,95,3,0,1,2,2,2,1,2,4,3,0,150.5,95.2,Intermediate,Intermediate,Temperate,Very High,Very High
45,200,95,75,0,3,2,1,2,2,2,1,3,3,0,119.1,86.4,Ovate,Yellow,Temperate,Very High,High
200,45,75,95,3,0,1,2,2,2,1,2,3,3,0,122.8,82.5,Intermediate,Yellow,Temperate,Very High,High
45,200,95,75,0,3,2,1,2,2,2,1,3,3,0,124.3,90.7,Intermediate,Yellow,Temperate,Very High,High
200,45,75,95,3,0,1,2,2,2,1,2,3,3,0,137.4,81.9,Ovate,Intermediate,Temperate,Very High,High
45,200,95,75,0,3,2,1,2,2,2,1,3,3,0,124.8,87.1,Ovate,Intermediate,Temperate,Very High,High
200,45,75,95,3,0,1,2,2,2,1,2,3,3,0,127.2,76.6,Ovate,Intermediate,Temperate,Very High,High
45,200,95,75,0,3,2,1,2,2,2,1,3,3,0,116.3,89.3,Intermediate,Intermediate,Temperate,Very High,High
200,45,75,95,3,0,1,2,2,2,1,2,3,3,0,113.6,85.2,Intermediate,Purple,Temperate,Very High,High
45,200,95,75,0,3,2,1,2,2,2,1,3,3,0,118.8,79.4,Intermediate,Intermediate,Temperate,Very High,High
200,45,75,95,3,0,1,2,2,2,1,2,3,3,0,124.9,89.4,Intermediate,Intermediate,Temperate,Very High,High
45,200,95,75,0,3,2,1,2,2,2,1,3,3,0,115.0,90.0,Intermediate,Purple,Temperate,Very High,High
200,45,75,95,3,0,1,2,2,2,1,2,3,3,0,127.1,83.8,Intermediate,Intermediate,Temperate,Very High,High
45,200,95,75,0,3,2,1,2,2,2,1,3,3,0,119.1,81.2,Intermediate,Purple,Temperate,Very High,High
200,45,75,95,3,0,1,2,2,2,1,2,3,3,0,127.4,86.0,Intermediate,Intermediate,Temperate,Very High,High
45,200,95,75,0,3,2,1,2,2,2,1,3,3,0,139.2,79.4,Linear,Purple,Temperate,Very High,High
200,45,75,95,3,0,1,2,2,2,1,2,3,3,0,116.8,87.4,Intermediate,Purple,Temperate,Very High,High
45,200,95,120,0,7,2,3,2,2,2,1,3,1,0,120.9,112.3,Ovate,Intermediate,Temperate,Very High,High
200,45,120,95,7,0,3,2,2,2,1,2,1,3,0,134.6,107.1,Ovate,Intermediate,Temperate,Very High,High
45,200,95,120,0,7,2,3,2,2,2,1,3,1,0,119.2,112.6,Ovate,Intermediate,Temperate,Very High,High
200,45,120,95,7,0,3,2,2,2,1,2,1,3,0,122.4,108.4,Pinnate,Pink,Temperate,Very High,High
45,200,95,120,0,7,2,3,2,2,2,1,3,1,0,125.5,105.4,Intermediate,Intermediate,Temperate,Very High,High
200,45,120,95,7,0,3,2,2,2,1,2,1,3,0,118.1,118.0,Pinnate,Pink,Temperate,Very High,High
45,200,95,120,0,7,2,3,2,2,2,1,3,1,0,125.6,112.4,Intermediate,Intermediate,Temperate,Very High,High
200,45,120,95,7,0,3,2,2,2,1,2,1,3,0,125.1,107.4,Pinnate,Intermediate,Temperate,Very High,High
45,200,95,120,0,7,2,3,2,2,2,1,3,1,0,127.1,103.6,Ovate,Purple,Temperate,Very High,High
200,45,120,95,7,0,3,2,2,2,1,2,1,3,0,120.1,104.9,Intermediate,Intermediate,Temperate,Very High,High
45,200,95,120,0,7,2,3,2,2,2,1,3,1,0,124.1,105.0,Intermediate,Purple,Temperate,Very High,High
200,45,120,95,7,0,3,2,2,2,1,2,1,3,0,123.2,107.9,Ovate,Intermediate,Temperate,Very High,High
45,200,95,120,0,7,2,3,2,2,2,1,3,1,0,115.9,109.8,Intermediate,Intermediate,Temperate,Very High,High
200,45,120,95,7,0,3,2,2,2,1,2,1,3,0,134.0,108.4,Intermediate,Purple,Temperate,Very High,High
45,200,95,120,0,7,2,3,2,2,2,1,3,1,0,120.5,111.7,Intermediate,Purple,Temperate,Very High,High
200,45,120,95,7,0,3,2,2,2,1,2,1,3,0,119.0,109.4,Intermediate,Intermediate,Temperate,Very High,High
45,300,95,150,0,7,2,3,2,6,2,2,3,1,0,188.6,122.7,Ovate,Pink,Temperate,High,High
300,45,150,95,7,0,3,2,6,2,2,2,1,3,0,181.5,117.1,Ovate,Pink,Cool Temperate,High,High
45,300,95,150,0,7,2,3,2,6,2,2,3,1,0,154.9,112.1,Pinnate,Purple,Cool Temperate,High,High
300,45,150,95,7,0,3,2,6,2,2,2,1,3,0,183.9,122.1,Intermediate,Purple,Temperate,High,High
45,300,95,150,0,7,2,3,2,6,2,2,3,1,0,163.4,131.0,Ovate,Intermediate,Temperate,High,High
300,45,150,95,7,0,3,2,6,2,2,2,1,3,0,147.9,119.9,Intermediate,Intermediate,Cool Temperate,High,High
45,300,95,150,0,7,2,3,2,6,2,2,3,1,0,169.7,120.4,Ovate,Pink,Temperate,High,High
300,45,150,95,7,0,3,2,6,2,2,2,1,3,0,168.2,123.8,Ovate,Pink,Cool Temperate,High,High
45,300,95,150,0,7,2,3,2,6,2,2,3,1,0,166.6,124.3,Pinnate,Intermediate,Cool Temperate,High,High
300,45,150,95,7,0,3,2,6,2,2,2,1,3,0,146.0,108.1,Intermediate,Intermediate,Temperate,High,High
45,300,95,150,0,7,2,3,2,6,2,2,3,1,0,175.4,121.1,Intermediate,Pink,Cool Temperate,High,High
300,45,150,95,7,0,3,2,6,2,2,2,1,3,0,172.2,112.6,Pinnate,Intermediate,Cool Temperate,High,High
45,300,95,150,0,7,2,3,2,6,2,2,3,1,0,171.2,118.8,Intermediate,Pink,Cool Temperate,High,High
300,45,150,95,7,0,3,2,6,2,2,2,1,3,0,175.3,135.4,Intermediate,Purple,Temperate,High,High
45,300,95,150,0,7,2,3,2,6,2,2,3,1,0,166.7,128.5,Pinnate,Purple,Cool Temperate,High,High
300,45,150,95,7,0,3,2,6,2,2,2,1,3,0,183.6,119.8,Intermediate,Purple,Temperate,High,High
45,300,95,80,0,5,2,1,2,2,2,2,3,4,0,164.2,85.8,Cordate,Purple,Temperate,High,Very High
300,45,80,95,5,0,1,2,2,2,2,2,4,3,0,178.2,87.6,Cordate,Intermediate,Temperate,High,Very High
45,300,95,80,0,5,2,1,2,2,2,2,3,4,0,180.0,81.2,Cordate,Yellow,Temperate,High,Very High
300,45,80,95,5,0,1,2,2,2,2,2,4,3,0,159.3,92.8,Intermediate,Intermediate,Temperate,High,Very High
45,300,95,80,0,5,2,1,2,2,2,2,3,4,0,166.6,90.4,Intermediate,Intermediate,Temperate,High,Very High
300,45,80,95,5,0,1,2,2,2,2,2,4,3,0,177.5,88.5,Cordate,Intermediate,Temperate,High,Very High
45,300,95,80,0,5,2,1,2,2,2,2,3,4,0,164.5,86.5,Intermediate,Intermediate,Temperate,High,Very High
300,45,80,95,5,0,1,2,2,2,2,2,4,3,0,176.5,94.9,Intermediate,Intermediate,Temperate,High,Very High
45,300,95,80,0,5,2,1,2,2,2,2,3,4,0,176.7,90.3,Intermediate,Intermediate,Temperate,High,Very High
300,45,80,95,5,0,1,2,2,2,2,2,4,3,0,171.3,85.8,Intermediate,Intermediate,Temperate,High,Very High
45,300,95,80,0,5,2,1,2,2,2,2,3,4,0,180.6,82.8,Intermediate,Purple,Temperate,High,Very High
300,45,80,95,5,0,1,2,2,2,2,2,4,3,0,168.4,94.0,Intermediate,Purple,Temperate,High,Very High
45,300,95,80,0,5,2,1,2,2,2,2,3,4,0,188.1,81.2,Intermediate,Purple,Temperate,High,Very High
300,45,80,95,5,0,1,2,2,2,2,2,4,3,0,177.0,89.2,Cordate,Purple,Temperate,High,Very High
45,300,95,80,0,5,2,1,2,2,2,2,3,4,0,164.3,89.2,Cordate,Purple,Temperate,High,Very High
300,45,80,95,5,0,1,2,2,2,2,2,4,3,0,150.8,85.3,Cordate,Intermediate,Temperate,High,Very High
45,300,95,130,0,0,2,1,2,2,2,3,3,3,0,175.1,112.7,Ovate,Purple,Temperate,Very High,High
300,45,130,95,0,0,1,2,2,2,3,2,3,3,0,170.5,107.4,Ovate,Purple,Temperate,Very High,High
45,300,95,130,0,0,2,1,2,2,2,3,3,3,0,177.4,108.7,Ovate,Intermediate,Temperate,Very High,High
300,45,130,95,0,0,1,2,2,2,3,2,3,3,0,169.1,120.6,Ovate,Purple,Temperate,Very High,High
45,300,95,130,0,0,2,1,2,2,2,3,3,3,0,170.5,111.3,Ovate,Intermediate,Temperate,Very High,High
300,45,130,95,0,0,1,2,2,2,3,2,3,3,0,162.6,119.8,Ovate,Intermediate,Temperate,Very High,High
45,300,95,130,0,0,2,1,2,2,2,3,3,3,0,172.3,113.9,Ovate,Purple,Temperate,Very High,High
300,45,130,95,0,0,1,2,2,2,3,2,3,3,0,160.9,109.5,Ovate,Intermediate,Temperate,Very High,High
45,300,95,130,0,0,2,1,2,2,2,3,3,3,0,172.1,117.0,Ovate,Purple,Temperate,Very High,High
300,45,130,95,0,0,1,2,2,2,3,2,3,3,0,180.8,110.6,Ovate,Yellow,Temperate,Very High,High
45,300,95,130,0,0,2,1,2,2,2,3,3,3,0,173.2,117.3,Ovate,Intermediate,Temperate,Very High,High
300,45,130,95,0,0,1,2,2,2,3,2,3,3,0,179.8,109.9,Ovate,Intermediate,Temperate,Very High,High
45,300,95,130,0,0,2,1,2,2,2,3,3,3,0,178.3,114.1,Ovate,Yellow,Temperate,Very High,High
300,45,130,95,0,0,1,2,2,2,3,2,3,3,0,184.4,103.1,Ovate,Intermediate,Temperate,Very High,High
45,300,95,130,0,0,2,1,2,2,2,3,3,3,0,175.8,117.7,Ovate,Intermediate,Temperate,Very High,High
300,45,130,95,0,0,1,2,2,2,3,2,3,3,0,165.4,98.6,Ovate,Purple,Temperate,Very High,High
45,120,95,120,0,3,2,0,2,0,2,1,3,4,0,76.5,105.8,Ovate,Intermediate,Tropical,Very High,Very High
120,45,120,95,3,0,0,2,0,2,1,2,4,3,0,84.2,106.4,Linear,Purple,Tropical,Very High,Very High
45,120,95,120,0,3,2,0,2,0,2,1,3,4,0,79.7,105.2,Intermediate,Intermediate,Tropical,Very High,Very High
120,45,120,95,3,0,0,2,0,2,1,2,4,3,0,86.6,103.4,Intermediate,Intermediate,Temperate,Very High,Very High
45,120,95,120,0,3,2,0,2,0,2,1,3,4,0,82.9,105.7,Intermediate,White,Tropical,Very High,Very High
120,45,120,95,3,0,0,2,0,2,1,2,4,3,0,78.4,109.3,Intermediate,Purple,Temperate,Very High,Very High
45,120,95,120,0,3,2,0,2,0,2,1,3,4,0,75.8,98.4,Ovate,White,Temperate,Very High,Very High
120,45,120,95,3,0,0,2,0,2,1,2,4,3,0,87.8,103.9,Intermediate,Purple,Tropical,Very High,Very High
45,120,95,120,0,3,2,0,2,0,2,1,3,4,0,84.5,110.9,Intermediate,White,Temperate,Very High,Very High
120,45,120,95,3,0,0,2,0,2,1,2,4,3,0,80.5,107.1,Linear,White,Tropical,Very High,Very High
45,120,95,120,0,3,2,0,2,0,2,1,3,4,0,84.6,108.2,Intermediate,White,Tropical,Very High,Very High
120,45,120,95,3,0,0,2,0,2,1,2,4,3,0,82.0,99.2,Intermediate,White,Temperate,Very High,Very High
45,120,95,120,0,3,2,0,2,0,2,1,3,4,0,76.9,115.0,Intermediate,Intermediate,Temperate,Very High,Very High
120,45,120,95,3,0,0,2,0,2,1,2,4,3,0,83.8,105.6,Linear,Intermediate,Temperate,Very High,Very High
45,120,95,120,0,3,2,0,2,0,2,1,3,4,0,82.4,109.6,Intermediate,White,Tropical,Very High,Very High
120,45,120,95,3,0,0,2,0,2,1,2,4,3,0,77.2,111.8,Ovate,Intermediate,Temperate,Very High,Very High
45,100,95,110,0,3,2,0,2,0,2,2,3,3,0,78.6,106.0,Linear,Purple,Tropical,High,High
100,45,110,95,3,0,0,2,0,2,2,2,3,3,0,68.1,113.4,Intermediate,White,Temperate,High,High
45,100,95,110,0,3,2,0,2,0,2,2,3,3,0,78.6,97.0,Intermediate,Purple,Temperate,High,High
100,45,110,95,3,0,0,2,0,2,2,2,3,3,0,70.4,107.4,Intermediate,Intermediate,Temperate,High,High
45,100,95,110,0,3,2,0,2,0,2,2,3,3,0,78.6,100.2,Ovate,White,Tropical,High,High
100,45,110,95,3,0,0,2,0,2,2,2,3,3,0,76.2,107.9,Ovate,Purple,Tropical,High,High
45,100,95,110,0,3,2,0,2,0,2,2,3,3,0,74.3,95.5,Ovate,Intermediate,Tropical,High,High
100,45,110,95,3,0,0,2,0,2,2,2,3,3,0,71.8,101.8,Intermediate,White,Temperate,High,High
45,100,95,110,0,3,2,0,2,0,2,2,3,3,0,75.1,106.0,Intermediate,Intermediate,Temperate,High,High
100,45,110,95,3,0,0,2,0,2,2,2,3,3,0,69.7,106.3,Ovate,Purple,Temperate,High,High
45,100,95,110,0,3,2,0,2,0,2,2,3,3,0,69.0,97.2,Ovate,White,Tropical,High,High
100,45,110,95,3,0,0,2,0,2,2,2,3,3,0,80.6,100.3,Intermediate,Purple,Tropical,High,High
45,100,95,110,0,3,2,0,2,0,2,2,3,3,0,74.3,108.5,Linear,Purple,Temperate,High,High
100,45,110,95,3,0,0,2,0,2,2,2,3,3,0,72.9,107.3,Linear,White,Tropical,High,High
45,100,95,110,0,3,2,0,2,0,2,2,3,3,0,70.8,104.3,Intermediate,Intermediate,Tropical,High,High
100,45,110,95,3,0,0,2,0,2,2,2,3,3,0,74.9,98.4,Intermediate,Intermediate,Temperate,High,High
45,90,95,100,0,3,2,0,2,2,2,1,3,4,0,65.1,99.8,Intermediate,Intermediate,Temperate,Very High,Very High
90,45,100,95,3,0,0,2,2,2,1,2,4,3,0,70.5,100.9,Intermediate,Intermediate,Temperate,Very High,Very High
45,90,95,100,0,3,2,0,2,2,2,1,3,4,0,70.0,101.7,Ovate,Intermediate,Temperate,Very High,Very High
90,45,100,95,3,0,0,2,2,2,1,2,4,3,0,66.6,97.0,Intermediate,Intermediate,Temperate,Very High,Very High
45,90,95,100,0,3,2,0,2,2,2,1,3,4,0,68.5,94.2,Linear,Intermediate,Temperate,Very High,Very High
90,45,100,95,3,0,0,2,2,2,1,2,4,3,0,67.6,89.3,Ovate,Intermediate,Temperate,Very High,Very High
45,90,95,100,0,3,2,0,2,2,2,1,3,4,0,70.6,98.6,Intermediate,Intermediate,Temperate,Very High,Very High
90,45,100,95,3,0,0,2,2,2,1,2,4,3,0,72.3,96.0,Ovate,Intermediate,Temperate,Very High,Very High
45,90,95,100,0,3,2,0,2,2,2,1,3,4,0,66.3,90.8,Intermediate,Intermediate,Temperate,Very High,Very High
90,45,100,95,3,0,0,2,2,2,1,2,4,3,0,70.0,94.2,Ovate,White,Temperate,Very High,Very High
45,90,95,100,0,3,2,0,2,2,2,1,3,4,0,61.5,103.1,Ovate,Intermediate,Temperate,Very High,Very High
90,45,100,95,3,0,0,2,2,2,1,2,4,3,0,72.5,102.0,Intermediate,Intermediate,Temperate,Very High,Very High
45,90,95,100,0,3,2,0,2,2,2,1,3,4,0,66.1,89.0,Ovate,Intermediate,Temperate,Very High,Very High
90,45,100,95,3,0,0,2,2,2,1,2,4,3,0,70.7,100.7,Intermediate,Intermediate,Temperate,Very High,Very High
45,90,95,100,0,3,2,0,2,2,2,1,3,4,0,69.4,102.1,Intermediate,White,Temperate,Very High,Very High
90,45,100,95,3,0,0,2,2,2,1,2,4,3,0,65.2,91.8,Intermediate,Intermediate,Temperate,Very High,Very High
45,100,95,110,0,3,2,0,2,3,2,2,3,3,0,78.5,95.0,Intermediate,Intermediate,Temperate,High,High
100,45,110,95,3,0,0,2,3,2,2,2,3,3,0,76.8,100.0,Intermediate,Intermediate,Mediterranean,High,High
45,100,95,110,0,3,2,0,2,3,2,2,3,3,0,72.1,108.3,Intermediate,White,Mediterranean,High,High
100,45,110,95,3,0,0,2,3,2,2,2,3,3,0,72.7,100.7,Linear,White,Temperate,High,High
45,100,95,110,0,3,2,0,2,3,2,2,3,3,0,71.6,95.0,Intermediate,Purple,Mediterranean,High,High
100,45,110,95,3,0,0,2,3,2,2,2,3,3,0,76.3,88.6,Linear,Intermediate,Temperate,High,High
45,100,95,110,0,3,2,0,2,3,2,2,3,3,0,74.2,100.4,Linear,Purple,Mediterranean,High,High
100,45,110,95,3,0,0,2,3,2,2,2,3,3,0,76.5,101.4,Linear,White,Mediterranean,High,High
45,100,95,110,0,3,2,0,2,3,2,2,3,3,0,78.2,99.6,Intermediate,White,Mediterranean,High,High
100,45,110,95,3,0,0,2,3,2,2,2,3,3,0,68.4,101.8,Intermediate,White,Temperate,High,High
45,100,95,110,0,3,2,0,2,3,2,2,3,3,0,69.9,103.5,Intermediate,White,Temperate,High,High
100,45,110,95,3,0,0,2,3,2,2,2,3,3,0,73.4,101.7,Ovate,Purple,Mediterranean,High,High
45,100,95,110,0,3,2,0,2,3,2,2,3,3,0,79.9,100.9,Linear,Purple,Temperate,High,High
100,45,110,95,3,0,0,2,3,2,2,2,3,3,0,75.6,107.3,Ovate,Purple,Mediterranean,High,High
45,100,95,110,0,3,2,0,2,3,2,2,3,3,0,73.2,97.4,Ovate,Intermediate,Mediterranean,High,High
100,45,110,95,3,0,0,2,3,2,2,2,3,3,0,66.6,103.0,Intermediate,Intermediate,Mediterranean,High,High
45,200,95,55,0,4,2,1,2,9,2,1,3,3,0,131.0,76.3,Intermediate,Purple,Tropical/Temperate,Very High,High
200,45,55,95,4,0,1,2,9,2,1,2,3,3,0,122.9,72.9,Palmate,Intermediate,Tropical/Temperate,Very High,High
45,200,95,55,0,4,2,1,2,9,2,1,3,3,0,128.9,64.3,Ovate,Intermediate,Temperate,Very High,High
200,45,55,95,4,0,1,2,9,2,1,2,3,3,0,120.6,73.5,Palmate,Yellow,Tropical/Temperate,Very High,High
45,200,95,55,0,4,2,1,2,9,2,1,3,3,0,119.6,75.5,Intermediate,Intermediate,Tropical/Temperate,Very High,High
200,45,55,95,4,0,1,2,9,2,1,2,3,3,0,131.7,77.5,Ovate,Intermediate,Tropical/Temperate,Very High,High
45,200,95,55,0,4,2,1,2,9,2,1,3,3,0,122.8,73.0,Intermediate,Intermediate,Tropical/Temperate,Very High,High
200,45,55,95,4,0,1,2,9,2,1,2,3,3,0,125.3,76.0,Ovate,Purple,Tropical/Temperate,Very High,High
45,200,95,55,0,4,2,1,2,9,2,1,3,3,0,124.1,76.1,Ovate,Intermediate,Tropical/Temperate,Very High,High
200,45,55,95,4,0,1,2,9,2,1,2,3,3,0,128.7,77.6,Palmate,Intermediate,Temperate,Very High,High
45,200,95,55,0,4,2,1,2,9,2,1,3,3,0,115.8,73.8,Intermediate,Purple,Temperate,Very High,High
200,45,55,95,4,0,1,2,9,2,1,2,3,3,0,129.0,75.1,Palmate,Purple,Temperate,Very High,High
45,200,95,55,0,4,2,1,2,9,2,1,3,3,0,122.0,74.5,Palmate,Purple,Tropical/Temperate,Very High,High
200,45,55,95,4,0,1,2,9,2,1,2,3,3,0,121.4,78.8,Palmate,Yellow,Tropical/Temperate,Very High,High
45,200,95,55,0,4,2,1,2,9,2,1,3,3,0,113.2,72.9,Ovate,Yellow,Temperate,Very High,High
200,45,55,95,4,0,1,2,9,2,1,2,3,3,0,108.9,73.8,Intermediate,Purple,Temperate,Very High,High
45,150,95,75,0,4,2,1,2,4,2,1,3,3,0,97.9,89.1,Intermediate,Intermediate,Temperate,Very High,High
150,45,75,95,4,0,1,2,4,2,1,2,3,3,0,105.2,88.8,Intermediate,Yellow,Arid,Very High,High
45,150,95,75,0,4,2,1,2,4,2,1,3,3,0,93.4,86.2,Palmate,Intermediate,Arid,Very High,High
150,45,75,95,4,0,1,2,4,2,1,2,3,3,0,102.7,90.0,Palmate,Yellow,Arid,Very High,High
45,150,95,75,0,4,2,1,2,4,2,1,3,3,0,107.2,91.6,Ovate,Intermediate,Arid,Very High,High
150,45,75,95,4,0,1,2,4,2,1,2,3,3,0,102.0,87.5,Palmate,Purple,Arid,Very High,High
45,150,95,75,0,4,2,1,2,4,2,1,3,3,0,102.5,85.0,Intermediate,Purple,Arid,Very High,High
150,45,75,95,4,0,1,2,4,2,1,2,3,3,0,94.6,81.9,Ovate,Purple,Arid,Very High,High
45,150,95,75,0,4,2,1,2,4,2,1,3,3,0,98.1,98.9,Intermediate,Yellow,Temperate,Very High,High
150,45,75,95,4,0,1,2,4,2,1,2,3,3,0,100.7,82.6,Ovate,Purple,Arid,Very High,High
45,150,95,75,0,4,2,1,2,4,2,1,3,3,0,98.6,88.0,Intermediate,Yellow,Arid,Very High,High
150,45,75,95,4,0,1,2,4,2,1,2,3,3,0,92.4,80.5,Intermediate,Purple,Arid,Very High,High
45,150,95,75,0,4,2,1,2,4,2,1,3,3,0,101.0,91.4,Intermediate,Intermediate,Temperate,Very High,High
150,45,75,95,4,0,1,2,4,2,1,2,3,3,0,90.4,83.8,Palmate,Yellow,Temperate,Very High,High
45,150,95,75,0,4,2,1,2,4,2,1,3,3,0,101.0,90.0,Intermediate,Intermediate,Arid,Very High,High
150,45,75,95,4,0,1,2,4,2,1,2,3,3,0,98.6,89.2,Intermediate,Intermediate,Temperate,Very High,High
45,60,95,60,0,0,2,0,2,2,2,1,3,3,0,50.5,69.8,Ovate,Purple,Temperate,Very High,High
60,45,60,95,0,0,0,2,2,2,1,2,3,3,0,51.8,76.2,Ovate,Intermediate,Temperate,Very High,High
45,60,95,60,0,0,2,0,2,2,2,1,3,3,0,53.3,79.7,Ovate,Intermediate,Temperate,Very High,High
60,45,60,95,0,0,0,2,2,2,1,2,3,3,0,57.2,74.8,Ovate,White,Temperate,Very High,High
45,60,95,60,0,0,2,0,2,2,2,1,3,3,0,55.6,82.0,Ovate,Intermediate,Temperate,Very High,High
60,45,60,95,0,0,0,2,2,2,1,2,3,3,0,50.7,76.2,Ovate,Intermediate,Temperate,Very High,High
45,60,95,60,0,0,2,0,2,2,2,1,3,3,0,54.3,84.4,Ovate,Purple,Temperate,Very High,High
60,45,60,95,0,0,0,2,2,2,1,2,3,3,0,52.2,82.5,Ovate,Intermediate,Temperate,Very High,High
45,60,95,60,0,0,2,0,2,2,2,1,3,3,0,54.5,74.7,Ovate,Intermediate,Temperate,Very High,High
60,45,60,95,0,0,0,2,2,2,1,2,3,3,0,53.3,74.6,Ovate,Intermediate,Temperate,Very High,High
45,60,95,60,0,0,2,0,2,2,2,1,3,3,0,48.5,88.0,Ovate,Intermediate,Temperate,Very High,High
60,45,60,95,0,0,0,2,2,2,1,2,3,3,0,55.2,73.9,Ovate,White,Temperate,Very High,High
45,60,95,60,0,0,2,0,2,2,2,1,3,3,0,52.6,83.3,Ovate,Purple,Temperate,Very High,High
60,45,60,95,0,0,0,2,2,2,1,2,3,3,0,48.1,78.1,Ovate,Intermediate,Temperate,Very High,High
45,60,95,60,0,0,2,0,2,2,2,1,3,3,0,54.9,78.2,Ovate,Intermediate,Temperate,Very High,High
60,45,60,95,0,0,0,2,2,2,1,2,3,3,0,52.7,73.8,Ovate,Intermediate,Temperate,Very High,High
45,180,95,80,0,0,2,0,2,0,2,2,3,3,0,115.5,83.4,Ovate,Intermediate,Tropical,High,High
180,45,80,95,0,0,0,2,0,2,2,2,3,3,0,100.8,80.1,Ovate,White,Temperate,High,High
45,180,95,80,0,0,2,0,2,0,2,2,3,3,0,110.7,86.4,Ovate,Intermediate,Tropical,High,High
180,45,80,95,0,0,0,2,0,2,2,2,3,3,0,109.8,87.5,Ovate,White,Tropical,High,High
45,180,95,80,0,0,2,0,2,0,2,2,3,3,0,111.9,90.0,Ovate,Purple,Temperate,High,High
180,45,80,95,0,0,0,2,0,2,2,2,3,3,0,105.3,84.5,Ovate,Intermediate,Temperate,High,High
45,180,95,80,0,0,2,0,2,0,2,2,3,3,0,109.1,84.9,Ovate,White,Tropical,High,High
180,45,80,95,0,0,0,2,0,2,2,2,3,3,0,113.2,81.4,Ovate,Intermediate,Tropical,High,High
45,180,95,80,0,0,2,0,2,0,2,2,3,3,0,120.2,83.5,Ovate,White,Temperate,High,High
180,45,80,95,0,0,0,2,0,2,2,2,3,3,0,110.5,86.9,Ovate,Intermediate,Tropical,High,High
45,180,95,80,0,0,2,0,2,0,2,2,3,3,0,124.3,88.4,Ovate,Purple,Tropical,High,High
180,45,80,95,0,0,0,2,0,2,2,2,3,3,0,106.6,85.2,Ovate,Intermediate,Tropical,High,High
45,180,95,80,0,0,2,0,2,0,2,2,3,3,0,107.9,88.0,Ovate,Intermediate,Tropical,High,High
180,45,80,95,0,0,0,2,0,2,2,2,3,3,0,114.9,92.7,Ovate,White,Temperate,High,High
45,180,95,80,0,0,2,0,2,0,2,2,3,3,0,117.1,81.4,Ovate,Purple,Temperate,High,High
180,45,80,95,0,0,0,2,0,2,2,2,3,3,0,111.8,87.4,Ovate,Intermediate,Temperate,High,High
45,100,95,95,0,0,2,2,2,2,2,2,3,4,0,73.9,90.1,Ovate,Purple,Temperate,High,Very High
100,45,95,95,0,0,2,2,2,2,2,2,4,3,0,75.0,89.0,Ovate,Purple,Temperate,High,Very High
45,100,95,95,0,0,2,2,2,2,2,2,3,4,0,66.0,95.7,Ovate,Purple,Temperate,High,Very High
100,45,95,95,0,0,2,2,2,2,2,2,4,3,0,76.5,85.0,Ovate,Purple,Temperate,High,Very High
45,100,95,95,0,0,2,2,2,2,2,2,3,4,0,73.6,96.9,Ovate,Purple,Temperate,High,Very High
100,45,95,95,0,0,2,2,2,2,2,2,4,3,0,70.4,97.7,Ovate,Purple,Temperate,High,Very High
45,100,95,95,0,0,2,2,2,2,2,2,3,4,0,73.5,98.1,Ovate,Purple,Temperate,High,Very High
100,45,95,95,0,0,2,2,2,2,2,2,4,3,0,73.2,88.8,Ovate,Purple,Temperate,High,Very High
45,100,95,95,0,0,2,2,2,2,2,2,3,4,0,74.8,89.6,Ovate,Purple,Temperate,High,Very High
100,45,95,95,0,0,2,2,2,2,2,2,4,3,0,74.9,94.5,Ovate,Purple,Temperate,High,Very High
45,100,95,95,0,0,2,2,2,2,2,2,3,4,0,84.0,93.3,Ovate,Purple,Temperate,High,Very High
100,45,95,95,0,0,2,2,2,2,2,2,4,3,0,69.3,88.7,Ovate,Purple,Temperate,High,Very High
45,100,95,95,0,0,2,2,2,2,2,2,3,4,0,76.9,91.1,Ovate,Purple,Temperate,High,Very High
100,45,95,95,0,0,2,2,2,2,2,2,4,3,0,72.9,101.6,Ovate,Purple,Temperate,High,Very High
45,100,95,95,0,0,2,2,2,2,2,2,3,4,0,66.8,95.3,Ovate,Purple,Temperate,High,Very High
100,45,95,95,0,0,2,2,2,2,2,2,4,3,0,75.1,91.1,Ovate,Purple,Temperate,High,Very High
45,50,95,130,0,9,2,1,2,8,2,1,3,3,0,47.9,117.7,Ovate,Yellow,Temperate,Very High,High
50,45,130,95,9,0,1,2,8,2,1,2,3,3,0,48.7,114.5,Ovate,Intermediate,Tropical/Subtropical,Very High,High
45,50,95,130,0,9,2,1,2,8,2,1,3,3,0,50.3,108.2,Ovate,Intermediate,Tropical/Subtropical,Very High,High
50,45,130,95,9,0,1,2,8,2,1,2,3,3,0,49.9,118.0,Compound,Intermediate,Temperate,Very High,High
45,50,95,130,0,9,2,1,2,8,2,1,3,3,0,47.8,121.5,Ovate,Purple,Tropical/Subtropical,Very High,High
50,45,130,95,9,0,1,2,8,2,1,2,3,3,0,48.9,110.9,Ovate,Purple,Tropical/Subtropical,Very High,High
45,50,95,130,0,9,2,1,2,8,2,1,3,3,0,43.9,105.6,Intermediate,Intermediate,Temperate,Very High,High
50,45,130,95,9,0,1,2,8,2,1,2,3,3,0,49.4,111.7,Ovate,Intermediate,Tropical/Subtropical,Very High,High
45,50,95,130,0,9,2,1,2,8,2,1,3,3,0,44.0,116.3,Compound,Yellow,Temperate,Very High,High
50,45,130,95,9,0,1,2,8,2,1,2,3,3,0,50.4,100.1,Intermediate,Yellow,Temperate,Very High,High
45,50,95,130,0,9,2,1,2,8,2,1,3,3,0,50.9,111.0,Intermediate,Yellow,Tropical/Subtropical,Very High,High
50,45,130,95,9,0,1,2,8,2,1,2,3,3,0,48.6,113.4,Compound,Intermediate,Tropical/Subtropical,Very High,High
45,50,95,130,0,9,2,1,2,8,2,1,3,3,0,48.9,119.0,Compound,Intermediate,Tropical/Subtropical,Very High,High
50,45,130,95,9,0,1,2,8,2,1,2,3,3,0,48.8,109.5,Ovate,Intermediate,Temperate,Very High,High
45,50,95,130,0,9,2,1,2,8,2,1,3,3,0,51.0,112.3,Compound,Intermediate,Tropical/Subtropical,Very High,High
50,45,130,95,9,0,1,2,8,2,1,2,3,3,0,49.3,105.1,Compound,Yellow,Temperate,Very High,High
45,70,95,90,0,7,2,0,2,6,2,1,3,4,1,54.9,91.9,Intermediate,Intermediate,Cool Temperate,Very High,Very High
70,45,90,95,7,0,0,2,6,2,1,2,4,3,1,59.5,96.9,Pinnate,White,Temperate,Very High,Very High
45,70,95,90,0,7,2,0,2,6,2,1,3,4,1,63.5,92.8,Intermediate,Intermediate,Cool Temperate,Very High,Very High
70,45,90,95,7,0,0,2,6,2,1,2,4,3,1,57.3,88.9,Intermediate,Intermediate,Temperate,Very High,Very High
45,70,95,90,0,7,2,0,2,6,2,1,3,4,1,58.9,89.2,Intermediate,Intermediate,Cool Temperate,Very High,Very High
70,45,90,95,7,0,0,2,6,2,1,2,4,3,1,60.4,83.9,Intermediate,Intermediate,Temperate,Very High,Very High
45,70,95,90,0,7,2,0,2,6,2,1,3,4,1,62.3,92.4,Pinnate,White,Temperate,Very High,Very High
70,45,90,95,7,0,0,2,6,2,1,2,4,3,1,56.0,90.3,Ovate,White,Temperate,Very High,Very High
45,70,95,90,0,7,2,0,2,6,2,1,3,4,1,52.3,93.1,Intermediate,Intermediate,Temperate,Very High,Very High
70,45,90,95,7,0,0,2,6,2,1,2,4,3,1,61.1,93.5,Ovate,Purple,Temperate,Very High,Very High
45,70,95,90,0,7,2,0,2,6,2,1,3,4,1,61.5,86.5,Intermediate,Intermediate,Temperate,Very High,Very High
70,45,90,95,7,0,0,2,6,2,1,2,4,3,1,57.2,98.8,Pinnate,Intermediate,Cool Temperate,Very High,Very High
45,70,95,90,0,7,2,0,2,6,2,1,3,4,1,54.5,85.9,Pinnate,White,Temperate,Very High,Very High
70,45,90,95,7,0,0,2,6,2,1,2,4,3,1,58.3,86.1,Intermediate,Intermediate,Temperate,Very High,Very High
45,70,95,90,0,7,2,0,2,6,2,1,3,4,1,55.8,91.3,Ovate,Intermediate,Temperate,Very High,Very High
70,45,90,95,7,0,0,2,6,2,1,2,4,3,1,56.6,93.1,Intermediate,Intermediate,Temperate,Very High,Very High
45,30,95,100,0,5,2,2,2,8,2,2,3,3,0,37.0,97.2,Cordate,Purple,Tropical/Subtropical,High,High
30,45,100,95,5,0,2,2,8,2,2,2,3,3,0,36.6,95.8,Intermediate,Purple,Temperate,High,High
45,30,95,100,0,5,2,2,2,8,2,2,3,3,0,38.1,91.4,Intermediate,Purple,Temperate,High,High
30,45,100,95,5,0,2,2,8,2,2,2,3,3,0,40.5,101.4,Intermediate,Purple,Temperate,High,High
45,30,95,100,0,5,2,2,2,8,2,2,3,3,0,38.5,94.8,Intermediate,Purple,Temperate,High,High
30,45,100,95,5,0,2,2,8,2,2,2,3,3,0,36.9,95.1,Cordate,Purple,Tropical/Subtropical,High,High
45,30,95,100,0,5,2,2,2,8,2,2,3,3,0,31.9,92.8,Intermediate,Purple,Temperate,High,High
30,45,100,95,5,0,2,2,8,2,2,2,3,3,0,37.1,103.7,Intermediate,Purple,Tropical/Subtropical,High,High
45,30,95,100,0,5,2,2,2,8,2,2,3,3,0,36.7,97.1,Ovate,Purple,Temperate,High,High
30,45,100,95,5,0,2,2,8,2,2,2,3,3,0,36.5,100.5,Ovate,Purple,Tropical/Subtropical,High,High
45,30,95,100,0,5,2,2,2,8,2,2,3,3,0,35.5,93.4,Cordate,Purple,Temperate,High,High
30,45,100,95,5,0,2,2,8,2,2,2,3,3,0,37.6,93.2,Intermediate,Purple,Temperate,High,High
45,30,95,100,0,5,2,2,2,8,2,2,3,3,0,38.2,102.1,Intermediate,Purple,Tropical/Subtropical,High,High
30,45,100,95,5,0,2,2,8,2,2,2,3,3,0,38.6,91.4,Cordate,Purple,Temperate,High,High
45,30,95,100,0,5,2,2,2,8,2,2,3,3,0,38.9,92.0,Intermediate,Purple,Temperate,High,High
30,45,100,95,5,0,2,2,8,2,2,2,3,3,0,37.8,98.9,Intermediate,Purple,Temperate,High,High
45,300,95,270,0,4,2,0,2,0,2,3,3,4,0,177.1,186.4,Intermediate,Intermediate,Tropical,Very High,Very High
300,45,270,95,4,0,0,2,0,2,3,2,4,3,0,167.2,195.5,Ovate,Intermediate,Temperate,Very High,Very High
45,300,95,270,0,4,2,0,2,0,2,3,3,4,0,184.6,184.3,Palmate,Intermediate,Tropical,Very High,Very High
300,45,270,95,4,0,0,2,0,2,3,2,4,3,0,186.3,165.6,Intermediate,Intermediate,Temperate,Very High,Very High
45,300,95,270,0,4,2,0,2,0,2,3,3,4,0,178.2,179.6,Ovate,Intermediate,Tropical,Very High,Very High
300,45,270,95,4,0,0,2,0,2,3,2,4,3,0,187.0,178.7,Palmate,Intermediate,Temperate,Very High,Very High
45,300,95,270,0,4,2,0,2,0,2,3,3,4,0,164.7,172.3,Palmate,White,Temperate,Very High,Very High
300,45,270,95,4,0,0,2,0,2,3,2,4,3,0,172.7,189.4,Ovate,Intermediate,Tropical,Very High,Very High
45,300,95,270,0,4,2,0,2,0,2,3,3,4,0,164.9,181.4,Ovate,Intermediate,Temperate,Very High,Very High
300,45,270,95,4,0,0,2,0,2,3,2,4,3,0,164.9,198.7,Intermediate,White,Temperate,Very High,Very High
45,300,95,270,0,4,2,0,2,0,2,3,3,4,0,176.1,187.9,Intermediate,Purple,Tropical,Very High,Very High
300,45,270,95,4,0,0,2,0,2,3,2,4,3,0,163.7,163.7,Ovate,White,Temperate,Very High,Very High
45,300,95,270,0,4,2,0,2,0,2,3,3,4,0,182.4,181.1,Ovate,Intermediate,Temperate,Very High,Very High
300,45,270,95,4,0,0,2,0,2,3,2,4,3,0,161.7,183.7,Ovate,Intermediate,Tropical,Very High,Very High
45,300,95,270,0,4,2,0,2,0,2,3,3,4,0,170.0,176.4,Ovate,Intermediate,Temperate,Very High,Very High
300,45,270,95,4,0,0,2,0,2,3,2,4,3,0,179.4,189.4,Intermediate,Intermediate,Tropical,Very High,Very High
45,50,95,70,0,6,2,1,2,6,2,1,3,3,0,43.5,77.4,Intermediate,Yellow,Cool Temperate,Very High,High
50,45,70,95,6,0,1,2,6,2,1,2,3,3,0,50.8,87.7,Ovate,Purple,Cool Temperate,Very High,High
45,50,95,70,0,6,2,1,2,6,2,1,3,3,0,50.5,83.3,Intermediate,Intermediate,Cool Temperate,Very High,High
50,45,70,95,6,0,1,2,6,2,1,2,3,3,0,53.9,86.0,Oblong,Yellow,Cool Temperate,Very High,High
45,50,95,70,0,6,2,1,2,6,2,1,3,3,0,45.5,81.0,Oblong,Intermediate,Cool Temperate,Very High,High
50,45,70,95,6,0,1,2,6,2,1,2,3,3,0,43.0,73.4,Intermediate,Intermediate,Temperate,Very High,High
45,50,95,70,0,6,2,1,2,6,2,1,3,3,0,46.0,78.1,Intermediate,Purple,Temperate,Very High,High
50,45,70,95,6,0,1,2,6,2,1,2,3,3,0,47.7,72.4,Ovate,Intermediate,Temperate,Very High,High
45,50,95,70,0,6,2,1,2,6,2,1,3,3,0,48.9,84.7,Intermediate,Intermediate,Temperate,Very High,High
50,45,70,95,6,0,1,2,6,2,1,2,3,3,0,48.5,83.3,Oblong,Yellow,Temperate,Very High,High
45,50,95,70,0,6,2,1,2,6,2,1,3,3,0,48.4,73.3,Intermediate,Intermediate,Cool Temperate,Very High,High
50,45,70,95,6,0,1,2,6,2,1,2,3,3,0,45.2,75.0,Intermediate,Intermediate,Temperate,Very High,High
45,50,95,70,0,6,2,1,2,6,2,1,3,3,0,48.1,83.3,Ovate,Yellow,Temperate,Very High,High
50,45,70,95,6,0,1,2,6,2,1,2,3,3,0,46.3,78.8,Ovate,Yellow,Temperate,Very High,High
45,50,95,70,0,6,2,1,2,6,2,1,3,3,0,47.5,85.5,Ovate,Yellow,Temperate,Very High,High
50,45,70,95,6,0,1,2,6,2,1,2,3,3,0,46.5,79.3,Oblong,Intermediate,Temperate,Very High,High
45,130,95,100,0,10,2,1,2,2,2,2,3,4,0,87.2,94.4,Intermediate,Intermediate,Temperate,High,Very High
130,45,100,95,10,0,1,2,2,2,2,2,4,3,0,81.5,88.8,Intermediate,Intermediate,Temperate,High,Very High
45,130,95,100,0,10,2,1,2,2,2,2,3,4,0,88.4,95.3,Intermediate,Yellow,Temperate,High,Very High
130,45,100,95,10,0,1,2,2,2,2,2,4,3,0,84.2,96.5,Ovate,Purple,Temperate,High,Very High
45,130,95,100,0,10,2,1,2,2,2,2,3,4,0,79.2,102.6,Intermediate,Yellow,Temperate,High,Very High
130,45,100,95,10,0,1,2,2,2,2,2,4,3,0,85.6,94.1,Ovate,Intermediate,Temperate,High,Very High
45,130,95,100,0,10,2,1,2,2,2,2,3,4,0,83.9,95.8,Intermediate,Intermediate,Temperate,High,Very High
130,45,100,95,10,0,1,2,2,2,2,2,4,3,0,96.7,97.2,Intermediate,Yellow,Temperate,High,Very High
45,130,95,100,0,10,2,1,2,2,2,2,3,4,0,92.9,90.8,Ovate,Yellow,Temperate,High,Very High
130,45,100,95,10,0,1,2,2,2,2,2,4,3,0,83.8,93.9,Lobed,Purple,Temperate,High,Very High
45,130,95,100,0,10,2,1,2,2,2,2,3,4,0,88.5,103.3,Lobed,Intermediate,Temperate,High,Very High
130,45,100,95,10,0,1,2,2,2,2,2,4,3,0,84.0,95.5,Lobed,Yellow,Temperate,High,Very High
45,130,95,100,0,10,2,1,2,2,2,2,3,4,0,99.5,98.2,Intermediate,Intermediate,Temperate,High,Very High
130,45,100,95,10,0,1,2,2,2,2,2,4,3,0,82.5,97.9,Ovate,Intermediate,Temperate,High,Very High
45,130,95,100,0,10,2,1,2,2,2,2,3,4,0,86.0,101.3,Ovate,Intermediate,Temperate,High,Very High
130,45,100,95,10,0,1,2,2,2,2,2,4,3,0,94.2,91.0,Ovate,Intermediate,Temperate,High,Very High
45,150,95,150,0,4,2,0,2,1,2,1,3,3,0,96.6,126.4,Intermediate,Intermediate,Subtropical,Very High,High
150,45,150,95,4,0,0,2,1,2,1,2,3,3,0,94.8,122.4,Palmate,Intermediate,Temperate,Very High,High
45,150,95,150,0,4,2,0,2,1,2,1,3,3,0,99.7,123.8,Ovate,Intermediate,Temperate,Very High,High
150,45,150,95,4,0,0,2,1,2,1,2,3,3,0,102.5,128.2,Intermediate,Intermediate,Subtropical,Very High,High
45,150,95,150,0,4,2,0,2,1,2,1,3,3,0,96.5,126.0,Intermediate,Intermediate,Subtropical,Very High,High
150,45,150,95,4,0,0,2,1,2,1,2,3,3,0,101.2,124.4,Intermediate,White,Subtropical,Very High,High
45,150,95,150,0,4,2,0,2,1,2,1,3,3,0,99.3,121.2,Intermediate,Purple,Subtropical,Very High,High
150,45,150,95,4,0,0,2,1,2,1,2,3,3,0,98.0,123.5,Intermediate,Purple,Temperate,Very High,High
45,150,95,150,0,4,2,0,2,1,2,1,3,3,0,88.4,121.7,Intermediate,White,Temperate,Very High,High
150,45,150,95,4,0,0,2,1,2,1,2,3,3,0,103.0,111.1,Intermediate,Intermediate,Subtropical,Very High,High
45,150,95,150,0,4,2,0,2,1,2,1,3,3,0,85.8,128.5,Intermediate,Intermediate,Temperate,Very High,High
150,45,150,95,4,0,0,2,1,2,1,2,3,3,0,95.8,125.9,Intermediate,Intermediate,Temperate,Very High,High
45,150,95,150,0,4,2,0,2,1,2,1,3,3,0,89.7,122.6,Palmate,Intermediate,Temperate,Very High,High
150,45,150,95,4,0,0,2,1,2,1,2,3,3,0,96.3,118.9,Intermediate,Intermediate,Subtropical,Very High,High
45,150,95,150,0,4,2,0,2,1,2,1,3,3,0,108.7,111.8,Palmate,Intermediate,Temperate,Very High,High
150,45,150,95,4,0,0,2,1,2,1,2,3,3,0,89.4,122.0,Intermediate,Purple,Subtropical,Very High,High
45,200,95,170,0,4,2,1,2,0,2,2,3,1,0,120.9,133.1,Intermediate,Purple,Tropical,High,High
200,45,170,95,4,0,1,2,0,2,2,2,1,3,0,122.1,131.2,Intermediate,Intermediate,Tropical,High,High
45,200,95,170,0,4,2,1,2,0,2,2,3,1,0,123.2,136.9,Intermediate,Purple,Tropical,High,High
200,45,170,95,4,0,1,2,0,2,2,2,1,3,0,135.4,134.0,Intermediate,Purple,Temperate,High,High
45,200,95,170,0,4,2,1,2,0,2,2,3,1,0,119.4,127.4,Ovate,Intermediate,Tropical,High,High
200,45,170,95,4,0,1,2,0,2,2,2,1,3,0,130.9,146.2,Intermediate,Yellow,Tropical,High,High
45,200,95,170,0,4,2,1,2,0,2,2,3,1,0,119.0,132.9,Intermediate,Intermediate,Temperate,High,High
200,45,170,95,4,0,1,2,0,2,2,2,1,3,0,129.1,124.6,Intermediate,Intermediate,Tropical,High,High
45,200,95,170,0,4,2,1,2,0,2,2,3,1,0,119.6,125.5,Intermediate,Purple,Tropical,High,High
200,45,170,95,4,0,1,2,0,2,2,2,1,3,0,126.1,133.9,Intermediate,Intermediate,Tropical,High,High
45,200,95,170,0,4,2,1,2,0,2,2,3,1,0,121.9,123.1,Intermediate,Intermediate,Tropical,High,High
200,45,170,95,4,0,1,2,0,2,2,2,1,3,0,124.4,133.2,Intermediate,Intermediate,Tropical,High,High
45,200,95,170,0,4,2,1,2,0,2,2,3,1,0,120.4,136.8,Intermediate,Purple,Tropical,High,High
200,45,170,95,4,0,1,2,0,2,2,2,1,3,0,125.9,139.9,Ovate,Purple,Tropical,High,High
45,200,95,170,0,4,2,1,2,0,2,2,3,1,0,117.6,136.0,Palmate,Yellow,Tropical,High,High
200,45,170,95,4,0,1,2,0,2,2,2,1,3,0,118.0,147.2,Palmate,Yellow,Tropical,High,High
45,180,95,90,0,2,2,3,2,8,2,1,3,3,1,113.3,84.4,Ovate,Purple,Tropical/Subtropical,Very High,High
180,45,90,95,2,0,3,2,8,2,1,2,3,3,1,109.8,92.2,Intermediate,Intermediate,Temperate,Very High,High
45,180,95,90,0,2,2,3,2,8,2,1,3,3,1,116.1,99.2,Elliptical,Pink,Temperate,Very High,High
180,45,90,95,2,0,3,2,8,2,1,2,3,3,1,101.8,99.8,Intermediate,Intermediate,Tropical/Subtropical,Very High,High
45,180,95,90,0,2,2,3,2,8,2,1,3,3,1,117.5,94.7,Intermediate,Purple,Temperate,Very High,High
180,45,90,95,2,0,3,2,8,2,1,2,3,3,1,119.3,93.7,Elliptical,Intermediate,Temperate,Very High,High
45,180,95,90,0,2,2,3,2,8,2,1,3,3,1,117.4,89.6,Elliptical,Intermediate,Temperate,Very High,High
180,45,90,95,2,0,3,2,8,2,1,2,3,3,1,113.9,87.0,Ovate,Intermediate,Temperate,Very High,High
45,180,95,90,0,2,2,3,2,8,2,1,3,3,1,116.5,86.3,Intermediate,Intermediate,Temperate,Very High,High
180,45,90,95,2,0,3,2,8,2,1,2,3,3,1,115.9,90.5,Elliptical,Intermediate,Tropical/Subtropical,Very High,High
45,180,95,90,0,2,2,3,2,8,2,1,3,3,1,117.3,91.9,Intermediate,Intermediate,Tropical/Subtropical,Very High,High
180,45,90,95,2,0,3,2,8,2,1,2,3,3,1,119.4,85.9,Elliptical,Intermediate,Tropical/Subtropical,Very High,High
45,180,95,90,0,2,2,3,2,8,2,1,3,3,1,115.3,92.1,Elliptical,Pink,Tropical/Subtropical,Very High,High
180,45,90,95,2,0,3,2,8,2,1,2,3,3,1,102.0,92.2,Ovate,Purple,Tropical/Subtropical,Very High,High
45,180,95,90,0,2,2,3,2,8,2,1,3,3,1,121.1,88.3,Intermediate,Intermediate,Tropical/Subtropical,Very High,High
180,45,90,95,2,0,3,2,8,2,1,2,3,3,1,115.2,94.1,Ovate,Intermediate,Temperate,Very High,High
45,100,95,80,0,0,2,1,2,2,2,3,3,1,1,75.5,79.6,Ovate,Intermediate,Temperate,Very High,High
100,45,80,95,0,0,1,2,2,2,3,2,1,3,1,79.4,89.0,Ovate,Yellow,Temperate,Very High,High
45,100,95,80,0,0,2,1,2,2,2,3,3,1,1,72.2,84.6,Ovate,Intermediate,Temperate,Very High,High
100,45,80,95,0,0,1,2,2,2,3,2,1,3,1,67.6,82.0,Ovate,Intermediate,Temperate,Very High,High
45,100,95,80,0,0,2,1,2,2,2,3,3,1,1,67.0,94.1,Ovate,Purple,Temperate,Very High,High
100,45,80,95,0,0,1,2,2,2,3,2,1,3,1,75.2,85.1,Ovate,Yellow,Temperate,Very High,High
45,100,95,80,0,0,2,1,2,2,2,3,3,1,1,69.5,91.9,Ovate,Intermediate,Temperate,Very High,High
100,45,80,95,0,0,1,2,2,2,3,2,1,3,1,71.9,94.2,Ovate,Intermediate,Temperate,Very High,High
45,100,95,80,0,0,2,1,2,2,2,3,3,1,1,77.6,86.3,Ovate,Purple,Temperate,Very High,High
100,45,80,95,0,0,1,2,2,2,3,2,1,3,1,73.1,89.4,Ovate,Intermediate,Temperate,Very High,High
45,100,95,80,0,0,2,1,2,2,2,3,3,1,1,75.0,95.0,Ovate,Intermediate,Temperate,Very High,High
100,45,80,95,0,0,1,2,2,2,3,2,1,3,1,75.5,93.8,Ovate,Intermediate,Temperate,Very High,High
45,100,95,80,0,0,2,1,2,2,2,3,3,1,1,77.3,77.7,Ovate,Yellow,Temperate,Very High,High
100,45,80,95,0,0,1,2,2,2,3,2,1,3,1,67.5,87.0,Ovate,Purple,Temperate,Very High,High
45,100,95,80,0,0,2,1,2,2,2,3,3,1,1,64.9,92.5,Ovate,Intermediate,Temperate,Very High,High
100,45,80,95,0,0,1,2,2,2,3,2,1,3,1,62.9,90.6,Ovate,Purple,Temperate,Very High,High
45,300,95,110,0,3,2,0,2,4,2,3,3,3,0,180.9,97.9,Ovate,Intermediate,Arid,Very High,High
300,45,110,95,3,0,0,2,4,2,3,2,3,3,0,169.7,104.2,Intermediate,Intermediate,Temperate,Very High,High
45,300,95,110,0,3,2,0,2,4,2,3,3,3,0,172.0,96.2,Intermediate,Intermediate,Temperate,Very High,High
300,45,110,95,3,0,0,2,4,2,3,2,3,3,0,174.8,98.1,Ovate,Intermediate,Arid,Very High,High
45,300,95,110,0,3,2,0,2,4,2,3,3,3,0,185.4,109.0,Ovate,Intermediate,Temperate,Very High,High
300,45,110,95,3,0,0,2,4,2,3,2,3,3,0,161.3,109.3,Intermediate,Intermediate,Temperate,Very High,High
45,300,95,110,0,3,2,0,2,4,2,3,3,3,0,158.0,108.3,Ovate,White,Temperate,Very High,High
300,45,110,95,3,0,0,2,4,2,3,2,3,3,0,148.1,94.2,Ovate,Intermediate,Temperate,Very High,High
45,300,95,110,0,3,2,0,2,4,2,3,3,3,0,171.2,106.6,Intermediate,Intermediate,Temperate,Very High,High
300,45,110,95,3,0,0,2,4,2,3,2,3,3,0,162.8,97.0,Linear,Intermediate,Temperate,Very High,High
45,300,95,110,0,3,2,0,2,4,2,3,3,3,0,163.2,101.4,Ovate,Purple,Temperate,Very High,High
300,45,110,95,3,0,0,2,4,2,3,2,3,3,0,160.0,100.5,Linear,Intermediate,Temperate,Very High,High
45,300,95,110,0,3,2,0,2,4,2,3,3,3,0,167.4,102.3,Intermediate,White,Arid,Very High,High
300,45,110,95,3,0,0,2,4,2,3,2,3,3,0,179.3,104.8,Ovate,Intermediate,Arid,Very High,High
45,300,95,110,0,3,2,0,2,4,2,3,3,3,0,175.8,98.1,Intermediate,Intermediate,Temperate,Very High,High
300,45,110,95,3,0,0,2,4,2,3,2,3,3,0,176.4,104.0,Ovate,Intermediate,Temperate,Very High,High
45,250,95,90,0,3,2,2,2,5,2,3,3,1,0,146.8,96.7,Intermediate,Purple,Semi-Arid,Very High,High
250,45,90,95,3,0,2,2,5,2,3,2,1,3,0,143.8,95.9,Intermediate,Purple,Semi-Arid,Very High,High
45,250,95,90,0,3,2,2,2,5,2,3,3,1,0,153.1,89.6,Intermediate,Purple,Semi-Arid,Very High,High
250,45,90,95,3,0,2,2,5,2,3,2,1,3,0,138.5,86.2,Intermediate,Purple,Semi-Arid,Very High,High
45,250,95,90,0,3,2,2,2,5,2,3,3,1,0,136.7,97.4,Intermediate,Purple,Semi-Arid,Very High,High
250,45,90,95,3,0,2,2,5,2,3,2,1,3,0,143.9,93.9,Intermediate,Purple,Temperate,Very High,High
45,250,95,90,0,3,2,2,2,5,2,3,3,1,0,151.2,89.7,Linear,Purple,Temperate,Very High,High
250,45,90,95,3,0,2,2,5,2,3,2,1,3,0,133.9,84.1,Linear,Purple,Temperate,Very High,High
45,250,95,90,0,3,2,2,2,5,2,3,3,1,0,166.0,95.6,Intermediate,Purple,Semi-Arid,Very High,High
250,45,90,95,3,0,2,2,5,2,3,2,1,3,0,154.2,88.1,Linear,Purple,Semi-Arid,Very High,High
45,250,95,90,0,3,2,2,2,5,2,3,3,1,0,135.0,94.4,Ovate,Purple,Semi-Arid,Very High,High
250,45,90,95,3,0,2,2,5,2,3,2,1,3,0,145.1,93.5,Linear,Purple,Semi-Arid,Very High,High
45,250,95,90,0,3,2,2,2,5,2,3,3,1,0,147.4,83.9,Linear,Purple,Temperate,Very High,High
250,45,90,95,3,0,2,2,5,2,3,2,1,3,0,144.2,87.5,Intermediate,Purple,Semi-Arid,Very High,High
45,250,95,90,0,3,2,2,2,5,2,3,3,1,0,153.7,88.1,Ovate,Purple,Semi-Arid,Very High,High
250,45,90,95,3,0,2,2,5,2,3,2,1,3,0,156.9,98.9,Ovate,Purple,Semi-Arid,Very High,High
45,100,95,65,0,7,2,1,2,0,2,2,3,3,1,70.9,76.3,Intermediate,Intermediate,Tropical,High,High
100,45,65,95,7,0,1,2,0,2,2,2,3,3,1,70.1,75.0,Pinnate,Yellow,Tropical,High,High
45,100,95,65,0,7,2,1,2,0,2,2,3,3,1,72.3,80.2,Ovate,Purple,Tropical,High,High
100,45,65,95,7,0,1,2,0,2,2,2,3,3,1,69.0,80.7,Pinnate,Intermediate,Tropical,High,High
45,100,95,65,0,7,2,1,2,0,2,2,3,3,1,75.1,77.4,Pinnate,Intermediate,Tropical,High,High
100,45,65,95,7,0,1,2,0,2,2,2,3,3,1,75.9,78.4,Intermediate,Intermediate,Tropical,High,High
45,100,95,65,0,7,2,1,2,0,2,2,3,3,1,80.2,78.2,Ovate,Yellow,Temperate,High,High
100,45,65,95,7,0,1,2,0,2,2,2,3,3,1,67.0,75.3,Ovate,Intermediate,Temperate,High,High
45,100,95,65,0,7,2,1,2,0,2,2,3,3,1,80.0,77.5,Ovate,Intermediate,Temperate,High,High
100,45,65,95,7,0,1,2,0,2,2,2,3,3,1,74.4,81.0,Ovate,Intermediate,Temperate,High,High
45,100,95,65,0,7,2,1,2,0,2,2,3,3,1,73.9,78.2,Intermediate,Intermediate,Tropical,High,High
100,45,65,95,7,0,1,2,0,2,2,2,3,3,1,72.5,82.3,Pinnate,Yellow,Tropical,High,High
45,100,95,65,0,7,2,1,2,0,2,2,3,3,1,69.8,82.5,Intermediate,Purple,Temperate,High,High
100,45,65,95,7,0,1,2,0,2,2,2,3,3,1,69.9,71.9,Ovate,Yellow,Temperate,High,High
45,100,95,65,0,7,2,1,2,0,2,2,3,3,1,74.0,85.5,Pinnate,Purple,Tropical,High,High
100,45,65,95,7,0,1,2,0,2,2,2,3,3,1,70.9,79.6,Intermediate,Intermediate,Temperate,High,High
45,30,95,75,0,7,2,0,2,6,2,1,3,3,0,38.8,81.9,Intermediate,Intermediate,Temperate,Very High,High
30,45,75,95,7,0,0,2,6,2,1,2,3,3,0,38.6,88.1,Intermediate,Purple,Cool Temperate,Very High,High
45,30,95,75,0,7,2,0,2,6,2,1,3,3,0,38.3,87.7,Intermediate,White,Cool Temperate,Very High,High
30,45,75,95,7,0,0,2,6,2,1,2,3,3,0,36.4,83.1,Intermediate,Purple,Cool Temperate,Very High,High
45,30,95,75,0,7,2,0,2,6,2,1,3,3,0,36.8,87.0,Intermediate,Intermediate,Temperate,Very High,High
30,45,75,95,7,0,0,2,6,2,1,2,3,3,0,38.1,79.2,Intermediate,Intermediate,Cool Temperate,Very High,High
45,30,95,75,0,7,2,0,2,6,2,1,3,3,0,39.6,82.6,Intermediate,Purple,Cool Temperate,Very High,High
30,45,75,95,7,0,0,2,6,2,1,2,3,3,0,35.4,87.1,Intermediate,Intermediate,Cool Temperate,Very High,High
45,30,95,75,0,7,2,0,2,6,2,1,3,3,0,37.0,85.9,Intermediate,Intermediate,Temperate,Very High,High
30,45,75,95,7,0,0,2,6,2,1,2,3,3,0,35.8,80.9,Pinnate,Intermediate,Cool Temperate,Very High,High
45,30,95,75,0,7,2,0,2,6,2,1,3,3,0,38.3,86.0,Ovate,Intermediate,Cool Temperate,Very High,High
30,45,75,95,7,0,0,2,6,2,1,2,3,3,0,34.3,88.0,Pinnate,Intermediate,Cool Temperate,Very High,High
45,30,95,75,0,7,2,0,2,6,2,1,3,3,0,41.3,80.0,Intermediate,White,Temperate,Very High,High
30,45,75,95,7,0,0,2,6,2,1,2,3,3,0,37.0,82.6,Pinnate,White,Cool Temperate,Very High,High
45,30,95,75,0,7,2,0,2,6,2,1,3,3,0,36.2,83.3,Ovate,Intermediate,Temperate,Very High,High
30,45,75,95,7,0,0,2,6,2,1,2,3,3,0,34.9,84.6,Pinnate,Intermediate,Cool Temperate,Very High,High
120,90,75,70,7,0,1,2,8,8,1,1,3,3,1,98.1,70.5,Intermediate,Intermediate,Tropical/Subtropical,Moderate,High
90,120,70,75,0,7,2,1,8,8,1,1,3,3,1,111.1,80.4,Pinnate,Intermediate,Tropical/Subtropical,Moderate,High
120,90,75,70,7,0,1,2,8,8,1,1,3,3,1,103.2,77.7,Pinnate,Yellow,Tropical/Subtropical,Moderate,High
90,120,70,75,0,7,2,1,8,8,1,1,3,3,1,108.7,76.3,Pinnate,Intermediate,Tropical/Subtropical,Moderate,High
120,90,75,70,7,0,1,2,8,8,1,1,3,3,1,103.4,74.2,Ovate,Yellow,Tropical/Subtropical,Moderate,High
90,120,70,75,0,7,2,1,8,8,1,1,3,3,1,97.7,74.4,Pinnate,Intermediate,Tropical/Subtropical,Moderate,High
120,90,75,70,7,0,1,2,8,8,1,1,3,3,1,101.0,65.1,Intermediate,Intermediate,Tropical/Subtropical,Moderate,High
90,120,70,75,0,7,2,1,8,8,1,1,3,3,1,100.9,71.4,Pinnate,Yellow,Tropical/Subtropical,Moderate,High
120,90,75,70,7,0,1,2,8,8,1,1,3,3,1,102.0,77.9,Intermediate,Yellow,Tropical/Subtropical,Moderate,High
90,120,70,75,0,7,2,1,8,8,1,1,3,3,1,108.8,80.4,Intermediate,Intermediate,Tropical/Subtropical,Moderate,High
120,90,75,70,7,0,1,2,8,8,1,1,3,3,1,109.8,68.8,Intermediate,Yellow,Tropical/Subtropical,Moderate,High
90,120,70,75,0,7,2,1,8,8,1,1,3,3,1,93.0,71.6,Ovate,Intermediate,Tropical/Subtropical,Moderate,High
120,90,75,70,7,0,1,2,8,8,1,1,3,3,1,104.8,74.6,Intermediate,Yellow,Tropical/Subtropical,Moderate,High
90,120,70,75,0,7,2,1,8,8,1,1,3,3,1,102.8,76.8,Pinnate,Intermediate,Tropical/Subtropical,Moderate,High
120,90,75,70,7,0,1,2,8,8,1,1,3,3,1,96.2,70.2,Intermediate,Purple,Tropical/Subtropical,Moderate,High
90,120,70,75,0,7,2,1,8,8,1,1,3,3,1,111.3,70.1,Pinnate,Purple,Tropical/Subtropical,Moderate,High
120,75,75,85,7,1,1,0,8,8,1,2,3,3,1,100.4,79.3,Pinnate,Intermediate,Tropical/Subtropical,Very High,High
75,120,85,75,1,7,0,1,8,8,2,1,3,3,1,97.6,79.9,Lanceolate,Intermediate,Tropical/Subtropical,Very High,High
120,75,75,85,7,1,1,0,8,8,1,2,3,3,1,90.6,84.8,Lanceolate,White,Tropical/Subtropical,Very High,High
75,120,85,75,1,7,0,1,8,8,2,1,3,3,1,88.3,74.0,Pinnate,White,Tropical/Subtropical,Very High,High
120,75,75,85,7,1,1,0,8,8,1,2,3,3,1,93.5,78.3,Intermediate,Yellow,Tropical/Subtropical,Very High,High
75,120,85,75,1,7,0,1,8,8,2,1,3,3,1,95.2,78.2,Intermediate,Intermediate,Tropical/Subtropical,Very High,High
120,75,75,85,7,1,1,0,8,8,1,2,3,3,1,97.9,79.7,Intermediate,Intermediate,Tropical/Subtropical,Very High,High
75,120,85,75,1,7,0,1,8,8,2,1,3,3,1,103.4,76.6,Pinnate,Yellow,Tropical/Subtropical,Very High,High
120,75,75,85,7,1,1,0,8,8,1,2,3,3,1,95.2,82.8,Intermediate,Yellow,Tropical/Subtropical,Very High,High
75,120,85,75,1,7,0,1,8,8,2,1,3,3,1,102.7,77.5,Pinnate,Intermediate,Tropical/Subtropical,Very High,High
120,75,75,85,7,1,1,0,8,8,1,2,3,3,1,97.6,83.2,Intermediate,Intermediate,Tropical/Subtropical,Very High,High
75,120,85,75,1,7,0,1,8,8,2,1,3,3,1,100.3,82.7,Intermediate,Intermediate,Tropical/Subtropical,Very High,High
120,75,75,85,7,1,1,0,8,8,1,2,3,3,1,99.4,75.8,Lanceolate,Intermediate,Tropical/Subtropical,Very High,High
75,120,85,75,1,7,0,1,8,8,2,1,3,3,1,99.2,80.2,Pinnate,White,Tropical/Subtropical,Very High,High
120,75,75,85,7,1,1,0,8,8,1,2,3,3,1,94.7,84.1,Intermediate,Intermediate,Tropical/Subtropical,Very High,High
75,120,85,75,1,7,0,1,8,8,2,1,3,3,1,98.7,83.7,Intermediate,White,Tropical/Subtropical,Very High,High
120,80,75,100,7,0,1,0,8,0,1,2,3,1,1,111.5,92.8,Ovate,Yellow,Tropical,Very High,High
80,120,100,75,0,7,0,1,0,8,2,1,1,3,1,108.0,85.0,Pinnate,Yellow,Tropical/Subtropical,Very High,High
120,80,75,100,7,0,1,0,8,0,1,2,3,1,1,103.3,88.1,Pinnate,Intermediate,Tropical/Subtropical,Very High,High
80,120,100,75,0,7,0,1,0,8,2,1,1,3,1,95.8,94.2,Intermediate,Intermediate,Tropical/Subtropical,Very High,High
120,80,75,100,7,0,1,0,8,0,1,2,3,1,1,94.5,90.7,Pinnate,White,Tropical,Very High,High
80,120,100,75,0,7,0,1,0,8,2,1,1,3,1,90.7,91.9,Intermediate,Yellow,Tropical,Very High,High
120,80,75,100,7,0,1,0,8,0,1,2,3,1,1,96.9,86.3,Pinnate,White,Tropical/Subtropical,Very High,High
80,120,100,75,0,7,0,1,0,8,2,1,1,3,1,98.7,96.9,Intermediate,White,Tropical,Very High,High
120,80,75,100,7,0,1,0,8,0,1,2,3,1,1,100.0,85.1,Ovate,Yellow,Tropical,Very High,High
80,120,100,75,0,7,0,1,0,8,2,1,1,3,1,93.2,84.8,Intermediate,Yellow,Tropical,Very High,High
120,80,75,100,7,0,1,0,8,0,1,2,3,1,1,90.7,83.9,Ovate,Intermediate,Tropical/Subtropical,Very High,High
80,120,100,75,0,7,0,1,0,8,2,1,1,3,1,102.1,84.0,Pinnate,Yellow,Tropical,Very High,High
120,80,75,100,7,0,1,0,8,0,1,2,3,1,1,97.5,95.3,Intermediate,Intermediate,Tropical,Very High,High
80,120,100,75,0,7,0,1,0,8,2,1,1,3,1,101.2,93.1,Pinnate,White,Tropical,Very High,High
120,80,75,100,7,0,1,0,8,0,1,2,3,1,1,100.2,83.3,Ovate,Intermediate,Tropical,Very High,High
80,120,100,75,0,7,0,1,0,8,2,1,1,3,1,104.8,87.6,Intermediate,Intermediate,Tropical,Very High,High
120,250,75,90,7,3,1,1,8,2,1,1,3,4,0,174.4,81.6,Pinnate,Yellow,Temperate,Moderate,Very High
250,120,90,75,3,7,1,1,2,8,1,1,4,3,0,184.0,85.2,Intermediate,Yellow,Tropical/Subtropical,Moderate,Very High
120,250,75,90,7,3,1,1,8,2,1,1,3,4,0,194.3,83.3,Intermediate,Yellow,Tropical/Subtropical,Moderate,Very High
250,120,90,75,3,7,1,1,2,8,1,1,4,3,0,168.0,85.6,Intermediate,Yellow,Temperate,Moderate,Very High
120,250,75,90,7,3,1,1,8,2,1,1,3,4,0,189.4,83.5,Linear,Yellow,Temperate,Moderate,Very High
250,120,90,75,3,7,1,1,2,8,1,1,4,3,0,196.4,83.6,Pinnate,Yellow,Temperate,Moderate,Very High
120,250,75,90,7,3,1,1,8,2,1,1,3,4,0,191.9,77.5,Linear,Yellow,Tropical/Subtropical,Moderate,Very High
250,120,90,75,3,7,1,1,2,8,1,1,4,3,0,185.5,82.8,Intermediate,Yellow,Tropical/Subtropical,Moderate,Very High
120,250,75,90,7,3,1,1,8,2,1,1,3,4,0,172.3,77.0,Intermediate,Yellow,Temperate,Moderate,Very High
250,120,90,75,3,7,1,1,2,8,1,1,4,3,0,183.5,85.8,Intermediate,Yellow,Temperate,Moderate,Very High
120,250,75,90,7,3,1,1,8,2,1,1,3,4,0,177.7,81.2,Linear,Yellow,Temperate,Moderate,Very High
250,120,90,75,3,7,1,1,2,8,1,1,4,3,0,176.1,82.4,Intermediate,Yellow,Temperate,Moderate,Very High
120,250,75,90,7,3,1,1,8,2,1,1,3,4,0,196.5,84.6,Pinnate,Yellow,Tropical/Subtropical,Moderate,Very High
250,120,90,75,3,7,1,1,2,8,1,1,4,3,0,164.5,81.1,Linear,Yellow,Temperate,Moderate,Very High
120,250,75,90,7,3,1,1,8,2,1,1,3,4,0,181.0,86.5,Linear,Yellow,Temperate,Moderate,Very High
250,120,90,75,3,7,1,1,2,8,1,1,4,3,0,195.6,83.3,Pinnate,Yellow,Temperate,Moderate,Very High
120,200,75,75,7,3,1,1,8,2,1,1,3,3,0,173.7,82.9,Intermediate,Yellow,Temperate,Moderate,High
200,120,75,75,3,7,1,1,2,8,1,1,3,3,0,150.3,74.4,Intermediate,Yellow,Tropical/Subtropical,Moderate,High
120,200,75,75,7,3,1,1,8,2,1,1,3,3,0,153.3,71.4,Intermediate,Yellow,Tropical/Subtropical,Moderate,High
200,120,75,75,3,7,1,1,2,8,1,1,3,3,0,164.7,75.3,Linear,Yellow,Tropical/Subtropical,Moderate,High
120,200,75,75,7,3,1,1,8,2,1,1,3,3,0,172.6,78.8,Intermediate,Yellow,Temperate,Moderate,High
200,120,75,75,3,7,1,1,2,8,1,1,3,3,0,177.6,74.8,Pinnate,Yellow,Tropical/Subtropical,Moderate,High
120,200,75,75,7,3,1,1,8,2,1,1,3,3,0,151.5,75.1,Pinnate,Yellow,Temperate,Moderate,High
200,120,75,75,3,7,1,1,2,8,1,1,3,3,0,157.2,70.1,Pinnate,Yellow,Tropical/Subtropical,Moderate,High
120,200,75,75,7,3,1,1,8,2,1,1,3,3,0,154.8,75.9,Pinnate,Yellow,Temperate,Moderate,High
200,120,75,75,3,7,1,1,2,8,1,1,3,3,0,168.1,72.5,Pinnate,Yellow,Temperate,Moderate,High
120,200,75,75,7,3,1,1,8,2,1,1,3,3,0,156.5,70.4,Pinnate,Yellow,Temperate,Moderate,High
200,120,75,75,3,7,1,1,2,8,1,1,3,3,0,164.8,69.1,Intermediate,Yellow,Temperate,Moderate,High
120,200,75,75,7,3,1,1,8,2,1,1,3,3,0,177.9,70.0,Pinnate,Yellow,Tropical/Subtropical,Moderate,High
200,120,75,75,3,7,1,1,2,8,1,1,3,3,0,156.5,79.4,Intermediate,Yellow,Tropical/Subtropical,Moderate,High
120,200,75,75,7,3,1,1,8,2,1,1,3,3,0,173.4,70.0,Linear,Yellow,Tropical/Subtropical,Moderate,High
200,120,75,75,3,7,1,1,2,8,1,1,3,3,0,153.7,81.0,Intermediate,Yellow,Temperate,Moderate,High
120,200,75,120,7,7,1,3,8,2,1,1,3,1,0,165.9,96.2,Pinnate,Pink,Tropical/Subtropical,Moderate,High
200,120,120,75,7,7,3,1,2,8,1,1,1,3,0,154.1,105.0,Pinnate,Intermediate,Tropical/Subtropical,Moderate,High
120,200,75,120,7,7,1,3,8,2,1,1,3,1,0,176.9,85.3,Pinnate,Yellow,Tropical/Subtropical,Moderate,High
200,120,120,75,7,7,3,1,2,8,1,1,1,3,0,160.4,95.0,Pinnate,Pink,Tropical/Subtropical,Moderate,High
120,200,75,120,7,7,1,3,8,2,1,1,3,1,0,157.9,105.6,Pinnate,Intermediate,Tropical/Subtropical,Moderate,High
200,120,120,75,7,7,3,1,2,8,1,1,1,3,0,170.9,94.0,Pinnate,Pink,Temperate,Moderate,High
120,200,75,120,7,7,1,3,8,2,1,1,3,1,0,172.2,92.7,Pinnate,Intermediate,Tropical/Subtropical,Moderate,High
200,120,120,75,7,7,3,1,2,8,1,1,1,3,0,152.4,96.1,Pinnate,Yellow,Tropical/Subtropical,Moderate,High
120,200,75,120,7,7,1,3,8,2,1,1,3,1,0,166.0,86.7,Pinnate,Yellow,Temperate,Moderate,High
200,120,120,75,7,7,3,1,2,8,1,1,1,3,0,160.8,98.6,Pinnate,Intermediate,Tropical/Subtropical,Moderate,High
120,200,75,120,7,7,1,3,8,2,1,1,3,1,0,154.2,92.1,Pinnate,Intermediate,Tropical/Subtropical,Moderate,High
200,120,120,75,7,7,3,1,2,8,1,1,1,3,0,148.5,99.5,Pinnate,Intermediate,Tropical/Subtropical,Moderate,High
120,200,75,120,7,7,1,3,8,2,1,1,3,1,0,160.2,95.2,Pinnate,Intermediate,Tropical/Subtropical,Moderate,High
200,120,120,75,7,7,3,1,2,8,1,1,1,3,0,153.9,96.8,Pinnate,Pink,Temperate,Moderate,High
120,200,75,120,7,7,1,3,8,2,1,1,3,1,0,167.9,94.7,Pinnate,Pink,Tropical/Subtropical,Moderate,High
200,120,120,75,7,7,3,1,2,8,1,1,1,3,0,170.5,95.3,Pinnate,Intermediate,Temperate,Moderate,High
120,300,75,150,7,7,1,3,8,6,1,2,3,1,0,221.2,110.5,Pinnate,Intermediate,Cool Temperate,Very High,High
300,120,150,75,7,7,3,1,6,8,2,1,1,3,0,191.1,113.4,Pinnate,Yellow,Cool Temperate,Very High,High
120,300,75,150,7,7,1,3,8,6,1,2,3,1,0,230.8,111.7,Pinnate,Pink,Cool Temperate,Very High,High
300,120,150,75,7,7,3,1,6,8,2,1,1,3,0,199.6,107.2,Pinnate,Yellow,Tropical/Subtropical,Very High,High
120,300,75,150,7,7,1,3,8,6,1,2,3,1,0,221.2,115.0,Pinnate,Intermediate,Cool Temperate,Very High,High
300,120,150,75,7,7,3,1,6,8,2,1,1,3,0,191.0,106.3,Pinnate,Pink,Tropical/Subtropical,Very High,High
120,300,75,150,7,7,1,3,8,6,1,2,3,1,0,191.4,113.2,Pinnate,Pink,Cool Temperate,Very High,High
300,120,150,75,7,7,3,1,6,8,2,1,1,3,0,217.5,112.6,Pinnate,Yellow,Tropical/Subtropical,Very High,High
120,300,75,150,7,7,1,3,8,6,1,2,3,1,0,200.2,102.1,Pinnate,Intermediate,Tropical/Subtropical,Very High,High
300,120,150,75,7,7,3,1,6,8,2,1,1,3,0,230.2,105.5,Pinnate,Intermediate,Cool Temperate,Very High,High
120,300,75,150,7,7,1,3,8,6,1,2,3,1,0,213.4,120.0,Pinnate,Intermediate,Cool Temperate,Very High,High
300,120,150,75,7,7,3,1,6,8,2,1,1,3,0,204.1,119.0,Pinnate,Intermediate,Tropical/Subtropical,Very High,High
120,300,75,150,7,7,1,3,8,6,1,2,3,1,0,203.3,107.6,Pinnate,Intermediate,Tropical/Subtropical,Very High,High
300,120,150,75,7,7,3,1,6,8,2,1,1,3,0,210.1,113.8,Pinnate,Intermediate,Cool Temperate,Very High,High
120,300,75,150,7,7,1,3,8,6,1,2,3,1,0,193.1,117.9,Pinnate,Intermediate,Tropical/Subtropical,Very High,High
300,120,150,75,7,7,3,1,6,8,2,1,1,3,0,209.4,106.3,Pinnate,Intermediate,Cool Temperate,Very High,High
120,300,75,80,7,5,1,1,8,2,1,2,3,4,0,214.3,80.9,Intermediate,Yellow,Tropical/Subtropical,Very High,Very High
300,120,80,75,5,7,1,1,2,8,2,1,4,3,0,200.0,79.6,Cordate,Yellow,Tropical/Subtropical,Very High,Very High
120,300,75,80,7,5,1,1,8,2,1,2,3,4,0,205.9,77.8,Pinnate,Yellow,Temperate,Very High,Very High
300,120,80,75,5,7,1,1,2,8,2,1,4,3,0,205.9,78.6,Cordate,Yellow,Tropical/Subtropical,Very High,Very High
120,300,75,80,7,5,1,1,8,2,1,2,3,4,0,210.1,75.9,Intermediate,Yellow,Temperate,Very High,Very High
300,120,80,75,5,7,1,1,2,8,2,1,4,3,0,212.0,76.5,Cordate,Yellow,Tropical/Subtropical,Very High,Very High
120,300,75,80,7,5,1,1,8,2,1,2,3,4,0,203.4,78.0,Intermediate,Yellow,Tropical/Subtropical,Very High,Very High
300,120,80,75,5,7,1,1,2,8,2,1,4,3,0,211.1,75.8,Intermediate,Yellow,Tropical/Subtropical,Very High,Very High
120,300,75,80,7,5,1,1,8,2,1,2,3,4,0,220.7,80.9,Intermediate,Yellow,Tropical/Subtropical,Very High,Very High
300,120,80,75,5,7,1,1,2,8,2,1,4,3,0,209.4,82.4,Pinnate,Yellow,Tropical/Subtropical,Very High,Very High
120,300,75,80,7,5,1,1,8,2,1,2,3,4,0,221.9,80.3,Intermediate,Yellow,Temperate,Very High,Very High
300,120,80,75,5,7,1,1,2,8,2,1,4,3,0,210.7,76.5,Pinnate,Yellow,Tropical/Subtropical,Very High,Very High
120,300,75,80,7,5,1,1,8,2,1,2,3,4,0,221.7,72.7,Intermediate,Yellow,Temperate,Very High,Very High
300,120,80,75,5,7,1,1,2,8,2,1,4,3,0,210.5,70.9,Intermediate,Yellow,Temperate,Very High,Very High
120,300,75,80,7,5,1,1,8,2,1,2,3,4,0,221.4,81.1,Intermediate,Yellow,Tropical/Subtropical,Very High,Very High
300,120,80,75,5,7,1,1,2,8,2,1,4,3,0,190.9,75.3,Intermediate,Yellow,Tropical/Subtropical,Very High,Very High
120,300,75,130,7,0,1,1,8,2,1,3,3,3,0,213.5,104.3,Pinnate,Yellow,Tropical/Subtropical,Very High,High
300,120,130,75,0,7,1,1,2,8,3,1,3,3,0,199.5,95.6,Intermediate,Yellow,Temperate,Very High,High
120,300,75,130,7,0,1,1,8,2,1,3,3,3,0,216.1,108.8,Intermediate,Yellow,Temperate,Very High,High
300,120,130,75,0,7,1,1,2,8,3,1,3,3,0,222.6,100.9,Ovate,Yellow,Temperate,Very High,High
120,300,75,130,7,0,1,1,8,2,1,3,3,3,0,202.4,92.2,Pinnate,Yellow,Temperate,Very High,High
300,120,130,75,0,7,1,1,2,8,3,1,3,3,0,201.4,111.7,Intermediate,Yellow,Temperate,Very High,High
120,300,75,130,7,0,1,1,8,2,1,3,3,3,0,214.3,99.5,Pinnate,Yellow,Tropical/Subtropical,Very High,High
300,120,130,75,0,7,1,1,2,8,3,1,3,3,0,208.1,92.4,Intermediate,Yellow,Temperate,Very High,High
120,300,75,130,7,0,1,1,8,2,1,3,3,3,0,216.4,101.2,Ovate,Yellow,Temperate,Very High,High
300,120,130,75,0,7,1,1,2,8,3,1,3,3,0,215.4,96.3,Intermediate,Yellow,Tropical/Subtropical,Very High,High
120,300,75,130,7,0,1,1,8,2,1,3,3,3,0,203.1,103.4,Pinnate,Yellow,Tropical/Subtropical,Very High,High
300,120,130,75,0,7,1,1,2,8,3,1,3,3,0,242.8,97.2,Pinnate,Yellow,Temperate,Very High,High
120,300,75,130,7,0,1,1,8,2,1,3,3,3,0,194.5,108.4,Pinnate,Yellow,Tropical/Subtropical,Very High,High
300,120,130,75,0,7,1,1,2,8,3,1,3,3,0,221.3,104.3,Intermediate,Yellow,Tropical/Subtropical,Very High,High
120,300,75,130,7,0,1,1,8,2,1,3,3,3,0,222.8,96.5,Intermediate,Yellow,Temperate,Very High,High
300,120,130,75,0,7,1,1,2,8,3,1,3,3,0,219.6,106.3,Intermediate,Yellow,Temperate,Very High,High
120,120,75,120,7,3,1,0,8,0,1,1,3,4,0,115.2,103.8,Intermediate,Intermediate,Tropical,Moderate,Very High
120,120,120,75,3,7,0,1,0,8,1,1,4,3,0,105.6,108.4,Pinnate,Intermediate,Tropical/Subtropical,Moderate,Very High
120,120,75,120,7,3,1,0,8,0,1,1,3,4,0,118.6,104.5,Intermediate,Yellow,Tropical,Moderate,Very High
120,120,120,75,3,7,0,1,0,8,1,1,4,3,0,114.9,100.1,Intermediate,Intermediate,Tropical/Subtropical,Moderate,Very High
120,120,75,120,7,3,1,0,8,0,1,1,3,4,0,119.6,100.8,Intermediate,White,Tropical/Subtropical,Moderate,Very High
120,120,120,75,3,7,0,1,0,8,1,1,4,3,0,123.5,90.7,Linear,White,Tropical/Subtropical,Moderate,Very High
120,120,75,120,7,3,1,0,8,0,1,1,3,4,0,123.6,97.1,Linear,White,Tropical,Moderate,Very High
120,120,120,75,3,7,0,1,0,8,1,1,4,3,0,122.2,90.8,Pinnate,White,Tropical/Subtropical,Moderate,Very High
120,120,75,120,7,3,1,0,8,0,1,1,3,4,0,129.1,99.4,Linear,Yellow,Tropical/Subtropical,Moderate,Very High
120,120,120,75,3,7,0,1,0,8,1,1,4,3,0,120.8,104.8,Linear,Yellow,Tropical/Subtropical,Moderate,Very High
120,120,75,120,7,3,1,0,8,0,1,1,3,4,0,118.7,90.3,Linear,White,Tropical/Subtropical,Moderate,Very High
120,120,120,75,3,7,0,1,0,8,1,1,4,3,0,129.2,101.4,Intermediate,White,Tropical/Subtropical,Moderate,Very High
120,120,75,120,7,3,1,0,8,0,1,1,3,4,0,110.8,93.6,Pinnate,White,Tropical,Moderate,Very High
120,120,120,75,3,7,0,1,0,8,1,1,4,3,0,125.3,96.5,Pinnate,Intermediate,Tropical/Subtropical,Moderate,Very High
120,120,75,120,7,3,1,0,8,0,1,1,3,4,0,128.0,100.9,Pinnate,Intermediate,Tropical/Subtropical,Moderate,Very High
120,120,120,75,3,7,0,1,0,8,1,1,4,3,0,113.8,93.8,Intermediate,Intermediate,Tropical,Moderate,Very High
120,100,75,110,7,3,1,0,8,0,1,2,3,3,0,113.2,96.6,Linear,Yellow,Tropical/Subtropical,Very High,High
100,120,110,75,3,7,0,1,0,8,2,1,3,3,0,111.4,97.5,Intermediate,Intermediate,Tropical,Very High,High
120,100,75,110,7,3,1,0,8,0,1,2,3,3,0,108.4,95.8,Linear,Intermediate,Tropical,Very High,High
100,120,110,75,3,7,0,1,0,8,2,1,3,3,0,119.0,95.1,Pinnate,Intermediate,Tropical,Very High,High
120,100,75,110,7,3,1,0,8,0,1,2,3,3,0,106.6,92.8,Intermediate,Yellow,Tropical,Very High,High
100,120,110,75,3,7,0,1,0,8,2,1,3,3,0,110.9,100.7,Intermediate,White,Tropical,Very High,High
120,100,75,110,7,3,1,0,8,0,1,2,3,3,0,118.9,94.9,Intermediate,White,Tropical,Very High,High
100,120,110,75,3,7,0,1,0,8,2,1,3,3,0,113.6,96.4,Pinnate,White,Tropical/Subtropical,Very High,High
120,100,75,110,7,3,1,0,8,0,1,2,3,3,0,107.1,99.4,Intermediate,Yellow,Tropical,Very High,High
100,120,110,75,3,7,0,1,0,8,2,1,3,3,0,118.7,93.4,Intermediate,White,Tropical/Subtropical,Very High,High
120,100,75,110,7,3,1,0,8,0,1,2,3,3,0,116.7,92.0,Intermediate,Intermediate,Tropical,Very High,High
100,120,110,75,3,7,0,1,0,8,2,1,3,3,0,106.0,91.5,Linear,Yellow,Tropical,Very High,High
120,100,75,110,7,3,1,0,8,0,1,2,3,3,0,115.5,92.2,Pinnate,Intermediate,Tropical,Very High,High
100,120,110,75,3,7,0,1,0,8,2,1,3,3,0,109.5,88.1,Pinnate,Intermediate,Tropical,Very High,High
120,100,75,110,7,3,1,0,8,0,1,2,3,3,0,110.9,88.1,Intermediate,Intermediate,Tropical/Subtropical,Very High,High
100,120,110,75,3,7,0,1,0,8,2,1,3,3,0,110.1,95.0,Linear,Intermediate,Tropical,Very High,High
120,90,75,100,7,3,1,0,8,2,1,1,3,4,0,110.9,81.4,Intermediate,Intermediate,Temperate,Moderate,Very High
90,120,100,75,3,7,0,1,2,8,1,1,4,3,0,105.7,84.9,Intermediate,Yellow,Temperate,Moderate,Very High
120,90,75,100,7,3,1,0,8,2,1,1,3,4,0,102.8,85.8,Intermediate,Intermediate,Tropical/Subtropical,Moderate,Very High
90,120,100,75,3,7,0,1,2,8,1,1,4,3,0,103.2,85.5,Linear,White,Temperate,Moderate,Very High
120,90,75,100,7,3,1,0,8,2,1,1,3,4,0,96.9,82.5,Linear,Intermediate,Temperate,Moderate,Very High
90,120,100,75,3,7,0,1,2,8,1,1,4,3,0,104.7,87.6,Pinnate,Intermediate,Tropical/Subtropical,Moderate,Very High
120,90,75,100,7,3,1,0,8,2,1,1,3,4,0,99.9,82.7,Intermediate,Intermediate,Tropical/Subtropical,Moderate,Very High
90,120,100,75,3,7,0,1,2,8,1,1,4,3,0,96.3,95.7,Pinnate,White,Tropical/Subtropical,Moderate,Very High
120,90,75,100,7,3,1,0,8,2,1,1,3,4,0,101.7,87.6,Intermediate,Intermediate,Tropical/Subtropical,Moderate,Very High
90,120,100,75,3,7,0,1,2,8,1,1,4,3,0,105.5,76.6,Pinnate,Yellow,Temperate,Moderate,Very High
120,90,75,100,7,3,1,0,8,2,1,1,3,4,0,108.5,89.5,Pinnate,Yellow,Tropical/Subtropical,Moderate,Very High
90,120,100,75,3,7,0,1,2,8,1,1,4,3,0,91.5,84.9,Linear,White,Tropical/Subtropical,Moderate,Very High
120,90,75,100,7,3,1,0,8,2,1,1,3,4,0,92.7,87.4,Pinnate,Intermediate,Temperate,Moderate,Very High
90,120,100,75,3,7,0,1,2,8,1,1,4,3,0,98.2,97.9,Intermediate,Intermediate,Temperate,Moderate,Very High
120,90,75,100,7,3,1,0,8,2,1,1,3,4,0,113.8,92.9,Linear,White,Temperate,Moderate,Very High
90,120,100,75,3,7,0,1,2,8,1,1,4,3,0,109.0,82.6,Intermediate,Intermediate,Tropical/Subtropical,Moderate,Very High
120,100,75,110,7,3,1,0,8,3,1,2,3,3,0,103.0,84.1,Intermediate,Intermediate,Mediterranean,Very High,High
100,120,110,75,3,7,0,1,3,8,2,1,3,3,0,114.9,95.2,Linear,White,Tropical/Subtropical,Very High,High
120,100,75,110,7,3,1,0,8,3,1,2,3,3,0,115.2,96.8,Intermediate,Intermediate,Tropical/Subtropical,Very High,High
100,120,110,75,3,7,0,1,3,8,2,1,3,3,0,109.2,97.9,Intermediate,White,Tropical/Subtropical,Very High,High
120,100,75,110,7,3,1,0,8,3,1,2,3,3,0,106.6,99.2,Intermediate,Intermediate,Mediterranean,Very High,High
100,120,110,75,3,7,0,1,3,8,2,1,3,3,0,114.5,96.9,Linear,Intermediate,Mediterranean,Very High,High
120,100,75,110,7,3,1,0,8,3,1,2,3,3,0,101.9,96.9,Intermediate,Intermediate,Mediterranean,Very High,High
100,120,110,75,3,7,0,1,3,8,2,1,3,3,0,110.1,93.1,Linear,White,Tropical/Subtropical,Very High,High
120,100,75,110,7,3,1,0,8,3,1,2,3,3,0,109.6,95.6,Linear,Intermediate,Mediterranean,Very High,High
100,120,110,75,3,7,0,1,3,8,2,1,3,3,0,118.9,93.2,Pinnate,Intermediate,Tropical/Subtropical,Very High,High
120,100,75,110,7,3,1,0,8,3,1,2,3,3,0,112.7,83.3,Linear,Intermediate,Tropical/Subtropical,Very High,High
100,120,110,75,3,7,0,1,3,8,2,1,3,3,0,118.1,95.3,Intermediate,Intermediate,Tropical/Subtropical,Very High,High
120,100,75,110,7,3,1,0,8,3,1,2,3,3,0,119.7,89.8,Linear,Intermediate,Mediterranean,Very High,High
100,120,110,75,3,7,0,1,3,8,2,1,3,3,0,105.7,91.4,Intermediate,White,Tropical/Subtropical,Very High,High
120,100,75,110,7,3,1,0,8,3,1,2,3,3,0,108.7,92.5,Pinnate,Yellow,Tropical/Subtropical,Very High,High
100,120,110,75,3,7,0,1,3,8,2,1,3,3,0,97.4,88.8,Intermediate,Yellow,Tropical/Subtropical,Very High,High
120,200,75,55,7,4,1,1,8,9,1,1,3,3,0,152.4,69.5,Intermediate,Yellow,Tropical/Subtropical,Moderate,High
200,120,55,75,4,7,1,1,9,8,1,1,3,3,0,176.2,65.2,Palmate,Yellow,Tropical/Temperate,Moderate,High
120,200,75,55,7,4,1,1,8,9,1,1,3,3,0,161.1,62.6,Palmate,Yellow,Tropical/Temperate,Moderate,High
200,120,55,75,4,7,1,1,9,8,1,1,3,3,0,151.3,65.8,Intermediate,Yellow,Tropical/Temperate,Moderate,High
120,200,75,55,7,4,1,1,8,9,1,1,3,3,0,162.6,63.2,Pinnate,Yellow,Tropical/Subtropical,Moderate,High
200,120,55,75,4,7,1,1,9,8,1,1,3,3,0,156.6,62.2,Intermediate,Yellow,Tropical/Subtropical,Moderate,High
120,200,75,55,7,4,1,1,8,9,1,1,3,3,0,143.5,54.5,Palmate,Yellow,Tropical/Subtropical,Moderate,High
200,120,55,75,4,7,1,1,9,8,1,1,3,3,0,157.6,60.7,Palmate,Yellow,Tropical/Subtropical,Moderate,High
120,200,75,55,7,4,1,1,8,9,1,1,3,3,0,162.7,62.1,Palmate,Yellow,Tropical/Subtropical,Moderate,High
200,120,55,75,4,7,1,1,9,8,1,1,3,3,0,157.7,63.5,Intermediate,Yellow,Tropical/Subtropical,Moderate,High
120,200,75,55,7,4,1,1,8,9,1,1,3,3,0,158.3,65.9,Palmate,Yellow,Tropical/Temperate,Moderate,High
200,120,55,75,4,7,1,1,9,8,1,1,3,3,0,154.8,64.8,Palmate,Yellow,Tropical/Subtropical,Moderate,High
120,200,75,55,7,4,1,1,8,9,1,1,3,3,0,162.5,67.8,Palmate,Yellow,Tropical/Temperate,Moderate,High
200,120,55,75,4,7,1,1,9,8,1,1,3,3,0,160.7,65.7,Intermediate,Yellow,Tropical/Subtropical,Moderate,High
120,200,75,55,7,4,1,1,8,9,1,1,3,3,0,170.3,63.7,Intermediate,Yellow,Tropical/Subtropical,Moderate,High
200,120,55,75,4,7,1,1,9,8,1,1,3,3,0,159.7,63.3,Intermediate,Yellow,Tropical/Temperate,Moderate,High
120,150,75,75,7,4,1,1,8,4,1,1,3,3,0,123.6,80.8,Intermediate,Yellow,Arid,Moderate,High
150,120,75,75,4,7,1,1,4,8,1,1,3,3,0,124.4,73.0,Pinnate,Yellow,Arid,Moderate,High
120,150,75,75,7,4,1,1,8,4,1,1,3,3,0,133.6,79.5,Pinnate,Yellow,Arid,Moderate,High
150,120,75,75,4,7,1,1,4,8,1,1,3,3,0,138.5,73.1,Palmate,Yellow,Tropical/Subtropical,Moderate,High
120,150,75,75,7,4,1,1,8,4,1,1,3,3,0,130.8,74.7,Intermediate,Yellow,Tropical/Subtropical,Moderate,High
150,120,75,75,4,7,1,1,4,8,1,1,3,3,0,130.1,74.8,Pinnate,Yellow,Arid,Moderate,High
120,150,75,75,7,4,1,1,8,4,1,1,3,3,0,132.5,77.4,Intermediate,Yellow,Tropical/Subtropical,Moderate,High
150,120,75,75,4,7,1,1,4,8,1,1,3,3,0,137.8,81.6,Intermediate,Yellow,Tropical/Subtropical,Moderate,High
120,150,75,75,7,4,1,1,8,4,1,1,3,3,0,128.7,73.7,Intermediate,Yellow,Tropical/Subtropical,Moderate,High
150,120,75,75,4,7,1,1,4,8,1,1,3,3,0,144.0,72.0,Pinnate,Yellow,Arid,Moderate,High
120,150,75,75,7,4,1,1,8,4,1,1,3,3,0,135.6,71.6,Intermediate,Yellow,Arid,Moderate,High
150,120,75,75,4,7,1,1,4,8,1,1,3,3,0,142.6,70.9,Intermediate,Yellow,Arid,Moderate,High
120,150,75,75,7,4,1,1,8,4,1,1,3,3,0,141.1,77.2,Intermediate,Yellow,Arid,Moderate,High
150,120,75,75,4,7,1,1,4,8,1,1,3,3,0,128.2,75.7,Intermediate,Yellow,Tropical/Subtropical,Moderate,High
120,150,75,75,7,4,1,1,8,4,1,1,3,3,0,138.7,75.8,Pinnate,Yellow,Arid,Moderate,High
150,120,75,75,4,7,1,1,4,8,1,1,3,3,0,133.1,71.3,Intermediate,Yellow,Tropical/Subtropical,Moderate,High
120,60,75,60,7,0,1,0,8,2,1,1,3,3,0,88.0,66.2,Intermediate,Intermediate,Tropical/Subtropical,Moderate,High
60,120,60,75,0,7,0,1,2,8,1,1,3,3,0,96.2,66.4,Ovate,Yellow,Tropical/Subtropical,Moderate,High
120,60,75,60,7,0,1,0,8,2,1,1,3,3,0,88.0,64.5,Ovate,Yellow,Tropical/Subtropical,Moderate,High
60,120,60,75,0,7,0,1,2,8,1,1,3,3,0,94.3,67.7,Intermediate,Intermediate,Temperate,Moderate,High
120,60,75,60,7,0,1,0,8,2,1,1,3,3,0,80.3,66.8,Intermediate,Yellow,Temperate,Moderate,High
60,120,60,75,0,7,0,1,2,8,1,1,3,3,0,91.6,67.6,Ovate,Yellow,Tropical/Subtropical,Moderate,High
120,60,75,60,7,0,1,0,8,2,1,1,3,3,0,90.6,69.8,Ovate,Yellow,Temperate,Moderate,High
60,120,60,75,0,7,0,1,2,8,1,1,3,3,0,87.4,66.1,Intermediate,Yellow,Tropical/Subtropical,Moderate,High
120,60,75,60,7,0,1,0,8,2,1,1,3,3,0,87.7,64.5,Pinnate,Intermediate,Temperate,Moderate,High
60,120,60,75,0,7,0,1,2,8,1,1,3,3,0,88.8,61.3,Intermediate,Intermediate,Temperate,Moderate,High
120,60,75,60,7,0,1,0,8,2,1,1,3,3,0,100.4,64.0,Pinnate,Yellow,Temperate,Moderate,High
60,120,60,75,0,7,0,1,2,8,1,1,3,3,0,88.9,70.1,Intermediate,Yellow,Tropical/Subtropical,Moderate,High
120,60,75,60,7,0,1,0,8,2,1,1,3,3,0,86.1,69.7,Pinnate,Intermediate,Tropical/Subtropical,Moderate,High
60,120,60,75,0,7,0,1,2,8,1,1,3,3,0,86.6,64.0,Intermediate,White,Temperate,Moderate,High
120,60,75,60,7,0,1,0,8,2,1,1,3,3,0,89.4,68.4,Intermediate,Yellow,Temperate,Moderate,High
60,120,60,75,0,7,0,1,2,8,1,1,3,3,0,80.4,62.4,Ovate,Intermediate,Temperate,Moderate,High
120,180,75,80,7,0,1,0,8,0,1,2,3,3,0,141.4,78.7,Pinnate,Intermediate,Tropical/Subtropical,Very High,High
180,120,80,75,0,7,0,1,0,8,2,1,3,3,0,151.5,72.5,Intermediate,Intermediate,Tropical/Subtropical,Very High,High
120,180,75,80,7,0,1,0,8,0,1,2,3,3,0,148.0,75.5,Intermediate,Intermediate,Tropical/Subtropical,Very High,High
180,120,80,75,0,7,0,1,0,8,2,1,3,3,0,148.4,72.0,Intermediate,Intermediate,Tropical/Subtropical,Very High,High
120,180,75,80,7,0,1,0,8,0,1,2,3,3,0,147.7,75.3,Intermediate,Yellow,Tropical/Subtropical,Very High,High
180,120,80,75,0,7,0,1,0,8,2,1,3,3,0,156.0,72.1,Intermediate,Intermediate,Tropical/Subtropical,Very High,High
120,180,75,80,7,0,1,0,8,0,1,2,3,3,0,144.7,81.5,Ovate,Intermediate,Tropical/Subtropical,Very High,High
180,120,80,75,0,7,0,1,0,8,2,1,3,3,0,144.8,79.5,Intermediate,White,Tropical/Subtropical,Very High,High
120,180,75,80,7,0,1,0,8,0,1,2,3,3,0,156.4,74.2,Pinnate,Intermediate,Tropical,Very High,High
180,120,80,75,0,7,0,1,0,8,2,1,3,3,0,137.1,87.4,Intermediate,Intermediate,Tropical/Subtropical,Very High,High
120,180,75,80,7,0,1,0,8,0,1,2,3,3,0,151.5,75.9,Ovate,Intermediate,Tropical,Very High,High
180,120,80,75,0,7,0,1,0,8,2,1,3,3,0,143.5,75.2,Pinnate,Intermediate,Tropical,Very High,High
120,180,75,80,7,0,1,0,8,0,1,2,3,3,0,155.2,82.9,Pinnate,Yellow,Tropical/Subtropical,Very High,High
180,120,80,75,0,7,0,1,0,8,2,1,3,3,0,144.3,86.0,Pinnate,Intermediate,Tropical,Very High,High
120,180,75,80,7,0,1,0,8,0,1,2,3,3,0,149.3,74.1,Ovate,Intermediate,Tropical/Subtropical,Very High,High
180,120,80,75,0,7,0,1,0,8,2,1,3,3,0,151.1,78.5,Intermediate,Intermediate,Tropical/Subtropical,Very High,High
120,100,75,95,7,0,1,2,8,2,1,2,3,4,0,106.1,82.6,Intermediate,Yellow,Temperate,Very High,Very High
100,120,95,75,0,7,2,1,2,8,2,1,4,3,0,123.5,90.1,Pinnate,Intermediate,Tropical/Subtropical,Very High,Very High
120,100,75,95,7,0,1,2,8,2,1,2,3,4,0,105.6,84.7,Intermediate,Yellow,Tropical/Subtropical,Very High,Very High
100,120,95,75,0,7,2,1,2,8,2,1,4,3,0,101.3,88.8,Ovate,Yellow,Tropical/Subtropical,Very High,Very High
120,100,75,95,7,0,1,2,8,2,1,2,3,4,0,106.3,79.4,Intermediate,Purple,Tropical/Subtropical,Very High,Very High
100,120,95,75,0,7,2,1,2,8,2,1,4,3,0,109.1,93.4,Intermediate,Yellow,Tropical/Subtropical,Very High,Very High
120,100,75,95,7,0,1,2,8,2,1,2,3,4,0,103.9,85.0,Ovate,Intermediate,Tropical/Subtropical,Very High,Very High
100,120,95,75,0,7,2,1,2,8,2,1,4,3,0,100.2,80.7,Intermediate,Purple,Temperate,Very High,Very High
120,100,75,95,7,0,1,2,8,2,1,2,3,4,0,108.5,85.9,Intermediate,Purple,Tropical/Subtropical,Very High,Very High
100,120,95,75,0,7,2,1,2,8,2,1,4,3,0,105.0,87.0,Intermediate,Intermediate,Temperate,Very High,Very High
120,100,75,95,7,0,1,2,8,2,1,2,3,4,0,108.6,81.5,Intermediate,Intermediate,Temperate,Very High,Very High
100,120,95,75,0,7,2,1,2,8,2,1,4,3,0,113.8,81.5,Ovate,Yellow,Tropical/Subtropical,Very High,Very High
120,100,75,95,7,0,1,2,8,2,1,2,3,4,0,96.9,86.6,Ovate,Intermediate,Tropical/Subtropical,Very High,Very High
100,120,95,75,0,7,2,1,2,8,2,1,4,3,0,116.2,87.2,Intermediate,Intermediate,Tropical/Subtropical,Very High,Very High
120,100,75,95,7,0,1,2,8,2,1,2,3,4,0,118.2,85.5,Intermediate,Purple,Temperate,Very High,Very High
100,120,95,75,0,7,2,1,2,8,2,1,4,3,0,110.0,83.8,Ovate,Purple,Temperate,Very High,Very High
120,50,75,130,7,9,1,1,8,8,1,1,3,3,0,75.8,105.0,Pinnate,Yellow,Tropical/Subtropical,Moderate,High
50,120,130,75,9,7,1,1,8,8,1,1,3,3,0,84.4,98.9,Pinnate,Yellow,Tropical/Subtropical,Moderate,High
120,50,75,130,7,9,1,1,8,8,1,1,3,3,0,85.6,105.0,Pinnate,Yellow,Tropical/Subtropical,Moderate,High
50,120,130,75,9,7,1,1,8,8,1,1,3,3,0,84.0,109.2,Intermediate,Yellow,Tropical/Subtropical,Moderate,High
120,50,75,130,7,9,1,1,8,8,1,1,3,3,0,98.0,108.7,Compound,Yellow,Tropical/Subtropical,Moderate,High
50,120,130,75,9,7,1,1,8,8,1,1,3,3,0,87.0,105.1,Intermediate,Yellow,Tropical/Subtropical,Moderate,High
120,50,75,130,7,9,1,1,8,8,1,1,3,3,0,79.0,101.4,Intermediate,Yellow,Tropical/Subtropical,Moderate,High
50,120,130,75,9,7,1,1,8,8,1,1,3,3,0,92.3,104.1,Intermediate,Yellow,Tropical/Subtropical,Moderate,High
120,50,75,130,7,9,1,1,8,8,1,1,3,3,0,87.4,103.9,Pinnate,Yellow,Tropical/Subtropical,Moderate,High
50,120,130,75,9,7,1,1,8,8,1,1,3,3,0,81.1,106.5,Intermediate,Yellow,Tropical/Subtropical,Moderate,High
120,50,75,130,7,9,1,1,8,8,1,1,3,3,0,86.3,102.9,Compound,Yellow,Tropical/Subtropical,Moderate,High
50,120,130,75,9,7,1,1,8,8,1,1,3,3,0,98.0,107.3,Intermediate,Yellow,Tropical/Subtropical,Moderate,High
120,50,75,130,7,9,1,1,8,8,1,1,3,3,0,78.8,107.5,Compound,Yellow,Tropical/Subtropical,Moderate,High
50,120,130,75,9,7,1,1,8,8,1,1,3,3,0,83.5,104.8,Intermediate,Yellow,Tropical/Subtropical,Moderate,High
120,50,75,130,7,9,1,1,8,8,1,1,3,3,0,89.0,98.8,Intermediate,Yellow,Tropical/Subtropical,Moderate,High
50,120,130,75,9,7,1,1,8,8,1,1,3,3,0,91.1,98.1,Intermediate,Yellow,Tropical/Subtropical,Moderate,High
120,70,75,90,7,7,1,0,8,6,1,1,3,4,1,103.1,85.6,Pinnate,Intermediate,Tropical/Subtropical,Moderate,Very High
70,120,90,75,7,7,0,1,6,8,1,1,4,3,1,95.4,83.9,Pinnate,Intermediate,Tropical/Subtropical,Moderate,Very High
120,70,75,90,7,7,1,0,8,6,1,1,3,4,1,96.4,74.9,Pinnate,White,Tropical/Subtropical,Moderate,Very High
70,120,90,75,7,7,0,1,6,8,1,1,4,3,1,90.0,83.8,Pinnate,Yellow,Tropical/Subtropical,Moderate,Very High
120,70,75,90,7,7,1,0,8,6,1,1,3,4,1,100.2,84.8,Pinnate,Intermediate,Tropical/Subtropical,Moderate,Very High
70,120,90,75,7,7,0,1,6,8,1,1,4,3,1,99.0,79.0,Pinnate,White,Tropical/Subtropical,Moderate,Very High
120,70,75,90,7,7,1,0,8,6,1,1,3,4,1,94.2,80.4,Pinnate,Intermediate,Cool Temperate,Moderate,Very High
70,120,90,75,7,7,0,1,6,8,1,1,4,3,1,94.3,83.5,Pinnate,White,Tropical/Subtropical,Moderate,Very High
120,70,75,90,7,7,1,0,8,6,1,1,3,4,1,93.2,81.9,Pinnate,Intermediate,Tropical/Subtropical,Moderate,Very High
70,120,90,75,7,7,0,1,6,8,1,1,4,3,1,99.8,80.5,Pinnate,Yellow,Cool Temperate,Moderate,Very High
120,70,75,90,7,7,1,0,8,6,1,1,3,4,1,101.8,82.1,Pinnate,Yellow,Cool Temperate,Moderate,Very High
70,120,90,75,7,7,0,1,6,8,1,1,4,3,1,96.1,83.1,Pinnate,White,Cool Temperate,Moderate,Very High
120,70,75,90,7,7,1,0,8,6,1,1,3,4,1,99.2,79.7,Pinnate,Intermediate,Cool Temperate,Moderate,Very High
70,120,90,75,7,7,0,1,6,8,1,1,4,3,1,91.1,87.2,Pinnate,White,Cool Temperate,Moderate,Very High
120,70,75,90,7,7,1,0,8,6,1,1,3,4,1,90.5,87.2,Pinnate,Yellow,Tropical/Subtropical,Moderate,Very High
70,120,90,75,7,7,0,1,6,8,1,1,4,3,1,87.0,68.9,Pinnate,Intermediate,Tropical/Subtropical,Moderate,Very High
120,30,75,100,7,5,1,2,8,8,1,2,3,3,0,74.5,85.1,Intermediate,Purple,Tropical/Subtropical,Very High,High
30,120,100,75,5,7,2,1,8,8,2,1,3,3,0,68.7,87.9,Intermediate,Yellow,Tropical/Subtropical,Very High,High
120,30,75,100,7,5,1,2,8,8,1,2,3,3,0,77.3,82.3,Intermediate,Purple,Tropical/Subtropical,Very High,High
30,120,100,75,5,7,2,1,8,8,2,1,3,3,0,73.9,88.3,Cordate,Purple,Tropical/Subtropical,Very High,High
120,30,75,100,7,5,1,2,8,8,1,2,3,3,0,82.3,85.3,Cordate,Intermediate,Tropical/Subtropical,Very High,High
30,120,100,75,5,7,2,1,8,8,2,1,3,3,0,74.2,88.2,Intermediate,Purple,Tropical/Subtropical,Very High,High
120,30,75,100,7,5,1,2,8,8,1,2,3,3,0,69.5,100.1,Intermediate,Yellow,Tropical/Subtropical,Very High,High
30,120,100,75,5,7,2,1,8,8,2,1,3,3,0,73.6,92.5,Pinnate,Intermediate,Tropical/Subtropical,Very High,High
120,30,75,100,7,5,1,2,8,8,1,2,3,3,0,77.5,84.9,Pinnate,Purple,Tropical/Subtropical,Very High,High
30,120,100,75,5,7,2,1,8,8,2,1,3,3,0,73.4,79.0,Intermediate,Intermediate,Tropical/Subtropical,Very High,High
120,30,75,100,7,5,1,2,8,8,1,2,3,3,0,85.0,90.1,Pinnate,Purple,Tropical/Subtropical,Very High,High
30,120,100,75,5,7,2,1,8,8,2,1,3,3,0,79.4,87.5,Intermediate,Purple,Tropical/Subtropical,Very High,High
120,30,75,100,7,5,1,2,8,8,1,2,3,3,0,78.2,91.3,Intermediate,Intermediate,Tropical/Subtropical,Very High,High
30,120,100,75,5,7,2,1,8,8,2,1,3,3,0,77.8,85.3,Cordate,Purple,Tropical/Subtropical,Very High,High
120,30,75,100,7,5,1,2,8,8,1,2,3,3,0,72.7,91.7,Intermediate,Intermediate,Tropical/Subtropical,Very High,High
30,120,100,75,5,7,2,1,8,8,2,1,3,3,0,76.4,98.1,Intermediate,Intermediate,Tropical/Subtropical,Very High,High
120,300,75,270,7,4,1,0,8,0,1,3,3,4,0,219.6,168.6,Intermediate,Intermediate,Tropical,Very High,Very High
300,120,270,75,4,7,0,1,0,8,3,1,4,3,0,218.5,172.5,Intermediate,Yellow,Tropical,Very High,Very High
120,300,75,270,7,4,1,0,8,0,1,3,3,4,0,209.7,160.9,Pinnate,Intermediate,Tropical,Very High,Very High
300,120,270,75,4,7,0,1,0,8,3,1,4,3,0,211.5,169.3,Intermediate,Intermediate,Tropical,Very High,Very High
120,300,75,270,7,4,1,0,8,0,1,3,3,4,0,228.1,165.0,Palmate,Intermediate,Tropical,Very High,Very High
300,120,270,75,4,7,0,1,0,8,3,1,4,3,0,201.5,178.5,Intermediate,Intermediate,Tropical,Very High,Very High
120,300,75,270,7,4,1,0,8,0,1,3,3,4,0,213.9,174.8,Intermediate,Intermediate,Tropical/Subtropical,Very High,Very High
300,120,270,75,4,7,0,1,0,8,3,1,4,3,0,188.6,177.1,Intermediate,Intermediate,Tropical/Subtropical,Very High,Very High
120,300,75,270,7,4,1,0,8,0,1,3,3,4,0,210.7,179.5,Intermediate,Yellow,Tropical/Subtropical,Very High,Very High
300,120,270,75,4,7,0,1,0,8,3,1,4,3,0,206.1,169.2,Pinnate,White,Tropical/Subtropical,Very High,Very High
120,300,75,270,7,4,1,0,8,0,1,3,3,4,0,223.1,171.1,Palmate,White,Tropical/Subtropical,Very High,Very High
300,120,270,75,4,7,0,1,0,8,3,1,4,3,0,210.4,169.6,Intermediate,Intermediate,Tropical,Very High,Very High
120,300,75,270,7,4,1,0,8,0,1,3,3,4,0,200.0,174.9,Pinnate,Intermediate,Tropical,Very High,Very High
300,120,270,75,4,7,0,1,0,8,3,1,4,3,0,208.7,169.8,Palmate,White,Tropical/Subtropical,Very High,Very High
120,300,75,270,7,4,1,0,8,0,1,3,3,4,0,208.6,164.0,Intermediate,White,Tropical,Very High,Very High
300,120,270,75,4,7,0,1,0,8,3,1,4,3,0,210.9,176.7,Palmate,White,Tropical,Very High,Very High
120,50,75,70,7,6,1,1,8,6,1,1,3,3,0,84.6,74.6,Oblong,Yellow,Tropical/Subtropical,Moderate,High
50,120,70,75,6,7,1,1,6,8,1,1,3,3,0,81.4,74.5,Intermediate,Yellow,Tropical/Subtropical,Moderate,High
120,50,75,70,7,6,1,1,8,6,1,1,3,3,0,79.1,79.6,Intermediate,Yellow,Cool Temperate,Moderate,High
50,120,70,75,6,7,1,1,6,8,1,1,3,3,0,85.3,73.6,Pinnate,Yellow,Tropical/Subtropical,Moderate,High
120,50,75,70,7,6,1,1,8,6,1,1,3,3,0,88.3,74.3,Intermediate,Yellow,Cool Temperate,Moderate,High
50,120,70,75,6,7,1,1,6,8,1,1,3,3,0,86.3,70.5,Intermediate,Yellow,Tropical/Subtropical,Moderate,High
120,50,75,70,7,6,1,1,8,6,1,1,3,3,0,87.2,71.6,Pinnate,Yellow,Cool Temperate,Moderate,High
50,120,70,75,6,7,1,1,6,8,1,1,3,3,0,83.6,76.5,Oblong,Yellow,Cool Temperate,Moderate,High
120,50,75,70,7,6,1,1,8,6,1,1,3,3,0,88.6,66.5,Intermediate,Yellow,Tropical/Subtropical,Moderate,High
50,120,70,75,6,7,1,1,6,8,1,1,3,3,0,92.4,74.6,Pinnate,Yellow,Cool Temperate,Moderate,High
120,50,75,70,7,6,1,1,8,6,1,1,3,3,0,89.0,73.7,Oblong,Yellow,Tropical/Subtropical,Moderate,High
50,120,70,75,6,7,1,1,6,8,1,1,3,3,0,87.2,78.4,Pinnate,Yellow,Cool Temperate,Moderate,High
120,50,75,70,7,6,1,1,8,6,1,1,3,3,0,81.4,72.0,Intermediate,Yellow,Tropical/Subtropical,Moderate,High
50,120,70,75,6,7,1,1,6,8,1,1,3,3,0,83.6,77.6,Intermediate,Yellow,Tropical/Subtropical,Moderate,High
120,50,75,70,7,6,1,1,8,6,1,1,3,3,0,79.6,67.1,Oblong,Yellow,Tropical/Subtropical,Moderate,High
50,120,70,75,6,7,1,1,6,8,1,1,3,3,0,83.0,70.6,Pinnate,Yellow,Cool Temperate,Moderate,High
120,130,75,100,7,10,1,1,8,2,1,2,3,4,0,122.5,88.0,Intermediate,Yellow,Temperate,Very High,Very High
130,120,100,75,10,7,1,1,2,8,2,1,4,3,0,125.1,89.7,Lobed,Yellow,Tropical/Subtropical,Very High,Very High
120,130,75,100,7,10,1,1,8,2,1,2,3,4,0,127.0,85.0,Lobed,Yellow,Tropical/Subtropical,Very High,Very High
130,120,100,75,10,7,1,1,2,8,2,1,4,3,0,126.0,91.8,Intermediate,Yellow,Temperate,Very High,Very High
120,130,75,100,7,10,1,1,8,2,1,2,3,4,0,122.4,89.8,Intermediate,Yellow,Temperate,Very High,Very High
130,120,100,75,10,7,1,1,2,8,2,1,4,3,0,124.4,89.4,Intermediate,Yellow,Tropical/Subtropical,Very High,Very High
120,130,75,100,7,10,1,1,8,2,1,2,3,4,0,124.4,88.9,Intermediate,Yellow,Temperate,Very High,Very High
130,120,100,75,10,7,1,1,2,8,2,1,4,3,0,122.0,87.5,Lobed,Yellow,Temperate,Very High,Very High
120,130,75,100,7,10,1,1,8,2,1,2,3,4,0,121.1,85.0,Pinnate,Yellow,Temperate,Very High,Very High
130,120,100,75,10,7,1,1,2,8,2,1,4,3,0,126.7,81.6,Lobed,Yellow,Temperate,Very High,Very High
120,130,75,100,7,10,1,1,8,2,1,2,3,4,0,123.4,83.0,Intermediate,Yellow,Tropical/Subtropical,Very High,Very High
130,120,100,75,10,7,1,1,2,8,2,1,4,3,0,118.2,87.3,Lobed,Yellow,Temperate,Very High,Very High
120,130,75,100,7,10,1,1,8,2,1,2,3,4,0,120.7,86.9,Intermediate,Yellow,Tropical/Subtropical,Very High,Very High
130,120,100,75,10,7,1,1,2,8,2,1,4,3,0,119.5,80.7,Intermediate,Yellow,Temperate,Very High,Very High
120,130,75,100,7,10,1,1,8,2,1,2,3,4,0,120.1,78.1,Intermediate,Yellow,Temperate,Very High,Very High
130,120,100,75,10,7,1,1,2,8,2,1,4,3,0,136.7,85.2,Intermediate,Yellow,Tropical/Subtropical,Very High,Very High
120,150,75,150,7,4,1,0,8,1,1,1,3,3,0,138.3,114.6,Palmate,Intermediate,Subtropical,Moderate,High
150,120,150,75,4,7,0,1,1,8,1,1,3,3,0,137.1,108.2,Intermediate,Yellow,Subtropical,Moderate,High
120,150,75,150,7,4,1,0,8,1,1,1,3,3,0,135.2,108.5,Palmate,Intermediate,Subtropical,Moderate,High
150,120,150,75,4,7,0,1,1,8,1,1,3,3,0,132.0,115.6,Intermediate,Intermediate,Subtropical,Moderate,High
120,150,75,150,7,4,1,0,8,1,1,1,3,3,0,132.4,113.2,Palmate,Intermediate,Subtropical,Moderate,High
150,120,150,75,4,7,0,1,1,8,1,1,3,3,0,137.9,109.8,Intermediate,Yellow,Subtropical,Moderate,High
120,150,75,150,7,4,1,0,8,1,1,1,3,3,0,135.7,112.2,Intermediate,Yellow,Tropical/Subtropical,Moderate,High
150,120,150,75,4,7,0,1,1,8,1,1,3,3,0,130.2,116.0,Palmate,Intermediate,Tropical/Subtropical,Moderate,High
120,150,75,150,7,4,1,0,8,1,1,1,3,3,0,137.2,109.3,Palmate,Intermediate,Tropical/Subtropical,Moderate,High
150,120,150,75,4,7,0,1,1,8,1,1,3,3,0,129.0,119.2,Palmate,White,Subtropical,Moderate,High
120,150,75,150,7,4,1,0,8,1,1,1,3,3,0,137.7,110.3,Palmate,Yellow,Tropical/Subtropical,Moderate,High
150,120,150,75,4,7,0,1,1,8,1,1,3,3,0,138.7,110.9,Pinnate,Intermediate,Tropical/Subtropical,Moderate,High
120,150,75,150,7,4,1,0,8,1,1,1,3,3,0,136.5,117.4,Intermediate,White,Tropical/Subtropical,Moderate,High
150,120,150,75,4,7,0,1,1,8,1,1,3,3,0,135.7,108.7,Pinnate,Yellow,Tropical/Subtropical,Moderate,High
120,150,75,150,7,4,1,0,8,1,1,1,3,3,0,135.5,116.9,Intermediate,Yellow,Subtropical,Moderate,High
150,120,150,75,4,7,0,1,1,8,1,1,3,3,0,130.8,115.3,Palmate,Yellow,Tropical/Subtropical,Moderate,High
120,200,75,170,7,4,1,1,8,0,1,2,3,1,0,159.5,117.2,Intermediate,Yellow,Tropical,Very High,High
200,120,170,75,4,7,1,1,0,8,2,1,1,3,0,155.8,117.1,Intermediate,Yellow,Tropical/Subtropical,Very High,High
120,200,75,170,7,4,1,1,8,0,1,2,3,1,0,170.1,125.7,Intermediate,Yellow,Tropical,Very High,High
200,120,170,75,4,7,1,1,0,8,2,1,1,3,0,157.3,103.5,Intermediate,Yellow,Tropical,Very High,High
120,200,75,170,7,4,1,1,8,0,1,2,3,1,0,162.5,121.4,Pinnate,Yellow,Tropical/Subtropical,Very High,High
200,120,170,75,4,7,1,1,0,8,2,1,1,3,0,165.8,126.3,Palmate,Yellow,Tropical,Very High,High
120,200,75,170,7,4,1,1,8,0,1,2,3,1,0,156.7,130.7,Pinnate,Yellow,Tropical,Very High,High
200,120,170,75,4,7,1,1,0,8,2,1,1,3,0,158.1,118.6,Palmate,Yellow,Tropical,Very High,High
120,200,75,170,7,4,1,1,8,0,1,2,3,1,0,163.9,118.9,Pinnate,Yellow,Tropical,Very High,High
200,120,170,75,4,7,1,1,0,8,2,1,1,3,0,154.9,126.6,Intermediate,Yellow,Tropical,Very High,High
120,200,75,170,7,4,1,1,8,0,1,2,3,1,0,167.6,131.6,Palmate,Yellow,Tropical/Subtropical,Very High,High
200,120,170,75,4,7,1,1,0,8,2,1,1,3,0,153.4,131.0,Pinnate,Yellow,Tropical/Subtropical,Very High,High
120,200,75,170,7,4,1,1,8,0,1,2,3,1,0,154.6,127.3,Intermediate,Yellow,Tropical,Very High,High
200,120,170,75,4,7,1,1,0,8,2,1,1,3,0,168.2,124.2,Intermediate,Yellow,Tropical,Very High,High
120,200,75,170,7,4,1,1,8,0,1,2,3,1,0,149.5,126.5,Intermediate,Yellow,Tropical/Subtropical,Very High,High
200,120,170,75,4,7,1,1,0,8,2,1,1,3,0,162.3,122.2,Palmate,Yellow,Tropical/Subtropical,Very High,High
120,180,75,90,7,2,1,3,8,8,1,1,3,3,1,159.8,87.0,Intermediate,Pink,Tropical/Subtropical,Moderate,High
180,120,90,75,2,7,3,1,8,8,1,1,3,3,1,137.6,86.6,Intermediate,Yellow,Tropical/Subtropical,Moderate,High
120,180,75,90,7,2,1,3,8,8,1,1,3,3,1,165.2,81.0,Pinnate,Intermediate,Tropical/Subtropical,Moderate,High
180,120,90,75,2,7,3,1,8,8,1,1,3,3,1,157.2,81.3,Elliptical,Pink,Tropical/Subtropical,Moderate,High
120,180,75,90,7,2,1,3,8,8,1,1,3,3,1,142.7,82.5,Pinnate,Intermediate,Tropical/Subtropical,Moderate,High
180,120,90,75,2,7,3,1,8,8,1,1,3,3,1,155.6,79.5,Elliptical,Intermediate,Tropical/Subtropical,Moderate,High
120,180,75,90,7,2,1,3,8,8,1,1,3,3,1,135.1,82.2,Intermediate,Intermediate,Tropical/Subtropical,Moderate,High
180,120,90,75,2,7,3,1,8,8,1,1,3,3,1,147.2,79.7,Intermediate,Yellow,Tropical/Subtropical,Moderate,High
120,180,75,90,7,2,1,3,8,8,1,1,3,3,1,139.5,82.2,Intermediate,Intermediate,Tropical/Subtropical,Moderate,High
180,120,90,75,2,7,3,1,8,8,1,1,3,3,1,153.1,76.0,Intermediate,Yellow,Tropical/Subtropical,Moderate,High
120,180,75,90,7,2,1,3,8,8,1,1,3,3,1,154.4,78.7,Pinnate,Yellow,Tropical/Subtropical,Moderate,High
180,120,90,75,2,7,3,1,8,8,1,1,3,3,1,155.4,82.6,Pinnate,Pink,Tropical/Subtropical,Moderate,High
120,180,75,90,7,2,1,3,8,8,1,1,3,3,1,153.3,92.8,Intermediate,Pink,Tropical/Subtropical,Moderate,High
180,120,90,75,2,7,3,1,8,8,1,1,3,3,1,158.0,76.1,Intermediate,Intermediate,Tropical/Subtropical,Moderate,High
120,180,75,90,7,2,1,3,8,8,1,1,3,3,1,140.5,88.0,Intermediate,Intermediate,Tropical/Subtropical,Moderate,High
180,120,90,75,2,7,3,1,8,8,1,1,3,3,1,138.3,79.9,Intermediate,Intermediate,Tropical/Subtropical,Moderate,High
120,100,75,80,7,0,1,1,8,2,1,3,3,1,1,117.6,74.5,Intermediate,Yellow,Temperate,Very High,High
100,120,80,75,0,7,1,1,2,8,3,1,1,3,1,115.5,79.1,Ovate,Yellow,Temperate,Very High,High
120,100,75,80,7,0,1,1,8,2,1,3,3,1,1,114.3,74.8,Ovate,Yellow,Temperate,Very High,High
100,120,80,75,0,7,1,1,2,8,3,1,1,3,1,116.2,79.4,Ovate,Yellow,Temperate,Very High,High
120,100,75,80,7,0,1,1,8,2,1,3,3,1,1,112.6,74.6,Intermediate,Yellow,Tropical/Subtropical,Very High,High
100,120,80,75,0,7,1,1,2,8,3,1,1,3,1,110.8,79.8,Intermediate,Yellow,Tropical/Subtropical,Very High,High
120,100,75,80,7,0,1,1,8,2,1,3,3,1,1,107.1,75.5,Pinnate,Yellow,Tropical/Subtropical,Very High,High
100,120,80,75,0,7,1,1,2,8,3,1,1,3,1,116.6,71.5,Intermediate,Yellow,Tropical/Subtropical,Very High,High
120,100,75,80,7,0,1,1,8,2,1,3,3,1,1,112.4,79.6,Ovate,Yellow,Temperate,Very High,High
100,120,80,75,0,7,1,1,2,8,3,1,1,3,1,109.2,72.4,Intermediate,Yellow,Tropical/Subtropical,Very High,High
120,100,75,80,7,0,1,1,8,2,1,3,3,1,1,101.1,72.3,Ovate,Yellow,Tropical/Subtropical,Very High,High
100,120,80,75,0,7,1,1,2,8,3,1,1,3,1,104.7,78.4,Pinnate,Yellow,Temperate,Very High,High
120,100,75,80,7,0,1,1,8,2,1,3,3,1,1,112.5,79.6,Intermediate,Yellow,Temperate,Very High,High
100,120,80,75,0,7,1,1,2,8,3,1,1,3,1,108.1,77.9,Intermediate,Yellow,Temperate,Very High,High
120,100,75,80,7,0,1,1,8,2,1,3,3,1,1,113.3,74.5,Ovate,Yellow,Temperate,Very High,High
100,120,80,75,0,7,1,1,2,8,3,1,1,3,1,105.0,80.2,Pinnate,Yellow,Tropical/Subtropical,Very High,High
120,300,75,110,7,3,1,0,8,4,1,3,3,3,0,216.0,89.7,Intermediate,Intermediate,Arid,Very High,High
300,120,110,75,3,7,0,1,4,8,3,1,3,3,0,195.0,96.2,Pinnate,White,Arid,Very High,High
120,300,75,110,7,3,1,0,8,4,1,3,3,3,0,199.7,92.4,Pinnate,Yellow,Arid,Very High,High
300,120,110,75,3,7,0,1,4,8,3,1,3,3,0,207.8,92.1,Linear,Intermediate,Arid,Very High,High
120,300,75,110,7,3,1,0,8,4,1,3,3,3,0,218.2,93.7,Intermediate,Intermediate,Tropical/Subtropical,Very High,High
300,120,110,75,3,7,0,1,4,8,3,1,3,3,0,207.8,85.0,Intermediate,White,Arid,Very High,High
120,300,75,110,7,3,1,0,8,4,1,3,3,3,0,195.1,90.6,Intermediate,Yellow,Tropical/Subtropical,Very High,High
300,120,110,75,3,7,0,1,4,8,3,1,3,3,0,206.9,96.6,Intermediate,Intermediate,Tropical/Subtropical,Very High,High
120,300,75,110,7,3,1,0,8,4,1,3,3,3,0,209.4,96.9,Linear,Intermediate,Tropical/Subtropical,Very High,High
300,120,110,75,3,7,0,1,4,8,3,1,3,3,0,224.2,95.9,Intermediate,White,Tropical/Subtropical,Very High,High
120,300,75,110,7,3,1,0,8,4,1,3,3,3,0,213.1,94.1,Pinnate,Intermediate,Arid,Very High,High
300,120,110,75,3,7,0,1,4,8,3,1,3,3,0,213.1,100.4,Linear,White,Arid,Very High,High
120,300,75,110,7,3,1,0,8,4,1,3,3,3,0,216.5,91.6,Pinnate,White,Tropical/Subtropical,Very High,High
300,120,110,75,3,7,0,1,4,8,3,1,3,3,0,213.1,92.7,Linear,Intermediate,Arid,Very High,High
120,300,75,110,7,3,1,0,8,4,1,3,3,3,0,213.7,94.9,Intermediate,White,Tropical/Subtropical,Very High,High
300,120,110,75,3,7,0,1,4,8,3,1,3,3,0,194.4,88.3,Intermediate,White,Tropical/Subtropical,Very High,High
120,250,75,90,7,3,1,2,8,5,1,3,3,1,0,203.2,75.4,Intermediate,Purple,Tropical/Subtropical,Very High,High
250,120,90,75,3,7,2,1,5,8,3,1,1,3,0,161.3,83.5,Pinnate,Intermediate,Semi-Arid,Very High,High
120,250,75,90,7,3,1,2,8,5,1,3,3,1,0,177.3,85.3,Intermediate,Intermediate,Semi-Arid,Very High,High
250,120,90,75,3,7,2,1,5,8,3,1,1,3,0,190.5,84.7,Intermediate,Intermediate,Tropical/Subtropical,Very High,High
120,250,75,90,7,3,1,2,8,5,1,3,3,1,0,177.6,84.3,Intermediate,Intermediate,Tropical/Subtropical,Very High,High
250,120,90,75,3,7,2,1,5,8,3,1,1,3,0,199.4,80.9,Intermediate,Intermediate,Tropical/Subtropical,Very High,High
120,250,75,90,7,3,1,2,8,5,1,3,3,1,0,199.5,78.8,Pinnate,Purple,Tropical/Subtropical,Very High,High
250,120,90,75,3,7,2,1,5,8,3,1,1,3,0,189.0,88.2,Linear,Yellow,Tropical/Subtropical,Very High,High
120,250,75,90,7,3,1,2,8,5,1,3,3,1,0,176.9,87.1,Intermediate,Purple,Semi-Arid,Very High,High
250,120,90,75,3,7,2,1,5,8,3,1,1,3,0,170.9,82.2,Pinnate,Yellow,Tropical/Subtropical,Very High,High
120,250,75,90,7,3,1,2,8,5,1,3,3,1,0,185.5,88.5,Linear,Yellow,Semi-Arid,Very High,High
250,120,90,75,3,7,2,1,5,8,3,1,1,3,0,184.2,83.6,Pinnate,Intermediate,Semi-Arid,Very High,High
120,250,75,90,7,3,1,2,8,5,1,3,3,1,0,175.9,89.4,Intermediate,Intermediate,Semi-Arid,Very High,High
250,120,90,75,3,7,2,1,5,8,3,1,1,3,0,164.6,83.8,Intermediate,Yellow,Semi-Arid,Very High,High
120,250,75,90,7,3,1,2,8,5,1,3,3,1,0,174.3,88.6,Linear,Yellow,Semi-Arid,Very High,High
250,120,90,75,3,7,2,1,5,8,3,1,1,3,0,175.4,83.9,Linear,Intermediate,Tropical/Subtropical,Very High,High
120,100,75,65,7,7,1,1,8,0,1,2,3,3,1,110.3,71.3,Pinnate,Yellow,Tropical/Subtropical,Very High,High
100,120,65,75,7,7,1,1,0,8,2,1,3,3,1,99.4,70.5,Pinnate,Yellow,Tropical/Subtropical,Very High,High
120,100,75,65,7,7,1,1,8,0,1,2,3,3,1,113.9,71.1,Pinnate,Yellow,Tropical/Subtropical,Very High,High
100,120,65,75,7,7,1,1,0,8,2,1,3,3,1,106.1,72.2,Pinnate,Yellow,Tropical,Very High,High
120,100,75,65,7,7,1,1,8,0,1,2,3,3,1,112.6,71.0,Pinnate,Yellow,Tropical/Subtropical,Very High,High
100,120,65,75,7,7,1,1,0,8,2,1,3,3,1,106.2,69.1,Pinnate,Yellow,Tropical/Subtropical,Very High,High
120,100,75,65,7,7,1,1,8,0,1,2,3,3,1,112.9,67.6,Pinnate,Yellow,Tropical,Very High,High
100,120,65,75,7,7,1,1,0,8,2,1,3,3,1,113.4,71.2,Pinnate,Yellow,Tropical/Subtropical,Very High,High
120,100,75,65,7,7,1,1,8,0,1,2,3,3,1,106.4,71.4,Pinnate,Yellow,Tropical/Subtropical,Very High,High
100,120,65,75,7,7,1,1,0,8,2,1,3,3,1,105.5,67.2,Pinnate,Yellow,Tropical,Very High,High
120,100,75,65,7,7,1,1,8,0,1,2,3,3,1,113.3,71.1,Pinnate,Yellow,Tropical/Subtropical,Very High,High
100,120,65,75,7,7,1,1,0,8,2,1,3,3,1,106.1,70.8,Pinnate,Yellow,Tropical/Subtropical,Very High,High
120,100,75,65,7,7,1,1,8,0,1,2,3,3,1,115.4,72.7,Pinnate,Yellow,Tropical/Subtropical,Very High,High
100,120,65,75,7,7,1,1,0,8,2,1,3,3,1,106.9,72.2,Pinnate,Yellow,Tropical,Very High,High
120,100,75,65,7,7,1,1,8,0,1,2,3,3,1,118.6,67.0,Pinnate,Yellow,Tropical/Subtropical,Very High,High
100,120,65,75,7,7,1,1,0,8,2,1,3,3,1,110.5,68.8,Pinnate,Yellow,Tropical,Very High,High
120,30,75,75,7,7,1,0,8,6,1,1,3,3,0,73.9,76.0,Pinnate,Intermediate,Tropical/Subtropical,Moderate,High
30,120,75,75,7,7,0,1,6,8,1,1,3,3,0,80.6,74.7,Pinnate,Intermediate,Tropical/Subtropical,Moderate,High
120,30,75,75,7,7,1,0,8,6,1,1,3,3,0,77.5,77.3,Pinnate,Intermediate,Cool Temperate,Moderate,High
30,120,75,75,7,7,0,1,6,8,1,1,3,3,0,68.4,73.0,Pinnate,White,Cool Temperate,Moderate,High
120,30,75,75,7,7,1,0,8,6,1,1,3,3,0,89.1,76.4,Pinnate,Yellow,Tropical/Subtropical,Moderate,High
30,120,75,75,7,7,0,1,6,8,1,1,3,3,0,76.7,73.2,Pinnate,Yellow,Tropical/Subtropical,Moderate,High
120,30,75,75,7,7,1,0,8,6,1,1,3,3,0,72.6,75.0,Pinnate,White,Cool Temperate,Moderate,High
30,120,75,75,7,7,0,1,6,8,1,1,3,3,0,70.8,80.7,Pinnate,Intermediate,Cool Temperate,Moderate,High
120,30,75,75,7,7,1,0,8,6,1,1,3,3,0,70.1,73.0,Pinnate,Yellow,Tropical/Subtropical,Moderate,High
30,120,75,75,7,7,0,1,6,8,1,1,3,3,0,72.5,74.7,Pinnate,Intermediate,Tropical/Subtropical,Moderate,High
120,30,75,75,7,7,1,0,8,6,1,1,3,3,0,79.6,66.6,Pinnate,Intermediate,Tropical/Subtropical,Moderate,High
30,120,75,75,7,7,0,1,6,8,1,1,3,3,0,75.9,78.6,Pinnate,White,Tropical/Subtropical,Moderate,High
120,30,75,75,7,7,1,0,8,6,1,1,3,3,0,71.7,75.0,Pinnate,Yellow,Cool Temperate,Moderate,High
30,120,75,75,7,7,0,1,6,8,1,1,3,3,0,74.5,79.1,Pinnate,White,Cool Temperate,Moderate,High
120,30,75,75,7,7,1,0,8,6,1,1,3,3,0,74.7,70.5,Pinnate,Yellow,Cool Temperate,Moderate,High
30,120,75,75,7,7,0,1,6,8,1,1,3,3,0,74.9,81.0,Pinnate,Yellow,Tropical/Subtropical,Moderate,High
90,75,70,85,0,1,2,0,8,8,1,2,3,3,1,86.5,74.2,Lanceolate,Purple,Tropical/Subtropical,Very High,High
75,90,85,70,1,0,0,2,8,8,2,1,3,3,1,78.8,76.0,Ovate,Purple,Tropical/Subtropical,Very High,High
90,75,70,85,0,1,2,0,8,8,1,2,3,3,1,90.8,75.5,Intermediate,White,Tropical/Subtropical,Very High,High
75,90,85,70,1,0,0,2,8,8,2,1,3,3,1,82.1,70.6,Intermediate,White,Tropical/Subtropical,Very High,High
90,75,70,85,0,1,2,0,8,8,1,2,3,3,1,87.8,77.7,Intermediate,Purple,Tropical/Subtropical,Very High,High
75,90,85,70,1,0,0,2,8,8,2,1,3,3,1,90.3,75.3,Intermediate,Intermediate,Tropical/Subtropical,Very High,High
90,75,70,85,0,1,2,0,8,8,1,2,3,3,1,86.6,79.1,Intermediate,Purple,Tropical/Subtropical,Very High,High
75,90,85,70,1,0,0,2,8,8,2,1,3,3,1,74.3,78.6,Intermediate,White,Tropical/Subtropical,Very High,High
90,75,70,85,0,1,2,0,8,8,1,2,3,3,1,80.9,76.6,Lanceolate,Purple,Tropical/Subtropical,Very High,High
75,90,85,70,1,0,0,2,8,8,2,1,3,3,1,87.7,76.1,Intermediate,Intermediate,Tropical/Subtropical,Very High,High
90,75,70,85,0,1,2,0,8,8,1,2,3,3,1,79.4,72.0,Intermediate,Intermediate,Tropical/Subtropical,Very High,High
75,90,85,70,1,0,0,2,8,8,2,1,3,3,1,85.3,79.1,Lanceolate,Intermediate,Tropical/Subtropical,Very High,High
90,75,70,85,0,1,2,0,8,8,1,2,3,3,1,77.3,76.7,Lanceolate,White,Tropical/Subtropical,Very High,High
75,90,85,70,1,0,0,2,8,8,2,1,3,3,1,77.1,78.3,Intermediate,White,Tropical/Subtropical,Very High,High
90,75,70,85,0,1,2,0,8,8,1,2,3,3,1,88.5,71.6,Intermediate,White,Tropical/Subtropical,Very High,High
75,90,85,70,1,0,0,2,8,8,2,1,3,3,1,83.7,78.9,Ovate,Intermediate,Tropical/Subtropical,Very High,High
90,80,70,100,0,0,2,0,8,0,1,2,3,1,1,85.5,85.4,Ovate,White,Tropical/Subtropical,Very High,High
80,90,100,70,0,0,0,2,0,8,2,1,1,3,1,80.8,86.9,Ovate,White,Tropical/Subtropical,Very High,High
90,80,70,100,0,0,2,0,8,0,1,2,3,1,1,86.4,79.7,Ovate,Intermediate,Tropical,Very High,High
80,90,100,70,0,0,0,2,0,8,2,1,1,3,1,81.5,75.5,Ovate,Intermediate,Tropical/Subtropical,Very High,High
90,80,70,100,0,0,2,0,8,0,1,2,3,1,1,89.2,85.9,Ovate,White,Tropical/Subtropical,Very High,High
80,90,100,70,0,0,0,2,0,8,2,1,1,3,1,90.0,79.4,Ovate,Intermediate,Tropical/Subtropical,Very High,High
90,80,70,100,0,0,2,0,8,0,1,2,3,1,1,84.2,83.7,Ovate,Purple,Tropical,Very High,High
80,90,100,70,0,0,0,2,0,8,2,1,1,3,1,87.2,84.0,Ovate,White,Tropical,Very High,High
90,80,70,100,0,0,2,0,8,0,1,2,3,1,1,88.4,87.4,Ovate,Purple,Tropical/Subtropical,Very High,High
80,90,100,70,0,0,0,2,0,8,2,1,1,3,1,85.4,85.6,Ovate,Intermediate,Tropical/Subtropical,Very High,High
90,80,70,100,0,0,2,0,8,0,1,2,3,1,1,78.9,77.6,Ovate,Intermediate,Tropical/Subtropical,Very High,High
80,90,100,70,0,0,0,2,0,8,2,1,1,3,1,89.9,85.5,Ovate,Intermediate,Tropical/Subtropical,Very High,High
90,80,70,100,0,0,2,0,8,0,1,2,3,1,1,83.9,77.6,Ovate,Purple,Tropical/Subtropical,Very High,High
80,90,100,70,0,0,0,2,0,8,2,1,1,3,1,88.9,83.5,Ovate,Purple,Tropical/Subtropical,Very High,High
90,80,70,100,0,0,2,0,8,0,1,2,3,1,1,91.0,91.3,Ovate,Intermediate,Tropical,Very High,High
80,90,100,70,0,0,0,2,0,8,2,1,1,3,1,88.6,84.5,Ovate,Intermediate,Tropical,Very High,High
90,250,70,90,0,3,2,1,8,2,1,1,3,4,0,170.7,82.9,Linear,Yellow,Tropical/Subtropical,Moderate,Very High
250,90,90,70,3,0,1,2,2,8,1,1,4,3,0,175.8,74.8,Linear,Yellow,Tropical/Subtropical,Moderate,Very High
90,250,70,90,0,3,2,1,8,2,1,1,3,4,0,171.5,77.0,Linear,Intermediate,Temperate,Moderate,Very High
250,90,90,70,3,0,1,2,2,8,1,1,4,3,0,176.0,80.2,Ovate,Intermediate,Tropical/Subtropical,Moderate,Very High
90,250,70,90,0,3,2,1,8,2,1,1,3,4,0,173.8,79.5,Intermediate,Yellow,Tropical/Subtropical,Moderate,Very High
250,90,90,70,3,0,1,2,2,8,1,1,4,3,0,179.0,85.6,Intermediate,Intermediate,Temperate,Moderate,Very High
90,250,70,90,0,3,2,1,8,2,1,1,3,4,0,159.7,72.4,Ovate,Intermediate,Tropical/Subtropical,Moderate,Very High
250,90,90,70,3,0,1,2,2,8,1,1,4,3,0,181.8,74.0,Intermediate,Purple,Temperate,Moderate,Very High
90,250,70,90,0,3,2,1,8,2,1,1,3,4,0,156.6,84.2,Intermediate,Intermediate,Tropical/Subtropical,Moderate,Very High
250,90,90,70,3,0,1,2,2,8,1,1,4,3,0,167.8,77.5,Intermediate,Yellow,Temperate,Moderate,Very High
90,250,70,90,0,3,2,1,8,2,1,1,3,4,0,167.3,77.5,Linear,Purple,Tropical/Subtropical,Moderate,Very High
250,90,90,70,3,0,1,2,2,8,1,1,4,3,0,158.3,85.2,Ovate,Yellow,Tropical/Subtropical,Moderate,Very High
90,250,70,90,0,3,2,1,8,2,1,1,3,4,0,188.5,75.5,Linear,Intermediate,Tropical/Subtropical,Moderate,Very High
250,90,90,70,3,0,1,2,2,8,1,1,4,3,0,167.8,79.3,Intermediate,Purple,Temperate,Moderate,Very High
90,250,70,90,0,3,2,1,8,2,1,1,3,4,0,173.5,79.4,Linear,Yellow,Tropical/Subtropical,Moderate,Very High
250,90,90,70,3,0,1,2,2,8,1,1,4,3,0,182.9,77.1,Ovate,Intermediate,Temperate,Moderate,Very High
90,200,70,75,0,3,2,1,8,2,1,1,3,3,0,143.9,71.0,Intermediate,Intermediate,Temperate,Moderate,High
200,90,75,70,3,0,1,2,2,8,1,1,3,3,0,146.4,73.2,Linear,Intermediate,Temperate,Moderate,High
90,200,70,75,0,3,2,1,8,2,1,1,3,3,0,148.5,66.8,Intermediate,Purple,Tropical/Subtropical,Moderate,High
200,90,75,70,3,0,1,2,2,8,1,1,3,3,0,134.1,77.1,Ovate,Intermediate,Temperate,Moderate,High
90,200,70,75,0,3,2,1,8,2,1,1,3,3,0,151.8,74.3,Intermediate,Intermediate,Temperate,Moderate,High
200,90,75,70,3,0,1,2,2,8,1,1,3,3,0,147.2,74.5,Linear,Purple,Tropical/Subtropical,Moderate,High
90,200,70,75,0,3,2,1,8,2,1,1,3,3,0,147.1,74.1,Linear,Yellow,Temperate,Moderate,High
200,90,75,70,3,0,1,2,2,8,1,1,3,3,0,147.1,70.8,Linear,Purple,Temperate,Moderate,High
90,200,70,75,0,3,2,1,8,2,1,1,3,3,0,138.6,62.0,Intermediate,Purple,Temperate,Moderate,High
200,90,75,70,3,0,1,2,2,8,1,1,3,3,0,136.4,73.3,Ovate,Purple,Tropical/Subtropical,Moderate,High
90,200,70,75,0,3,2,1,8,2,1,1,3,3,0,136.3,63.0,Intermediate,Intermediate,Tropical/Subtropical,Moderate,High
200,90,75,70,3,0,1,2,2,8,1,1,3,3,0,139.0,75.5,Intermediate,Purple,Tropical/Subtropical,Moderate,High
90,200,70,75,0,3,2,1,8,2,1,1,3,3,0,136.0,68.8,Ovate,Intermediate,Temperate,Moderate,High
200,90,75,70,3,0,1,2,2,8,1,1,3,3,0,144.3,75.8,Intermediate,Intermediate,Temperate,Moderate,High
90,200,70,75,0,3,2,1,8,2,1,1,3,3,0,140.3,74.8,Intermediate,Purple,Tropical/Subtropical,Moderate,High
200,90,75,70,3,0,1,2,2,8,1,1,3,3,0,143.1,73.2,Intermediate,Intermediate,Temperate,Moderate,High
90,200,70,120,0,7,2,3,8,2,1,1,3,1,0,149.6,93.0,Intermediate,Intermediate,Temperate,Moderate,High
200,90,120,70,7,0,3,2,2,8,1,1,1,3,0,151.2,96.8,Pinnate,Purple,Temperate,Moderate,High
90,200,70,120,0,7,2,3,8,2,1,1,3,1,0,150.6,89.4,Pinnate,Pink,Temperate,Moderate,High
200,90,120,70,7,0,3,2,2,8,1,1,1,3,0,138.0,98.6,Pinnate,Purple,Tropical/Subtropical,Moderate,High
90,200,70,120,0,7,2,3,8,2,1,1,3,1,0,148.0,103.0,Ovate,Purple,Tropical/Subtropical,Moderate,High
200,90,120,70,7,0,3,2,2,8,1,1,1,3,0,131.5,104.3,Pinnate,Intermediate,Tropical/Subtropical,Moderate,High
90,200,70,120,0,7,2,3,8,2,1,1,3,1,0,155.4,100.0,Intermediate,Intermediate,Tropical/Subtropical,Moderate,High
200,90,120,70,7,0,3,2,2,8,1,1,1,3,0,141.9,94.5,Intermediate,Purple,Tropical/Subtropical,Moderate,High
90,200,70,120,0,7,2,3,8,2,1,1,3,1,0,144.6,102.4,Pinnate,Pink,Tropical/Subtropical,Moderate,High
200,90,120,70,7,0,3,2,2,8,1,1,1,3,0,151.9,94.9,Ovate,Intermediate,Tropical/Subtropical,Moderate,High
90,200,70,120,0,7,2,3,8,2,1,1,3,1,0,136.8,99.3,Ovate,Intermediate,Tropical/Subtropical,Moderate,High
200,90,120,70,7,0,3,2,2,8,1,1,1,3,0,149.8,105.0,Intermediate,Pink,Temperate,Moderate,High
90,200,70,120,0,7,2,3,8,2,1,1,3,1,0,142.1,104.3,Ovate,Purple,Temperate,Moderate,High
200,90,120,70,7,0,3,2,2,8,1,1,1,3,0,152.7,96.1,Ovate,Pink,Tropical/Subtropical,Moderate,High
90,200,70,120,0,7,2,3,8,2,1,1,3,1,0,146.6,98.4,Intermediate,Purple,Tropical/Subtropical,Moderate,High
200,90,120,70,7,0,3,2,2,8,1,1,1,3,0,140.6,90.3,Intermediate,Pink,Tropical/Subtropical,Moderate,High
90,300,70,150,0,7,2,3,8,6,1,2,3,1,0,181.1,111.6,Pinnate,Pink,Tropical/Subtropical,Very High,High
300,90,150,70,7,0,3,2,6,8,2,1,1,3,0,192.0,102.6,Intermediate,Intermediate,Tropical/Subtropical,Very High,High
90,300,70,150,0,7,2,3,8,6,1,2,3,1,0,195.9,108.6,Intermediate,Pink,Tropical/Subtropical,Very High,High
300,90,150,70,7,0,3,2,6,8,2,1,1,3,0,185.3,110.7,Intermediate,Intermediate,Tropical/Subtropical,Very High,High
90,300,70,150,0,7,2,3,8,6,1,2,3,1,0,200.8,119.1,Intermediate,Pink,Tropical/Subtropical,Very High,High
300,90,150,70,7,0,3,2,6,8,2,1,1,3,0,186.3,101.3,Pinnate,Pink,Cool Temperate,Very High,High
90,300,70,150,0,7,2,3,8,6,1,2,3,1,0,191.8,108.9,Intermediate,Pink,Tropical/Subtropical,Very High,High
300,90,150,70,7,0,3,2,6,8,2,1,1,3,0,205.1,99.4,Ovate,Pink,Cool Temperate,Very High,High
90,300,70,150,0,7,2,3,8,6,1,2,3,1,0,182.3,107.3,Intermediate,Pink,Cool Temperate,Very High,High
300,90,150,70,7,0,3,2,6,8,2,1,1,3,0,196.5,111.7,Intermediate,Intermediate,Cool Temperate,Very High,High
90,300,70,150,0,7,2,3,8,6,1,2,3,1,0,197.1,113.6,Pinnate,Intermediate,Tropical/Subtropical,Very High,High
300,90,150,70,7,0,3,2,6,8,2,1,1,3,0,213.5,114.5,Intermediate,Intermediate,Tropical/Subtropical,Very High,High
90,300,70,150,0,7,2,3,8,6,1,2,3,1,0,186.7,115.9,Pinnate,Purple,Tropical/Subtropical,Very High,High
300,90,150,70,7,0,3,2,6,8,2,1,1,3,0,198.6,115.0,Pinnate,Intermediate,Tropical/Subtropical,Very High,High
90,300,70,150,0,7,2,3,8,6,1,2,3,1,0,204.0,112.5,Intermediate,Purple,Cool Temperate,Very High,High
300,90,150,70,7,0,3,2,6,8,2,1,1,3,0,198.9,108.8,Intermediate,Pink,Cool Temperate,Very High,High
90,300,70,80,0,5,2,1,8,2,1,2,3,4,0,201.6,79.1,Intermediate,Purple,Temperate,Very High,Very High
300,90,80,70,5,0,1,2,2,8,2,1,4,3,0,206.2,69.3,Ovate,Purple,Temperate,Very High,Very High
90,300,70,80,0,5,2,1,8,2,1,2,3,4,0,184.1,74.3,Intermediate,Intermediate,Temperate,Very High,Very High
300,90,80,70,5,0,1,2,2,8,2,1,4,3,0,198.4,66.2,Intermediate,Intermediate,Tropical/Subtropical,Very High,Very High
90,300,70,80,0,5,2,1,8,2,1,2,3,4,0,204.8,77.1,Intermediate,Intermediate,Temperate,Very High,Very High
300,90,80,70,5,0,1,2,2,8,2,1,4,3,0,212.3,78.6,Cordate,Purple,Temperate,Very High,Very High
90,300,70,80,0,5,2,1,8,2,1,2,3,4,0,200.0,71.3,Ovate,Intermediate,Tropical/Subtropical,Very High,Very High
300,90,80,70,5,0,1,2,2,8,2,1,4,3,0,187.7,67.6,Ovate,Intermediate,Tropical/Subtropical,Very High,Very High
90,300,70,80,0,5,2,1,8,2,1,2,3,4,0,199.2,78.4,Intermediate,Intermediate,Tropical/Subtropical,Very High,Very High
300,90,80,70,5,0,1,2,2,8,2,1,4,3,0,203.0,83.2,Intermediate,Purple,Temperate,Very High,Very High
90,300,70,80,0,5,2,1,8,2,1,2,3,4,0,191.2,76.3,Cordate,Purple,Tropical/Subtropical,Very High,Very High
300,90,80,70,5,0,1,2,2,8,2,1,4,3,0,180.9,70.8,Intermediate,Intermediate,Tropical/Subtropical,Very High,Very High
90,300,70,80,0,5,2,1,8,2,1,2,3,4,0,193.3,74.4,Intermediate,Intermediate,Tropical/Subtropical,Very High,Very High
300,90,80,70,5,0,1,2,2,8,2,1,4,3,0,187.3,70.5,Intermediate,Intermediate,Temperate,Very High,Very High
90,300,70,80,0,5,2,1,8,2,1,2,3,4,0,190.2,75.4,Ovate,Intermediate,Tropical/Subtropical,Very High,Very High
300,90,80,70,5,0,1,2,2,8,2,1,4,3,0,177.0,80.1,Cordate,Intermediate,Tropical/Subtropical,Very High,Very High
90,300,70,130,0,0,2,1,8,2,1,3,3,3,0,169.2,110.4,Ovate,Purple,Temperate,Very High,High
300,90,130,70,0,0,1,2,2,8,3,1,3,3,0,205.6,100.4,Ovate,Purple,Tropical/Subtropical,Very High,High
90,300,70,130,0,0,2,1,8,2,1,3,3,3,0,196.8,106.4,Ovate,Intermediate,Tropical/Subtropical,Very High,High
300,90,130,70,0,0,1,2,2,8,3,1,3,3,0,202.4,86.5,Ovate,Intermediate,Temperate,Very High,High
90,300,70,130,0,0,2,1,8,2,1,3,3,3,0,213.9,105.4,Ovate,Yellow,Tropical/Subtropical,Very High,High
300,90,130,70,0,0,1,2,2,8,3,1,3,3,0,183.8,98.0,Ovate,Intermediate,Tropical/Subtropical,Very High,High
90,300,70,130,0,0,2,1,8,2,1,3,3,3,0,171.3,99.2,Ovate,Intermediate,Tropical/Subtropical,Very High,High
300,90,130,70,0,0,1,2,2,8,3,1,3,3,0,205.6,100.4,Ovate,Purple,Temperate,Very High,High
90,300,70,130,0,0,2,1,8,2,1,3,3,3,0,206.3,102.0,Ovate,Yellow,Tropical/Subtropical,Very High,High
300,90,130,70,0,0,1,2,2,8,3,1,3,3,0,186.5,97.7,Ovate,Intermediate,Tropical/Subtropical,Very High,High
90,300,70,130,0,0,2,1,8,2,1,3,3,3,0,189.8,100.5,Ovate,Intermediate,Tropical/Subtropical,Very High,High
300,90,130,70,0,0,1,2,2,8,3,1,3,3,0,189.7,98.9,Ovate,Intermediate,Temperate,Very High,High
90,300,70,130,0,0,2,1,8,2,1,3,3,3,0,201.1,98.6,Ovate,Yellow,Temperate,Very High,High
300,90,130,70,0,0,1,2,2,8,3,1,3,3,0,184.9,101.1,Ovate,Intermediate,Tropical/Subtropical,Very High,High
90,300,70,130,0,0,2,1,8,2,1,3,3,3,0,215.0,98.4,Ovate,Yellow,Tropical/Subtropical,Very High,High
300,90,130,70,0,0,1,2,2,8,3,1,3,3,0,190.7,100.1,Ovate,Purple,Temperate,Very High,High
90,120,70,120,0,3,2,0,8,0,1,1,3,4,0,109.0,102.5,Intermediate,White,Tropical,Moderate,Very High
120,90,120,70,3,0,0,2,0,8,1,1,4,3,0,112.8,100.9,Intermediate,Intermediate,Tropical/Subtropical,Moderate,Very High
90,120,70,120,0,3,2,0,8,0,1,1,3,4,0,107.1,100.8,Intermediate,White,Tropical,Moderate,Very High
120,90,120,70,3,0,0,2,0,8,1,1,4,3,0,104.1,95.3,Intermediate,White,Tropical,Moderate,Very High
90,120,70,120,0,3,2,0,8,0,1,1,3,4,0,99.0,98.3,Ovate,Purple,Tropical/Subtropical,Moderate,Very High
120,90,120,70,3,0,0,2,0,8,1,1,4,3,0,102.3,91.4,Linear,Intermediate,Tropical,Moderate,Very High
90,120,70,120,0,3,2,0,8,0,1,1,3,4,0,106.2,88.1,Ovate,Purple,Tropical,Moderate,Very High
120,90,120,70,3,0,0,2,0,8,1,1,4,3,0,105.9,86.8,Intermediate,White,Tropical,Moderate,Very High
90,120,70,120,0,3,2,0,8,0,1,1,3,4,0,104.4,103.1,Linear,White,Tropical,Moderate,Very High
120,90,120,70,3,0,0,2,0,8,1,1,4,3,0,107.4,93.0,Linear,Purple,Tropical/Subtropical,Moderate,Very High
90,120,70,120,0,3,2,0,8,0,1,1,3,4,0,105.2,91.0,Intermediate,White,Tropical,Moderate,Very High
120,90,120,70,3,0,0,2,0,8,1,1,4,3,0,103.3,94.3,Ovate,Purple,Tropical/Subtropical,Moderate,Very High
90,120,70,120,0,3,2,0,8,0,1,1,3,4,0,106.6,101.2,Intermediate,Intermediate,Tropical/Subtropical,Moderate,Very High
120,90,120,70,3,0,0,2,0,8,1,1,4,3,0,97.8,99.3,Linear,Intermediate,Tropical/Subtropical,Moderate,Very High
90,120,70,120,0,3,2,0,8,0,1,1,3,4,0,98.6,99.4,Ovate,Intermediate,Tropical,Moderate,Very High
120,90,120,70,3,0,0,2,0,8,1,1,4,3,0,116.0,100.6,Intermediate,White,Tropical,Moderate,Very High
90,100,70,110,0,3,2,0,8,0,1,2,3,3,0,100.1,87.8,Intermediate,Purple,Tropical/Subtropical,Very High,High
100,90,110,70,3,0,0,2,0,8,2,1,3,3,0,98.6,85.5,Ovate,Purple,Tropical,Very High,High
90,100,70,110,0,3,2,0,8,0,1,2,3,3,0,93.9,94.0,Ovate,Intermediate,Tropical,Very High,High
100,90,110,70,3,0,0,2,0,8,2,1,3,3,0,93.6,84.5,Intermediate,Purple,Tropical/Subtropical,Very High,High
90,100,70,110,0,3,2,0,8,0,1,2,3,3,0,94.9,98.3,Intermediate,Purple,Tropical/Subtropical,Very High,High
100,90,110,70,3,0,0,2,0,8,2,1,3,3,0,96.8,94.4,Intermediate,White,Tropical/Subtropical,Very High,High
90,100,70,110,0,3,2,0,8,0,1,2,3,3,0,89.1,88.8,Intermediate,Intermediate,Tropical/Subtropical,Very High,High
100,90,110,70,3,0,0,2,0,8,2,1,3,3,0,94.4,89.1,Ovate,Intermediate,Tropical/Subtropical,Very High,High
90,100,70,110,0,3,2,0,8,0,1,2,3,3,0,89.3,93.9,Linear,Purple,Tropical/Subtropical,Very High,High
100,90,110,70,3,0,0,2,0,8,2,1,3,3,0,96.2,90.6,Linear,Intermediate,Tropical,Very High,High
90,100,70,110,0,3,2,0,8,0,1,2,3,3,0,91.9,91.7,Linear,Intermediate,Tropical/Subtropical,Very High,High
100,90,110,70,3,0,0,2,0,8,2,1,3,3,0,95.2,92.0,Intermediate,White,Tropical/Subtropical,Very High,High
90,100,70,110,0,3,2,0,8,0,1,2,3,3,0,105.9,82.8,Linear,Intermediate,Tropical/Subtropical,Very High,High
100,90,110,70,3,0,0,2,0,8,2,1,3,3,0,98.8,91.6,Linear,White,Tropical,Very High,High
90,100,70,110,0,3,2,0,8,0,1,2,3,3,0,94.2,88.5,Intermediate,Intermediate,Tropical/Subtropical,Very High,High
100,90,110,70,3,0,0,2,0,8,2,1,3,3,0,99.2,88.4,Intermediate,Intermediate,Tropical/Subtropical,Very High,High
90,90,70,100,0,3,2,0,8,2,1,1,3,4,0,85.9,89.5,Linear,Purple,Tropical/Subtropical,Moderate,Very High
90,90,100,70,3,0,0,2,2,8,1,1,4,3,0,93.0,78.4,Intermediate,Intermediate,Tropical/Subtropical,Moderate,Very High
90,90,70,100,0,3,2,0,8,2,1,1,3,4,0,91.5,82.6,Intermediate,Intermediate,Tropical/Subtropical,Moderate,Very High
90,90,100,70,3,0,0,2,2,8,1,1,4,3,0,85.3,83.5,Intermediate,White,Temperate,Moderate,Very High
90,90,70,100,0,3,2,0,8,2,1,1,3,4,0,89.9,84.5,Ovate,Intermediate,Temperate,Moderate,Very High
90,90,100,70,3,0,0,2,2,8,1,1,4,3,0,83.1,86.1,Linear,Purple,Tropical/Subtropical,Moderate,Very High
90,90,70,100,0,3,2,0,8,2,1,1,3,4,0,98.9,81.0,Intermediate,Purple,Temperate,Moderate,Very High
90,90,100,70,3,0,0,2,2,8,1,1,4,3,0,90.2,74.0,Intermediate,Intermediate,Tropical/Subtropical,Moderate,Very High
90,90,70,100,0,3,2,0,8,2,1,1,3,4,0,89.9,83.0,Intermediate,White,Tropical/Subtropical,Moderate,Very High
90,90,100,70,3,0,0,2,2,8,1,1,4,3,0,90.7,86.3,Linear,White,Tropical/Subtropical,Moderate,Very High
90,90,70,100,0,3,2,0,8,2,1,1,3,4,0,91.8,84.3,Intermediate,Purple,Temperate,Moderate,Very High
90,90,100,70,3,0,0,2,2,8,1,1,4,3,0,89.4,86.1,Ovate,Intermediate,Temperate,Moderate,Very High
90,90,70,100,0,3,2,0,8,2,1,1,3,4,0,86.9,87.3,Linear,Purple,Temperate,Moderate,Very High
90,90,100,70,3,0,0,2,2,8,1,1,4,3,0,87.4,80.3,Intermediate,Intermediate,Tropical/Subtropical,Moderate,Very High
90,90,70,100,0,3,2,0,8,2,1,1,3,4,0,90.9,82.6,Ovate,White,Temperate,Moderate,Very High
90,90,100,70,3,0,0,2,2,8,1,1,4,3,0,92.9,92.3,Linear,White,Temperate,Moderate,Very High
90,100,70,110,0,3,2,0,8,3,1,2,3,3,0,97.7,90.3,Linear,Purple,Tropical/Subtropical,Very High,High
100,90,110,70,3,0,0,2,3,8,2,1,3,3,0,92.1,80.2,Linear,Intermediate,Mediterranean,Very High,High
90,100,70,110,0,3,2,0,8,3,1,2,3,3,0,94.4,87.7,Intermediate,Intermediate,Mediterranean,Very High,High
100,90,110,70,3,0,0,2,3,8,2,1,3,3,0,89.6,89.6,Linear,White,Mediterranean,Very High,High
90,100,70,110,0,3,2,0,8,3,1,2,3,3,0,97.7,87.7,Intermediate,Purple,Tropical/Subtropical,Very High,High
100,90,110,70,3,0,0,2,3,8,2,1,3,3,0,89.1,87.0,Intermediate,Purple,Mediterranean,Very High,High
90,100,70,110,0,3,2,0,8,3,1,2,3,3,0,102.3,93.1,Linear,Intermediate,Mediterranean,Very High,High
100,90,110,70,3,0,0,2,3,8,2,1,3,3,0,89.0,91.0,Intermediate,Intermediate,Mediterranean,Very High,High
90,100,70,110,0,3,2,0,8,3,1,2,3,3,0,96.7,84.8,Linear,Intermediate,Mediterranean,Very High,High
100,90,110,70,3,0,0,2,3,8,2,1,3,3,0,87.3,86.8,Intermediate,Intermediate,Mediterranean,Very High,High
90,100,70,110,0,3,2,0,8,3,1,2,3,3,0,95.6,92.0,Intermediate,White,Tropical/Subtropical,Very High,High
100,90,110,70,3,0,0,2,3,8,2,1,3,3,0,91.3,80.2,Ovate,Intermediate,Tropical/Subtropical,Very High,High
90,100,70,110,0,3,2,0,8,3,1,2,3,3,0,97.0,93.3,Intermediate,Purple,Mediterranean,Very High,High
100,90,110,70,3,0,0,2,3,8,2,1,3,3,0,96.4,85.8,Ovate,Intermediate,Mediterranean,Very High,High
90,100,70,110,0,3,2,0,8,3,1,2,3,3,0,99.0,88.2,Ovate,Intermediate,Mediterranean,Very High,High
100,90,110,70,3,0,0,2,3,8,2,1,3,3,0,88.8,87.7,Intermediate,Purple,Tropical/Subtropical,Very High,High
90,200,70,55,0,4,2,1,8,9,1,1,3,3,0,146.5,64.9,Intermediate,Purple,Tropical/Temperate,Moderate,High
200,90,55,70,4,0,1,2,9,8,1,1,3,3,0,145.2,61.6,Ovate,Intermediate,Tropical/Temperate,Moderate,High
90,200,70,55,0,4,2,1,8,9,1,1,3,3,0,134.6,63.5,Palmate,Yellow,Tropical/Temperate,Moderate,High
200,90,55,70,4,0,1,2,9,8,1,1,3,3,0,144.0,58.3,Palmate,Intermediate,Tropical/Temperate,Moderate,High
90,200,70,55,0,4,2,1,8,9,1,1,3,3,0,153.0,60.7,Ovate,Purple,Tropical/Temperate,Moderate,High
200,90,55,70,4,0,1,2,9,8,1,1,3,3,0,142.2,62.1,Intermediate,Purple,Tropical/Subtropical,Moderate,High
90,200,70,55,0,4,2,1,8,9,1,1,3,3,0,139.3,65.6,Palmate,Yellow,Tropical/Subtropical,Moderate,High
200,90,55,70,4,0,1,2,9,8,1,1,3,3,0,135.7,65.5,Intermediate,Purple,Tropical/Subtropical,Moderate,High
90,200,70,55,0,4,2,1,8,9,1,1,3,3,0,131.8,55.5,Palmate,Yellow,Tropical/Temperate,Moderate,High
200,90,55,70,4,0,1,2,9,8,1,1,3,3,0,139.3,64.8,Ovate,Yellow,Tropical/Temperate,Moderate,High
90,200,70,55,0,4,2,1,8,9,1,1,3,3,0,151.4,63.9,Intermediate,Yellow,Tropical/Subtropical,Moderate,High
200,90,55,70,4,0,1,2,9,8,1,1,3,3,0,154.4,57.1,Palmate,Yellow,Tropical/Subtropical,Moderate,High
90,200,70,55,0,4,2,1,8,9,1,1,3,3,0,133.9,55.3,Palmate,Intermediate,Tropical/Temperate,Moderate,High
200,90,55,70,4,0,1,2,9,8,1,1,3,3,0,147.9,59.4,Ovate,Intermediate,Tropical/Subtropical,Moderate,High
90,200,70,55,0,4,2,1,8,9,1,1,3,3,0,142.9,60.2,Palmate,Purple,Tropical/Temperate,Moderate,High
200,90,55,70,4,0,1,2,9,8,1,1,3,3,0,154.9,54.2,Palmate,Yellow,Tropical/Subtropical,Moderate,High
90,150,70,75,0,4,2,1,8,4,1,1,3,3,0,109.9,67.7,Intermediate,Yellow,Tropical/Subtropical,Moderate,High
150,90,75,70,4,0,1,2,4,8,1,1,3,3,0,135.7,73.8,Palmate,Purple,Arid,Moderate,High
90,150,70,75,0,4,2,1,8,4,1,1,3,3,0,119.6,73.3,Intermediate,Yellow,Arid,Moderate,High
150,90,75,70,4,0,1,2,4,8,1,1,3,3,0,119.8,76.4,Palmate,Intermediate,Arid,Moderate,High
90,150,70,75,0,4,2,1,8,4,1,1,3,3,0,127.4,76.1,Intermediate,Purple,Tropical/Subtropical,Moderate,High
150,90,75,70,4,0,1,2,4,8,1,1,3,3,0,126.4,74.2,Intermediate,Intermediate,Arid,Moderate,High
90,150,70,75,0,4,2,1,8,4,1,1,3,3,0,115.3,69.8,Palmate,Intermediate,Tropical/Subtropical,Moderate,High
150,90,75,70,4,0,1,2,4,8,1,1,3,3,0,118.1,72.0,Ovate,Purple,Arid,Moderate,High
90,150,70,75,0,4,2,1,8,4,1,1,3,3,0,132.5,71.9,Intermediate,Intermediate,Tropical/Subtropical,Moderate,High
150,90,75,70,4,0,1,2,4,8,1,1,3,3,0,129.4,73.1,Palmate,Intermediate,Tropical/Subtropical,Moderate,High
90,150,70,75,0,4,2,1,8,4,1,1,3,3,0,114.3,71.5,Ovate,Intermediate,Arid,Moderate,High
150,90,75,70,4,0,1,2,4,8,1,1,3,3,0,124.8,72.1,Intermediate,Intermediate,Arid,Moderate,High
90,150,70,75,0,4,2,1,8,4,1,1,3,3,0,107.3,69.3,Intermediate,Intermediate,Arid,Moderate,High
150,90,75,70,4,0,1,2,4,8,1,1,3,3,0,118.8,63.4,Ovate,Intermediate,Arid,Moderate,High
90,150,70,75,0,4,2,1,8,4,1,1,3,3,0,119.8,71.7,Palmate,Intermediate,Arid,Moderate,High
150,90,75,70,4,0,1,2,4,8,1,1,3,3,0,120.3,72.8,Intermediate,Purple,Arid,Moderate,High
90,60,70,60,0,0,2,0,8,2,1,1,3,3,0,83.0,68.7,Ovate,Intermediate,Temperate,Moderate,High
60,90,60,70,0,0,0,2,2,8,1,1,3,3,0,70.9,66.3,Ovate,White,Temperate,Moderate,High
90,60,70,60,0,0,2,0,8,2,1,1,3,3,0,68.3,59.0,Ovate,Purple,Temperate,Moderate,High
60,90,60,70,0,0,0,2,2,8,1,1,3,3,0,72.4,63.4,Ovate,Intermediate,Tropical/Subtropical,Moderate,High
90,60,70,60,0,0,2,0,8,2,1,1,3,3,0,81.3,61.6,Ovate,White,Tropical/Subtropical,Moderate,High
60,90,60,70,0,0,0,2,2,8,1,1,3,3,0,69.0,62.8,Ovate,Intermediate,Temperate,Moderate,High
90,60,70,60,0,0,2,0,8,2,1,1,3,3,0,79.3,68.7,Ovate,Intermediate,Tropical/Subtropical,Moderate,High
60,90,60,70,0,0,0,2,2,8,1,1,3,3,0,71.6,64.2,Ovate,Purple,Temperate,Moderate,High
90,60,70,60,0,0,2,0,8,2,1,1,3,3,0,71.3,68.8,Ovate,Purple,Temperate,Moderate,High
60,90,60,70,0,0,0,2,2,8,1,1,3,3,0,77.6,65.7,Ovate,Intermediate,Tropical/Subtropical,Moderate,High
90,60,70,60,0,0,2,0,8,2,1,1,3,3,0,73.1,72.4,Ovate,Intermediate,Tropical/Subtropical,Moderate,High
60,90,60,70,0,0,0,2,2,8,1,1,3,3,0,69.8,66.3,Ovate,White,Temperate,Moderate,High
90,60,70,60,0,0,2,0,8,2,1,1,3,3,0,71.9,72.5,Ovate,Intermediate,Temperate,Moderate,High
60,90,60,70,0,0,0,2,2,8,1,1,3,3,0,74.5,70.1,Ovate,White,Temperate,Moderate,High
90,60,70,60,0,0,2,0,8,2,1,1,3,3,0,72.6,61.7,Ovate,Intermediate,Temperate,Moderate,High
60,90,60,70,0,0,0,2,2,8,1,1,3,3,0,73.8,70.6,Ovate,White,Temperate,Moderate,High
90,180,70,80,0,0,2,0,8,0,1,2,3,3,0,137.4,78.0,Ovate,Intermediate,Tropical/Subtropical,Very High,High
180,90,80,70,0,0,0,2,0,8,2,1,3,3,0,135.8,79.1,Ovate,Intermediate,Tropical/Subtropical,Very High,High
90,180,70,80,0,0,2,0,8,0,1,2,3,3,0,133.2,78.8,Ovate,White,Tropical/Subtropical,Very High,High
180,90,80,70,0,0,0,2,0,8,2,1,3,3,0,138.3,77.4,Ovate,White,Tropical,Very High,High
90,180,70,80,0,0,2,0,8,0,1,2,3,3,0,136.1,70.8,Ovate,Purple,Tropical/Subtropical,Very High,High
180,90,80,70,0,0,0,2,0,8,2,1,3,3,0,120.7,73.3,Ovate,Purple,Tropical,Very High,High
90,180,70,80,0,0,2,0,8,0,1,2,3,3,0,133.3,67.6,Ovate,Intermediate,Tropical,Very High,High
180,90,80,70,0,0,0,2,0,8,2,1,3,3,0,146.3,74.0,Ovate,Intermediate,Tropical/Subtropical,Very High,High
90,180,70,80,0,0,2,0,8,0,1,2,3,3,0,140.8,69.8,Ovate,Intermediate,Tropical,Very High,High
180,90,80,70,0,0,0,2,0,8,2,1,3,3,0,141.6,73.0,Ovate,Purple,Tropical/Subtropical,Very High,High
90,180,70,80,0,0,2,0,8,0,1,2,3,3,0,124.7,73.0,Ovate,White,Tropical,Very High,High
180,90,80,70,0,0,0,2,0,8,2,1,3,3,0,123.7,70.6,Ovate,White,Tropical/Subtropical,Very High,High
90,180,70,80,0,0,2,0,8,0,1,2,3,3,0,136.4,70.3,Ovate,White,Tropical/Subtropical,Very High,High
180,90,80,70,0,0,0,2,0,8,2,1,3,3,0,134.6,80.9,Ovate,Intermediate,Tropical,Very High,High
90,180,70,80,0,0,2,0,8,0,1,2,3,3,0,133.6,74.0,Ovate,Intermediate,Tropical/Subtropical,Very High,High
180,90,80,70,0,0,0,2,0,8,2,1,3,3,0,126.7,74.3,Ovate,Intermediate,Tropical/Subtropical,Very High,High
90,100,70,95,0,0,2,2,8,2,1,2,3,4,0,88.9,88.9,Ovate,Purple,Tropical/Subtropical,Very High,Very High
100,90,95,70,0,0,2,2,2,8,2,1,4,3,0,93.4,79.6,Ovate,Purple,Temperate,Very High,Very High
90,100,70,95,0,0,2,2,8,2,1,2,3,4,0,95.3,81.1,Ovate,Purple,Tropical/Subtropical,Very High,Very High
100,90,95,70,0,0,2,2,2,8,2,1,4,3,0,100.0,89.6,Ovate,Purple,Tropical/Subtropical,Very High,Very High
90,100,70,95,0,0,2,2,8,2,1,2,3,4,0,89.5,83.2,Ovate,Purple,Temperate,Very High,Very High
100,90,95,70,0,0,2,2,2,8,2,1,4,3,0,93.1,86.9,Ovate,Purple,Temperate,Very High,Very High
90,100,70,95,0,0,2,2,8,2,1,2,3,4,0,88.4,81.5,Ovate,Purple,Tropical/Subtropical,Very High,Very High
100,90,95,70,0,0,2,2,2,8,2,1,4,3,0,97.7,84.5,Ovate,Purple,Tropical/Subtropical,Very High,Very High
90,100,70,95,0,0,2,2,8,2,1,2,3,4,0,88.9,85.1,Ovate,Purple,Temperate,Very High,Very High
100,90,95,70,0,0,2,2,2,8,2,1,4,3,0,103.6,84.5,Ovate,Purple,Tropical/Subtropical,Very High,Very High
90,100,70,95,0,0,2,2,8,2,1,2,3,4,0,90.9,75.8,Ovate,Purple,Tropical/Subtropical,Very High,Very High
100,90,95,70,0,0,2,2,2,8,2,1,4,3,0,90.5,86.4,Ovate,Purple,Temperate,Very High,Very High
90,100,70,95,0,0,2,2,8,2,1,2,3,4,0,87.4,82.2,Ovate,Purple,Tropical/Subtropical,Very High,Very High
100,90,95,70,0,0,2,2,2,8,2,1,4,3,0,92.4,80.1,Ovate,Purple,Tropical/Subtropical,Very High,Very High
90,100,70,95,0,0,2,2,8,2,1,2,3,4,0,97.7,79.0,Ovate,Purple,Tropical/Subtropical,Very High,Very High
100,90,95,70,0,0,2,2,2,8,2,1,4,3,0,93.8,83.8,Ovate,Purple,Tropical/Subtropical,Very High,Very High
90,50,70,130,0,9,2,1,8,8,1,1,3,3,0,70.2,98.1,Intermediate,Intermediate,Tropical/Subtropical,Moderate,High
50,90,130,70,9,0,1,2,8,8,1,1,3,3,0,74.7,97.1,Intermediate,Yellow,Tropical/Subtropical,Moderate,High
90,50,70,130,0,9,2,1,8,8,1,1,3,3,0,66.9,101.7,Intermediate,Yellow,Tropical/Subtropical,Moderate,High
50,90,130,70,9,0,1,2,8,8,1,1,3,3,0,71.6,99.3,Ovate,Purple,Tropical/Subtropical,Moderate,High
90,50,70,130,0,9,2,1,8,8,1,1,3,3,0,71.0,93.2,Ovate,Intermediate,Tropical/Subtropical,Moderate,High
50,90,130,70,9,0,1,2,8,8,1,1,3,3,0,71.2,92.9,Intermediate,Purple,Tropical/Subtropical,Moderate,High
90,50,70,130,0,9,2,1,8,8,1,1,3,3,0,69.8,104.8,Intermediate,Intermediate,Tropical/Subtropical,Moderate,High
50,90,130,70,9,0,1,2,8,8,1,1,3,3,0,72.7,93.8,Ovate,Intermediate,Tropical/Subtropical,Moderate,High
90,50,70,130,0,9,2,1,8,8,1,1,3,3,0,67.1,97.6,Intermediate,Yellow,Tropical/Subtropical,Moderate,High
50,90,130,70,9,0,1,2,8,8,1,1,3,3,0,72.5,102.9,Intermediate,Intermediate,Tropical/Subtropical,Moderate,High
90,50,70,130,0,9,2,1,8,8,1,1,3,3,0,71.5,97.9,Intermediate,Intermediate,Tropical/Subtropical,Moderate,High
50,90,130,70,9,0,1,2,8,8,1,1,3,3,0,69.0,100.1,Intermediate,Intermediate,Tropical/Subtropical,Moderate,High
90,50,70,130,0,9,2,1,8,8,1,1,3,3,0,72.3,98.2,Ovate,Intermediate,Tropical/Subtropical,Moderate,High
50,90,130,70,9,0,1,2,8,8,1,1,3,3,0,67.7,100.5,Ovate,Yellow,Tropical/Subtropical,Moderate,High
90,50,70,130,0,9,2,1,8,8,1,1,3,3,0,70.3,99.1,Intermediate,Intermediate,Tropical/Subtropical,Moderate,High
50,90,130,70,9,0,1,2,8,8,1,1,3,3,0,73.3,92.5,Ovate,Purple,Tropical/Subtropical,Moderate,High
90,70,70,90,0,7,2,0,8,6,1,1,3,4,1,81.2,87.4,Intermediate,White,Tropical/Subtropical,Moderate,Very High
70,90,90,70,7,0,0,2,6,8,1,1,4,3,1,81.6,84.1,Intermediate,White,Cool Temperate,Moderate,Very High
90,70,70,90,0,7,2,0,8,6,1,1,3,4,1,84.3,82.0,Ovate,Purple,Cool Temperate,Moderate,Very High
70,90,90,70,7,0,0,2,6,8,1,1,4,3,1,80.8,80.9,Ovate,Purple,Cool Temperate,Moderate,Very High
90,70,70,90,0,7,2,0,8,6,1,1,3,4,1,86.2,76.8,Ovate,Intermediate,Tropical/Subtropical,Moderate,Very High
70,90,90,70,7,0,0,2,6,8,1,1,4,3,1,85.4,81.7,Intermediate,Purple,Tropical/Subtropical,Moderate,Very High
90,70,70,90,0,7,2,0,8,6,1,1,3,4,1,80.9,79.5,Intermediate,White,Cool Temperate,Moderate,Very High
70,90,90,70,7,0,0,2,6,8,1,1,4,3,1,75.5,77.5,Intermediate,Intermediate,Tropical/Subtropical,Moderate,Very High
90,70,70,90,0,7,2,0,8,6,1,1,3,4,1,84.2,75.0,Pinnate,White,Tropical/Subtropical,Moderate,Very High
70,90,90,70,7,0,0,2,6,8,1,1,4,3,1,79.9,80.7,Intermediate,Intermediate,Cool Temperate,Moderate,Very High
90,70,70,90,0,7,2,0,8,6,1,1,3,4,1,81.2,79.4,Intermediate,White,Cool Temperate,Moderate,Very High
70,90,90,70,7,0,0,2,6,8,1,1,4,3,1,81.5,72.9,Ovate,White,Tropical/Subtropical,Moderate,Very High
90,70,70,90,0,7,2,0,8,6,1,1,3,4,1,76.8,80.9,Ovate,White,Tropical/Subtropical,Moderate,Very High
70,90,90,70,7,0,0,2,6,8,1,1,4,3,1,78.5,80.3,Pinnate,Intermediate,Cool Temperate,Moderate,Very High
90,70,70,90,0,7,2,0,8,6,1,1,3,4,1,82.5,71.0,Intermediate,White,Cool Temperate,Moderate,Very High
70,90,90,70,7,0,0,2,6,8,1,1,4,3,1,79.3,80.3,Intermediate,Intermediate,Tropical/Subtropical,Moderate,Very High
90,30,70,100,0,5,2,2,8,8,1,2,3,3,0,57.8,93.8,Intermediate,Purple,Tropical/Subtropical,Very High,High
30,90,100,70,5,0,2,2,8,8,2,1,3,3,0,56.7,82.7,Intermediate,Purple,Tropical/Subtropical,Very High,High
90,30,70,100,0,5,2,2,8,8,1,2,3,3,0,58.5,92.5,Intermediate,Purple,Tropical/Subtropical,Very High,High
30,90,100,70,5,0,2,2,8,8,2,1,3,3,0,64.0,88.5,Intermediate,Purple,Tropical/Subtropical,Very High,High
90,30,70,100,0,5,2,2,8,8,1,2,3,3,0,60.3,84.3,Intermediate,Purple,Tropical/Subtropical,Very High,High
30,90,100,70,5,0,2,2,8,8,2,1,3,3,0,68.1,89.4,Cordate,Purple,Tropical/Subtropical,Very High,High
90,30,70,100,0,5,2,2,8,8,1,2,3,3,0,55.7,94.4,Cordate,Purple,Tropical/Subtropical,Very High,High
30,90,100,70,5,0,2,2,8,8,2,1,3,3,0,57.6,88.3,Intermediate,Purple,Tropical/Subtropical,Very High,High
90,30,70,100,0,5,2,2,8,8,1,2,3,3,0,57.9,84.1,Cordate,Purple,Tropical/Subtropical,Very High,High
30,90,100,70,5,0,2,2,8,8,2,1,3,3,0,59.4,81.1,Intermediate,Purple,Tropical/Subtropical,Very High,High
90,30,70,100,0,5,2,2,8,8,1,2,3,3,0,60.5,86.8,Intermediate,Purple,Tropical/Subtropical,Very High,High
30,90,100,70,5,0,2,2,8,8,2,1,3,3,0,62.0,84.4,Intermediate,Purple,Tropical/Subtropical,Very High,High
90,30,70,100,0,5,2,2,8,8,1,2,3,3,0,59.0,87.4,Intermediate,Purple,Tropical/Subtropical,Very High,High
30,90,100,70,5,0,2,2,8,8,2,1,3,3,0,58.9,84.9,Intermediate,Purple,Tropical/Subtropical,Very High,High
90,30,70,100,0,5,2,2,8,8,1,2,3,3,0,62.6,77.0,Intermediate,Purple,Tropical/Subtropical,Very High,High
30,90,100,70,5,0,2,2,8,8,2,1,3,3,0,53.8,87.1,Cordate,Purple,Tropical/Subtropical,Very High,High
90,300,70,270,0,4,2,0,8,0,1,3,3,4,0,214.2,167.8,Intermediate,Intermediate,Tropical/Subtropical,Very High,Very High
300,90,270,70,4,0,0,2,0,8,3,1,4,3,0,179.2,160.0,Palmate,Intermediate,Tropical/Subtropical,Very High,Very High
90,300,70,270,0,4,2,0,8,0,1,3,3,4,0,181.2,170.9,Intermediate,Intermediate,Tropical,Very High,Very High
300,90,270,70,4,0,0,2,0,8,3,1,4,3,0,199.1,187.7,Palmate,Intermediate,Tropical,Very High,Very High
90,300,70,270,0,4,2,0,8,0,1,3,3,4,0,172.3,172.7,Palmate,Intermediate,Tropical,Very High,Very High
300,90,270,70,4,0,0,2,0,8,3,1,4,3,0,202.3,177.5,Ovate,Purple,Tropical,Very High,Very High
90,300,70,270,0,4,2,0,8,0,1,3,3,4,0,192.2,166.5,Intermediate,Intermediate,Tropical/Subtropical,Very High,Very High
300,90,270,70,4,0,0,2,0,8,3,1,4,3,0,175.4,174.4,Palmate,Purple,Tropical/Subtropical,Very High,Very High
90,300,70,270,0,4,2,0,8,0,1,3,3,4,0,199.6,176.6,Palmate,Intermediate,Tropical/Subtropical,Very High,Very High
300,90,270,70,4,0,0,2,0,8,3,1,4,3,0,204.5,165.3,Ovate,Intermediate,Tropical/Subtropical,Very High,Very High
90,300,70,270,0,4,2,0,8,0,1,3,3,4,0,192.0,148.9,Ovate,White,Tropical,Very High,Very High
300,90,270,70,4,0,0,2,0,8,3,1,4,3,0,190.3,169.5,Ovate,Purple,Tropical/Subtropical,Very High,Very High
90,300,70,270,0,4,2,0,8,0,1,3,3,4,0,198.0,168.9,Intermediate,Intermediate,Tropical/Subtropical,Very High,Very High
300,90,270,70,4,0,0,2,0,8,3,1,4,3,0,196.0,165.2,Palmate,White,Tropical/Subtropical,Very High,Very High
90,300,70,270,0,4,2,0,8,0,1,3,3,4,0,208.2,171.3,Intermediate,Intermediate,Tropical,Very High,Very High
300,90,270,70,4,0,0,2,0,8,3,1,4,3,0,200.9,167.1,Intermediate,Intermediate,Tropical,Very High,Very High
90,50,70,70,0,6,2,1,8,6,1,1,3,3,0,65.8,70.6,Intermediate,Intermediate,Tropical/Subtropical,Moderate,High
50,90,70,70,6,0,1,2,6,8,1,1,3,3,0,71.7,72.8,Ovate,Yellow,Tropical/Subtropical,Moderate,High
90,50,70,70,0,6,2,1,8,6,1,1,3,3,0,69.4,74.5,Ovate,Yellow,Tropical/Subtropical,Moderate,High
50,90,70,70,6,0,1,2,6,8,1,1,3,3,0,71.8,73.9,Intermediate,Purple,Tropical/Subtropical,Moderate,High
90,50,70,70,0,6,2,1,8,6,1,1,3,3,0,76.0,63.6,Intermediate,Purple,Tropical/Subtropical,Moderate,High
50,90,70,70,6,0,1,2,6,8,1,1,3,3,0,61.7,72.6,Oblong,Yellow,Tropical/Subtropical,Moderate,High
90,50,70,70,0,6,2,1,8,6,1,1,3,3,0,67.5,69.8,Oblong,Intermediate,Tropical/Subtropical,Moderate,High
50,90,70,70,6,0,1,2,6,8,1,1,3,3,0,70.1,68.9,Intermediate,Purple,Cool Temperate,Moderate,High
90,50,70,70,0,6,2,1,8,6,1,1,3,3,0,70.5,71.5,Oblong,Intermediate,Tropical/Subtropical,Moderate,High
50,90,70,70,6,0,1,2,6,8,1,1,3,3,0,75.8,66.9,Oblong,Purple,Tropical/Subtropical,Moderate,High
90,50,70,70,0,6,2,1,8,6,1,1,3,3,0,72.2,68.0,Oblong,Purple,Tropical/Subtropical,Moderate,High
50,90,70,70,6,0,1,2,6,8,1,1,3,3,0,72.0,71.5,Intermediate,Purple,Tropical/Subtropical,Moderate,High
90,50,70,70,0,6,2,1,8,6,1,1,3,3,0,66.4,68.1,Intermediate,Intermediate,Tropical/Subtropical,Moderate,High
50,90,70,70,6,0,1,2,6,8,1,1,3,3,0,70.0,68.9,Ovate,Intermediate,Cool Temperate,Moderate,High
90,50,70,70,0,6,2,1,8,6,1,1,3,3,0,69.3,68.6,Intermediate,Yellow,Cool Temperate,Moderate,High
50,90,70,70,6,0,1,2,6,8,1,1,3,3,0,72.9,63.6,Oblong,Purple,Tropical/Subtropical,Moderate,High
90,130,70,100,0,10,2,1,8,2,1,2,3,4,0,109.7,77.6,Intermediate,Intermediate,Tropical/Subtropical,Very High,Very High
130,90,100,70,10,0,1,2,2,8,2,1,4,3,0,102.5,89.7,Ovate,Intermediate,Temperate,Very High,Very High
90,130,70,100,0,10,2,1,8,2,1,2,3,4,0,119.0,83.6,Intermediate,Intermediate,Tropical/Subtropical,Very High,Very High
130,90,100,70,10,0,1,2,2,8,2,1,4,3,0,123.1,83.7,Intermediate,Yellow,Tropical/Subtropical,Very High,Very High
90,130,70,100,0,10,2,1,8,2,1,2,3,4,0,100.4,88.9,Ovate,Intermediate,Temperate,Very High,Very High
130,90,100,70,10,0,1,2,2,8,2,1,4,3,0,92.3,79.5,Intermediate,Intermediate,Tropical/Subtropical,Very High,Very High
90,130,70,100,0,10,2,1,8,2,1,2,3,4,0,107.2,89.6,Lobed,Yellow,Temperate,Very High,Very High
130,90,100,70,10,0,1,2,2,8,2,1,4,3,0,110.3,99.0,Ovate,Intermediate,Temperate,Very High,Very High
90,130,70,100,0,10,2,1,8,2,1,2,3,4,0,111.2,86.0,Lobed,Purple,Tropical/Subtropical,Very High,Very High
130,90,100,70,10,0,1,2,2,8,2,1,4,3,0,110.3,84.7,Ovate,Purple,Temperate,Very High,Very High
90,130,70,100,0,10,2,1,8,2,1,2,3,4,0,116.6,85.8,Lobed,Purple,Temperate,Very High,Very High
130,90,100,70,10,0,1,2,2,8,2,1,4,3,0,113.1,85.4,Ovate,Purple,Temperate,Very High,Very High
90,130,70,100,0,10,2,1,8,2,1,2,3,4,0,118.3,92.0,Lobed,Purple,Temperate,Very High,Very High
130,90,100,70,10,0,1,2,2,8,2,1,4,3,0,117.5,80.8,Intermediate,Purple,Tropical/Subtropical,Very High,Very High
90,130,70,100,0,10,2,1,8,2,1,2,3,4,0,119.5,82.5,Intermediate,Intermediate,Tropical/Subtropical,Very High,Very High
130,90,100,70,10,0,1,2,2,8,2,1,4,3,0,106.3,88.2,Intermediate,Intermediate,Temperate,Very High,Very High
90,150,70,150,0,4,2,0,8,1,1,1,3,3,0,122.7,111.3,Intermediate,Purple,Tropical/Subtropical,Moderate,High
150,90,150,70,4,0,0,2,1,8,1,1,3,3,0,120.0,121.7,Palmate,Purple,Tropical/Subtropical,Moderate,High
90,150,70,150,0,4,2,0,8,1,1,1,3,3,0,119.3,101.9,Ovate,Purple,Tropical/Subtropical,Moderate,High
150,90,150,70,4,0,0,2,1,8,1,1,3,3,0,127.8,122.4,Intermediate,Purple,Subtropical,Moderate,High
90,150,70,150,0,4,2,0,8,1,1,1,3,3,0,126.4,116.4,Ovate,White,Tropical/Subtropical,Moderate,High
150,90,150,70,4,0,0,2,1,8,1,1,3,3,0,126.8,114.1,Intermediate,Purple,Tropical/Subtropical,Moderate,High
90,150,70,150,0,4,2,0,8,1,1,1,3,3,0,123.5,99.6,Intermediate,White,Tropical/Subtropical,Moderate,High
150,90,150,70,4,0,0,2,1,8,1,1,3,3,0,123.9,109.9,Palmate,Intermediate,Subtropical,Moderate,High
90,150,70,150,0,4,2,0,8,1,1,1,3,3,0,119.8,106.7,Palmate,Intermediate,Subtropical,Moderate,High
150,90,150,70,4,0,0,2,1,8,1,1,3,3,0,115.3,114.3,Intermediate,Intermediate,Tropical/Subtropical,Moderate,High
90,150,70,150,0,4,2,0,8,1,1,1,3,3,0,118.1,109.3,Intermediate,Purple,Subtropical,Moderate,High
150,90,150,70,4,0,0,2,1,8,1,1,3,3,0,114.6,110.2,Intermediate,Purple,Subtropical,Moderate,High
90,150,70,150,0,4,2,0,8,1,1,1,3,3,0,120.0,112.5,Intermediate,White,Subtropical,Moderate,High
150,90,150,70,4,0,0,2,1,8,1,1,3,3,0,119.9,114.2,Intermediate,Intermediate,Subtropical,Moderate,High
90,150,70,150,0,4,2,0,8,1,1,1,3,3,0,128.8,112.6,Palmate,White,Tropical/Subtropical,Moderate,High
150,90,150,70,4,0,0,2,1,8,1,1,3,3,0,124.6,121.4,Palmate,Purple,Subtropical,Moderate,High
90,200,70,170,0,4,2,1,8,0,1,2,3,1,0,145.3,126.4,Intermediate,Intermediate,Tropical,Very High,High
200,90,170,70,4,0,1,2,0,8,2,1,1,3,0,132.9,116.0,Palmate,Purple,Tropical,Very High,High
90,200,70,170,0,4,2,1,8,0,1,2,3,1,0,151.1,116.4,Intermediate,Intermediate,Tropical,Very High,High
200,90,170,70,4,0,1,2,0,8,2,1,1,3,0,153.1,117.0,Intermediate,Purple,Tropical,Very High,High
90,200,70,170,0,4,2,1,8,0,1,2,3,1,0,142.3,117.0,Ovate,Intermediate,Tropical/Subtropical,Very High,High
200,90,170,70,4,0,1,2,0,8,2,1,1,3,0,145.5,122.3,Intermediate,Yellow,Tropical/Subtropical,Very High,High
90,200,70,170,0,4,2,1,8,0,1,2,3,1,0,135.6,125.2,Intermediate,Intermediate,Tropical,Very High,High
200,90,170,70,4,0,1,2,0,8,2,1,1,3,0,160.5,110.5,Ovate,Yellow,Tropical/Subtropical,Very High,High
90,200,70,170,0,4,2,1,8,0,1,2,3,1,0,155.2,120.9,Intermediate,Intermediate,Tropical/Subtropical,Very High,High
200,90,170,70,4,0,1,2,0,8,2,1,1,3,0,143.1,117.6,Intermediate,Yellow,Tropical/Subtropical,Very High,High
90,200,70,170,0,4,2,1,8,0,1,2,3,1,0,143.8,107.6,Intermediate,Purple,Tropical/Subtropical,Very High,High
200,90,170,70,4,0,1,2,0,8,2,1,1,3,0,145.6,114.4,Ovate,Purple,Tropical,Very High,High
90,200,70,170,0,4,2,1,8,0,1,2,3,1,0,137.4,125.9,Intermediate,Purple,Tropical/Subtropical,Very High,High
200,90,170,70,4,0,1,2,0,8,2,1,1,3,0,143.3,128.5,Intermediate,Purple,Tropical/Subtropical,Very High,High
90,200,70,170,0,4,2,1,8,0,1,2,3,1,0,137.0,110.0,Intermediate,Intermediate,Tropical/Subtropical,Very High,High
200,90,170,70,4,0,1,2,0,8,2,1,1,3,0,143.7,114.8,Ovate,Intermediate,Tropical/Subtropical,Very High,High
90,180,70,90,0,2,2,3,8,8,1,1,3,3,1,144.9,79.8,Elliptical,Pink,Tropical/Subtropical,Moderate,High
180,90,90,70,2,0,3,2,8,8,1,1,3,3,1,127.3,83.1,Elliptical,Intermediate,Tropical/Subtropical,Moderate,High
90,180,70,90,0,2,2,3,8,8,1,1,3,3,1,130.1,80.4,Intermediate,Pink,Tropical/Subtropical,Moderate,High
180,90,90,70,2,0,3,2,8,8,1,1,3,3,1,130.5,79.8,Intermediate,Intermediate,Tropical/Subtropical,Moderate,High
90,180,70,90,0,2,2,3,8,8,1,1,3,3,1,141.3,78.2,Intermediate,Intermediate,Tropical/Subtropical,Moderate,High
180,90,90,70,2,0,3,2,8,8,1,1,3,3,1,136.9,77.7,Ovate,Pink,Tropical/Subtropical,Moderate,High
90,180,70,90,0,2,2,3,8,8,1,1,3,3,1,132.8,84.5,Elliptical,Purple,Tropical/Subtropical,Moderate,High
180,90,90,70,2,0,3,2,8,8,1,1,3,3,1,129.8,77.1,Ovate,Intermediate,Tropical/Subtropical,Moderate,High
90,180,70,90,0,2,2,3,8,8,1,1,3,3,1,135.5,82.2,Intermediate,Pink,Tropical/Subtropical,Moderate,High
180,90,90,70,2,0,3,2,8,8,1,1,3,3,1,130.3,91.8,Ovate,Pink,Tropical/Subtropical,Moderate,High
90,180,70,90,0,2,2,3,8,8,1,1,3,3,1,120.3,83.4,Intermediate,Intermediate,Tropical/Subtropical,Moderate,High
180,90,90,70,2,0,3,2,8,8,1,1,3,3,1,129.7,75.4,Elliptical,Pink,Tropical/Subtropical,Moderate,High
90,180,70,90,0,2,2,3,8,8,1,1,3,3,1,131.1,88.1,Intermediate,Intermediate,Tropical/Subtropical,Moderate,High
180,90,90,70,2,0,3,2,8,8,1,1,3,3,1,137.9,75.9,Intermediate,Intermediate,Tropical/Subtropical,Moderate,High
90,180,70,90,0,2,2,3,8,8,1,1,3,3,1,140.1,86.4,Ovate,Intermediate,Tropical/Subtropical,Moderate,High
180,90,90,70,2,0,3,2,8,8,1,1,3,3,1,126.6,83.9,Ovate,Intermediate,Tropical/Subtropical,Moderate,High
90,100,70,80,0,0,2,1,8,2,1,3,3,1,1,91.6,77.1,Ovate,Intermediate,Temperate,Very High,High
100,90,80,70,0,0,1,2,2,8,3,1,1,3,1,94.3,77.0,Ovate,Intermediate,Tropical/Subtropical,Very High,High
90,100,70,80,0,0,2,1,8,2,1,3,3,1,1,93.0,78.9,Ovate,Purple,Temperate,Very High,High
100,90,80,70,0,0,1,2,2,8,3,1,1,3,1,84.4,71.2,Ovate,Yellow,Temperate,Very High,High
90,100,70,80,0,0,2,1,8,2,1,3,3,1,1,101.0,72.3,Ovate,Intermediate,Tropical/Subtropical,Very High,High
100,90,80,70,0,0,1,2,2,8,3,1,1,3,1,91.0,74.3,Ovate,Intermediate,Tropical/Subtropical,Very High,High
90,100,70,80,0,0,2,1,8,2,1,3,3,1,1,92.2,72.1,Ovate,Purple,Tropical/Subtropical,Very High,High
100,90,80,70,0,0,1,2,2,8,3,1,1,3,1,97.3,76.5,Ovate,Purple,Temperate,Very High,High
90,100,70,80,0,0,2,1,8,2,1,3,3,1,1,97.3,76.1,Ovate,Purple,Temperate,Very High,High
100,90,80,70,0,0,1,2,2,8,3,1,1,3,1,101.6,76.3,Ovate,Yellow,Temperate,Very High,High
90,100,70,80,0,0,2,1,8,2,1,3,3,1,1,95.2,72.9,Ovate,Purple,Temperate,Very High,High
100,90,80,70,0,0,1,2,2,8,3,1,1,3,1,87.6,80.1,Ovate,Purple,Tropical/Subtropical,Very High,High
90,100,70,80,0,0,2,1,8,2,1,3,3,1,1,87.4,80.1,Ovate,Intermediate,Temperate,Very High,High
100,90,80,70,0,0,1,2,2,8,3,1,1,3,1,93.6,73.1,Ovate,Purple,Tropical/Subtropical,Very High,High
90,100,70,80,0,0,2,1,8,2,1,3,3,1,1,87.2,68.9,Ovate,Intermediate,Tropical/Subtropical,Very High,High
100,90,80,70,0,0,1,2,2,8,3,1,1,3,1,100.9,76.2,Ovate,Intermediate,Temperate,Very High,High
90,300,70,110,0,3,2,0,8,4,1,3,3,3,0,196.8,87.6,Ovate,Purple,Arid,Very High,High
300,90,110,70,3,0,0,2,4,8,3,1,3,3,0,185.8,84.0,Ovate,White,Arid,Very High,High
90,300,70,110,0,3,2,0,8,4,1,3,3,3,0,186.6,89.5,Intermediate,Intermediate,Tropical/Subtropical,Very High,High
300,90,110,70,3,0,0,2,4,8,3,1,3,3,0,191.7,87.0,Linear,Intermediate,Arid,Very High,High
90,300,70,110,0,3,2,0,8,4,1,3,3,3,0,197.6,82.3,Linear,White,Arid,Very High,High
300,90,110,70,3,0,0,2,4,8,3,1,3,3,0,178.5,93.6,Linear,Purple,Tropical/Subtropical,Very High,High
90,300,70,110,0,3,2,0,8,4,1,3,3,3,0,190.5,89.1,Ovate,White,Tropical/Subtropical,Very High,High
300,90,110,70,3,0,0,2,4,8,3,1,3,3,0,197.0,90.3,Intermediate,Intermediate,Arid,Very High,High
90,300,70,110,0,3,2,0,8,4,1,3,3,3,0,199.7,93.0,Intermediate,White,Arid,Very High,High
300,90,110,70,3,0,0,2,4,8,3,1,3,3,0,205.5,91.9,Intermediate,Purple,Tropical/Subtropical,Very High,High
90,300,70,110,0,3,2,0,8,4,1,3,3,3,0,202.6,90.2,Ovate,Purple,Arid,Very High,High
300,90,110,70,3,0,0,2,4,8,3,1,3,3,0,201.3,95.1,Intermediate,White,Arid,Very High,High
90,300,70,110,0,3,2,0,8,4,1,3,3,3,0,195.4,82.3,Ovate,Intermediate,Arid,Very High,High
300,90,110,70,3,0,0,2,4,8,3,1,3,3,0,206.7,95.5,Intermediate,Intermediate,Tropical/Subtropical,Very High,High
90,300,70,110,0,3,2,0,8,4,1,3,3,3,0,204.5,84.8,Ovate,Intermediate,Arid,Very High,High
300,90,110,70,3,0,0,2,4,8,3,1,3,3,0,192.0,94.7,Linear,Intermediate,Arid,Very High,High
90,250,70,90,0,3,2,2,8,5,1,3,3,1,0,166.7,77.8,Intermediate,Purple,Tropical/Subtropical,Very High,High
250,90,90,70,3,0,2,2,5,8,3,1,1,3,0,164.0,80.2,Intermediate,Purple,Tropical/Subtropical,Very High,High
90,250,70,90,0,3,2,2,8,5,1,3,3,1,0,183.6,80.4,Intermediate,Purple,Tropical/Subtropical,Very High,High
250,90,90,70,3,0,2,2,5,8,3,1,1,3,0,175.3,77.4,Intermediate,Purple,Tropical/Subtropical,Very High,High
90,250,70,90,0,3,2,2,8,5,1,3,3,1,0,183.5,68.7,Ovate,Purple,Tropical/Subtropical,Very High,High
250,90,90,70,3,0,2,2,5,8,3,1,1,3,0,170.6,79.1,Linear,Purple,Tropical/Subtropical,Very High,High
90,250,70,90,0,3,2,2,8,5,1,3,3,1,0,177.0,80.0,Linear,Purple,Semi-Arid,Very High,High
250,90,90,70,3,0,2,2,5,8,3,1,1,3,0,173.1,74.5,Linear,Purple,Tropical/Subtropical,Very High,High
90,250,70,90,0,3,2,2,8,5,1,3,3,1,0,179.2,77.8,Intermediate,Purple,Tropical/Subtropical,Very High,High
250,90,90,70,3,0,2,2,5,8,3,1,1,3,0,167.6,79.9,Intermediate,Purple,Semi-Arid,Very High,High
90,250,70,90,0,3,2,2,8,5,1,3,3,1,0,160.9,79.2,Ovate,Purple,Semi-Arid,Very High,High
250,90,90,70,3,0,2,2,5,8,3,1,1,3,0,174.0,70.8,Intermediate,Purple,Semi-Arid,Very High,High
90,250,70,90,0,3,2,2,8,5,1,3,3,1,0,171.2,82.7,Intermediate,Purple,Tropical/Subtropical,Very High,High
250,90,90,70,3,0,2,2,5,8,3,1,1,3,0,162.5,77.3,Intermediate,Purple,Semi-Arid,Very High,High
90,250,70,90,0,3,2,2,8,5,1,3,3,1,0,167.4,80.7,Linear,Purple,Semi-Arid,Very High,High
250,90,90,70,3,0,2,2,5,8,3,1,1,3,0,168.2,79.2,Linear,Purple,Semi-Arid,Very High,High
90,100,70,65,0,7,2,1,8,0,1,2,3,3,1,98.8,68.7,Intermediate,Yellow,Tropical/Subtropical,Very High,High
100,90,65,70,7,0,1,2,0,8,2,1,3,3,1,95.2,66.3,Ovate,Intermediate,Tropical/Subtropical,Very High,High
90,100,70,65,0,7,2,1,8,0,1,2,3,3,1,96.5,72.8,Ovate,Intermediate,Tropical,Very High,High
100,90,65,70,7,0,1,2,0,8,2,1,3,3,1,97.7,66.7,Pinnate,Purple,Tropical/Subtropical,Very High,High
90,100,70,65,0,7,2,1,8,0,1,2,3,3,1,83.9,66.8,Ovate,Intermediate,Tropical/Subtropical,Very High,High
100,90,65,70,7,0,1,2,0,8,2,1,3,3,1,90.2,65.4,Ovate,Purple,Tropical/Subtropical,Very High,High
90,100,70,65,0,7,2,1,8,0,1,2,3,3,1,91.4,67.2,Intermediate,Intermediate,Tropical/Subtropical,Very High,High
100,90,65,70,7,0,1,2,0,8,2,1,3,3,1,97.7,71.1,Intermediate,Purple,Tropical/Subtropical,Very High,High
90,100,70,65,0,7,2,1,8,0,1,2,3,3,1,93.5,65.1,Intermediate,Intermediate,Tropical/Subtropical,Very High,High
100,90,65,70,7,0,1,2,0,8,2,1,3,3,1,104.7,73.4,Pinnate,Purple,Tropical,Very High,High
90,100,70,65,0,7,2,1,8,0,1,2,3,3,1,91.0,69.1,Intermediate,Yellow,Tropical,Very High,High
100,90,65,70,7,0,1,2,0,8,2,1,3,3,1,88.0,70.1,Intermediate,Intermediate,Tropical,Very High,High
90,100,70,65,0,7,2,1,8,0,1,2,3,3,1,85.9,69.4,Intermediate,Purple,Tropical/Subtropical,Very High,High
100,90,65,70,7,0,1,2,0,8,2,1,3,3,1,91.7,66.1,Pinnate,Intermediate,Tropical/Subtropical,Very High,High
90,100,70,65,0,7,2,1,8,0,1,2,3,3,1,92.3,64.1,Intermediate,Purple,Tropical/Subtropical,Very High,High
100,90,65,70,7,0,1,2,0,8,2,1,3,3,1,103.4,62.8,Intermediate,Intermediate,Tropical/Subtropical,Very High,High
90,30,70,75,0,7,2,0,8,6,1,1,3,3,0,59.5,71.6,Intermediate,Intermediate,Tropical/Subtropical,Moderate,High
30,90,75,70,7,0,0,2,6,8,1,1,3,3,0,63.4,68.8,Pinnate,Intermediate,Cool Temperate,Moderate,High
90,30,70,75,0,7,2,0,8,6,1,1,3,3,0,62.1,70.5,Intermediate,Purple,Cool Temperate,Moderate,High
30,90,75,70,7,0,0,2,6,8,1,1,3,3,0,61.8,69.8,Pinnate,White,Tropical/Subtropical,Moderate,High
90,30,70,75,0,7,2,0,8,6,1,1,3,3,0,60.0,71.8,Intermediate,White,Cool Temperate,Moderate,High
30,90,75,70,7,0,0,2,6,8,1,1,3,3,0,63.8,72.1,Intermediate,Purple,Cool Temperate,Moderate,High
90,30,70,75,0,7,2,0,8,6,1,1,3,3,0,53.8,77.8,Pinnate,Intermediate,Tropical/Subtropical,Moderate,High
30,90,75,70,7,0,0,2,6,8,1,1,3,3,0,61.7,72.3,Intermediate,Intermediate,Cool Temperate,Moderate,High
90,30,70,75,0,7,2,0,8,6,1,1,3,3,0,59.6,67.9,Intermediate,Purple,Cool Temperate,Moderate,High
30,90,75,70,7,0,0,2,6,8,1,1,3,3,0,59.5,74.3,Intermediate,Intermediate,Cool Temperate,Moderate,High
90,30,70,75,0,7,2,0,8,6,1,1,3,3,0,62.4,73.1,Intermediate,Purple,Tropical/Subtropical,Moderate,High
30,90,75,70,7,0,0,2,6,8,1,1,3,3,0,63.6,71.7,Ovate,White,Cool Temperate,Moderate,High
90,30,70,75,0,7,2,0,8,6,1,1,3,3,0,64.3,75.1,Intermediate,Purple,Tropical/Subtropical,Moderate,High
30,90,75,70,7,0,0,2,6,8,1,1,3,3,0,56.6,66.8,Ovate,White,Cool Temperate,Moderate,High
90,30,70,75,0,7,2,0,8,6,1,1,3,3,0,56.0,71.6,Intermediate,Purple,Tropical/Subtropical,Moderate,High
30,90,75,70,7,0,0,2,6,8,1,1,3,3,0,59.9,71.6,Intermediate,White,Tropical/Subtropical,Moderate,High
75,80,85,100,1,0,0,0,8,0,2,2,3,1,1,81.3,94.4,Intermediate,White,Tropical/Subtropical,High,High
80,75,100,85,0,1,0,0,0,8,2,2,1,3,1,87.3,93.6,Intermediate,White,Tropical/Subtropical,High,High
75,80,85,100,1,0,0,0,8,0,2,2,3,1,1,76.3,93.0,Intermediate,White,Tropical,High,High
80,75,100,85,0,1,0,0,0,8,2,2,1,3,1,76.2,95.9,Lanceolate,White,Tropical/Subtropical,High,High
75,80,85,100,1,0,0,0,8,0,2,2,3,1,1,78.4,88.6,Intermediate,White,Tropical,High,High
80,75,100,85,0,1,0,0,0,8,2,2,1,3,1,78.7,94.8,Lanceolate,White,Tropical/Subtropical,High,High
75,80,85,100,1,0,0,0,8,0,2,2,3,1,1,76.3,95.6,Lanceolate,White,Tropical,High,High
80,75,100,85,0,1,0,0,0,8,2,2,1,3,1,79.8,94.6,Intermediate,White,Tropical/Subtropical,High,High
75,80,85,100,1,0,0,0,8,0,2,2,3,1,1,82.9,96.0,Ovate,White,Tropical/Subtropical,High,High
80,75,100,85,0,1,0,0,0,8,2,2,1,3,1,88.1,82.2,Intermediate,White,Tropical/Subtropical,High,High
75,80,85,100,1,0,0,0,8,0,2,2,3,1,1,75.7,87.4,Lanceolate,White,Tropical/Subtropical,High,High
80,75,100,85,0,1,0,0,0,8,2,2,1,3,1,74.3,94.4,Lanceolate,White,Tropical,High,High
75,80,85,100,1,0,0,0,8,0,2,2,3,1,1,79.0,93.7,Lanceolate,White,Tropical/Subtropical,High,High
80,75,100,85,0,1,0,0,0,8,2,2,1,3,1,75.2,98.4,Ovate,White,Tropical,High,High
75,80,85,100,1,0,0,0,8,0,2,2,3,1,1,76.2,87.9,Ovate,White,Tropical/Subtropical,High,High
80,75,100,85,0,1,0,0,0,8,2,2,1,3,1,78.7,94.5,Lanceolate,White,Tropical,High,High
75,250,85,90,1,3,0,1,8,2,2,1,3,4,0,173.3,93.3,Intermediate,Intermediate,Tropical/Subtropical,Very High,Very High
250,75,90,85,3,1,1,0,2,8,1,2,4,3,0,166.2,92.1,Intermediate,Yellow,Temperate,Very High,Very High
75,250,85,90,1,3,0,1,8,2,2,1,3,4,0,169.6,91.2,Intermediate,Yellow,Tropical/Subtropical,Very High,Very High
250,75,90,85,3,1,1,0,2,8,1,2,4,3,0,151.4,83.0,Linear,Intermediate,Temperate,Very High,Very High
75,250,85,90,1,3,0,1,8,2,2,1,3,4,0,167.0,89.4,Intermediate,White,Temperate,Very High,Very High
250,75,90,85,3,1,1,0,2,8,1,2,4,3,0,172.3,83.3,Intermediate,Intermediate,Tropical/Subtropical,Very High,Very High
75,250,85,90,1,3,0,1,8,2,2,1,3,4,0,175.1,76.1,Intermediate,Intermediate,Tropical/Subtropical,Very High,Very High
250,75,90,85,3,1,1,0,2,8,1,2,4,3,0,163.1,88.0,Intermediate,Yellow,Tropical/Subtropical,Very High,Very High
75,250,85,90,1,3,0,1,8,2,2,1,3,4,0,156.9,81.5,Linear,Yellow,Tropical/Subtropical,Very High,Very High
250,75,90,85,3,1,1,0,2,8,1,2,4,3,0,145.8,86.3,Linear,Yellow,Tropical/Subtropical,Very High,Very High
75,250,85,90,1,3,0,1,8,2,2,1,3,4,0,155.8,86.9,Intermediate,White,Tropical/Subtropical,Very High,Very High
250,75,90,85,3,1,1,0,2,8,1,2,4,3,0,151.4,88.7,Linear,Intermediate,Tropical/Subtropical,Very High,Very High
75,250,85,90,1,3,0,1,8,2,2,1,3,4,0,145.6,87.0,Lanceolate,Yellow,Temperate,Very High,Very High
250,75,90,85,3,1,1,0,2,8,1,2,4,3,0,163.6,91.0,Linear,Yellow,Temperate,Very High,Very High
75,250,85,90,1,3,0,1,8,2,2,1,3,4,0,166.1,87.6,Intermediate,White,Tropical/Subtropical,Very High,Very High
250,75,90,85,3,1,1,0,2,8,1,2,4,3,0,167.7,88.8,Intermediate,White,Tropical/Subtropical,Very High,Very High
75,200,85,75,1,3,0,1,8,2,2,1,3,3,0,134.2,82.5,Lanceolate,Yellow,Tropical/Subtropical,Very High,High
200,75,75,85,3,1,1,0,2,8,1,2,3,3,0,128.7,81.3,Lanceolate,Intermediate,Temperate,Very High,High
75,200,85,75,1,3,0,1,8,2,2,1,3,3,0,135.5,70.8,Intermediate,White,Tropical/Subtropical,Very High,High
200,75,75,85,3,1,1,0,2,8,1,2,3,3,0,137.2,76.3,Intermediate,Intermediate,Temperate,Very High,High
75,200,85,75,1,3,0,1,8,2,2,1,3,3,0,142.3,75.6,Intermediate,Intermediate,Tropical/Subtropical,Very High,High
200,75,75,85,3,1,1,0,2,8,1,2,3,3,0,146.6,81.1,Linear,White,Temperate,Very High,High
75,200,85,75,1,3,0,1,8,2,2,1,3,3,0,136.1,70.3,Intermediate,Intermediate,Tropical/Subtropical,Very High,High
200,75,75,85,3,1,1,0,2,8,1,2,3,3,0,140.7,81.3,Lanceolate,Yellow,Temperate,Very High,High
75,200,85,75,1,3,0,1,8,2,2,1,3,3,0,125.3,77.2,Intermediate,Intermediate,Temperate,Very High,High
200,75,75,85,3,1,1,0,2,8,1,2,3,3,0,157.5,83.7,Intermediate,White,Temperate,Very High,High
75,200,85,75,1,3,0,1,8,2,2,1,3,3,0,135.4,74.8,Intermediate,White,Temperate,Very High,High
200,75,75,85,3,1,1,0,2,8,1,2,3,3,0,142.1,79.2,Lanceolate,Yellow,Temperate,Very High,High
75,200,85,75,1,3,0,1,8,2,2,1,3,3,0,127.1,80.8,Lanceolate,White,Temperate,Very High,High
200,75,75,85,3,1,1,0,2,8,1,2,3,3,0,137.6,76.4,Intermediate,Intermediate,Temperate,Very High,High
75,200,85,75,1,3,0,1,8,2,2,1,3,3,0,133.7,80.8,Linear,Intermediate,Tropical/Subtropical,Very High,High
200,75,75,85,3,1,1,0,2,8,1,2,3,3,0,134.2,73.8,Lanceolate,Yellow,Temperate,Very High,High
75,200,85,120,1,7,0,3,8,2,2,1,3,1,0,136.2,108.4,Intermediate,Intermediate,Tropical/Subtropical,Very High,High
200,75,120,85,7,1,3,0,2,8,1,2,1,3,0,140.1,106.9,Intermediate,White,Tropical/Subtropical,Very High,High
75,200,85,120,1,7,0,3,8,2,2,1,3,1,0,147.9,110.5,Pinnate,Intermediate,Tropical/Subtropical,Very High,High
200,75,120,85,7,1,3,0,2,8,1,2,1,3,0,150.4,101.6,Pinnate,Pink,Tropical/Subtropical,Very High,High
75,200,85,120,1,7,0,3,8,2,2,1,3,1,0,127.2,100.3,Intermediate,Intermediate,Tropical/Subtropical,Very High,High
200,75,120,85,7,1,3,0,2,8,1,2,1,3,0,141.5,96.4,Intermediate,White,Tropical/Subtropical,Very High,High
75,200,85,120,1,7,0,3,8,2,2,1,3,1,0,147.7,107.5,Pinnate,Intermediate,Tropical/Subtropical,Very High,High
200,75,120,85,7,1,3,0,2,8,1,2,1,3,0,135.5,104.1,Intermediate,Intermediate,Temperate,Very High,High
75,200,85,120,1,7,0,3,8,2,2,1,3,1,0,132.8,105.9,Lanceolate,Intermediate,Temperate,Very High,High
200,75,120,85,7,1,3,0,2,8,1,2,1,3,0,132.7,100.2,Intermediate,Intermediate,Temperate,Very High,High
75,200,85,120,1,7,0,3,8,2,2,1,3,1,0,135.1,103.0,Intermediate,Intermediate,Temperate,Very High,High
200,75,120,85,7,1,3,0,2,8,1,2,1,3,0,125.8,101.8,Pinnate,White,Temperate,Very High,High
75,200,85,120,1,7,0,3,8,2,2,1,3,1,0,149.9,102.5,Pinnate,Pink,Tropical/Subtropical,Very High,High
200,75,120,85,7,1,3,0,2,8,1,2,1,3,0,134.3,102.9,Pinnate,Pink,Tropical/Subtropical,Very High,High
75,200,85,120,1,7,0,3,8,2,2,1,3,1,0,133.6,109.1,Lanceolate,Intermediate,Tropical/Subtropical,Very High,High
200,75,120,85,7,1,3,0,2,8,1,2,1,3,0,133.5,97.8,Pinnate,White,Temperate,Very High,High
75,300,85,150,1,7,0,3,8,6,2,2,3,1,0,194.3,125.0,Pinnate,Intermediate,Tropical/Subtropical,High,High
300,75,150,85,7,1,3,0,6,8,2,2,1,3,0,173.4,119.5,Intermediate,Intermediate,Cool Temperate,High,High
75,300,85,150,1,7,0,3,8,6,2,2,3,1,0,183.4,115.4,Intermediate,Intermediate,Tropical/Subtropical,High,High
300,75,150,85,7,1,3,0,6,8,2,2,1,3,0,207.1,113.7,Intermediate,Pink,Tropical/Subtropical,High,High
75,300,85,150,1,7,0,3,8,6,2,2,3,1,0,200.9,109.6,Lanceolate,Intermediate,Cool Temperate,High,High
300,75,150,85,7,1,3,0,6,8,2,2,1,3,0,189.5,117.3,Lanceolate,Intermediate,Tropical/Subtropical,High,High
75,300,85,150,1,7,0,3,8,6,2,2,3,1,0,183.3,119.8,Pinnate,Intermediate,Cool Temperate,High,High
300,75,150,85,7,1,3,0,6,8,2,2,1,3,0,185.1,115.8,Pinnate,Intermediate,Cool Temperate,High,High
75,300,85,150,1,7,0,3,8,6,2,2,3,1,0,192.8,112.6,Lanceolate,Intermediate,Tropical/Subtropical,High,High
300,75,150,85,7,1,3,0,6,8,2,2,1,3,0,183.3,111.3,Lanceolate,Intermediate,Cool Temperate,High,High
75,300,85,150,1,7,0,3,8,6,2,2,3,1,0,182.6,111.6,Lanceolate,Pink,Cool Temperate,High,High
300,75,150,85,7,1,3,0,6,8,2,2,1,3,0,178.3,118.7,Pinnate,Intermediate,Cool Temperate,High,High
75,300,85,150,1,7,0,3,8,6,2,2,3,1,0,192.6,117.3,Pinnate,Pink,Tropical/Subtropical,High,High
300,75,150,85,7,1,3,0,6,8,2,2,1,3,0,193.4,112.2,Pinnate,Pink,Tropical/Subtropical,High,High
75,300,85,150,1,7,0,3,8,6,2,2,3,1,0,163.0,122.7,Pinnate,White,Cool Temperate,High,High
300,75,150,85,7,1,3,0,6,8,2,2,1,3,0,189.2,110.8,Intermediate,White,Tropical/Subtropical,High,High
75,300,85,80,1,5,0,1,8,2,2,2,3,4,0,200.1,82.5,Cordate,White,Temperate,High,Very High
300,75,80,85,5,1,1,0,2,8,2,2,4,3,0,176.9,74.6,Intermediate,Intermediate,Tropical/Subtropical,High,Very High
75,300,85,80,1,5,0,1,8,2,2,2,3,4,0,181.0,75.7,Cordate,Yellow,Temperate,High,Very High
300,75,80,85,5,1,1,0,2,8,2,2,4,3,0,178.3,77.6,Lanceolate,Intermediate,Temperate,High,Very High
75,300,85,80,1,5,0,1,8,2,2,2,3,4,0,183.0,82.2,Intermediate,Intermediate,Temperate,High,Very High
300,75,80,85,5,1,1,0,2,8,2,2,4,3,0,198.1,91.6,Intermediate,Yellow,Tropical/Subtropical,High,Very High
75,300,85,80,1,5,0,1,8,2,2,2,3,4,0,172.8,89.2,Intermediate,Intermediate,Tropical/Subtropical,High,Very High
300,75,80,85,5,1,1,0,2,8,2,2,4,3,0,183.9,80.9,Cordate,White,Temperate,High,Very High
75,300,85,80,1,5,0,1,8,2,2,2,3,4,0,190.4,87.2,Intermediate,Intermediate,Tropical/Subtropical,High,Very High
300,75,80,85,5,1,1,0,2,8,2,2,4,3,0,197.1,84.8,Cordate,Yellow,Tropical/Subtropical,High,Very High
75,300,85,80,1,5,0,1,8,2,2,2,3,4,0,193.1,80.8,Lanceolate,Yellow,Tropical/Subtropical,High,Very High
300,75,80,85,5,1,1,0,2,8,2,2,4,3,0,193.9,79.7,Lanceolate,White,Tropical/Subtropical,High,Very High
75,300,85,80,1,5,0,1,8,2,2,2,3,4,0,171.2,77.2,Intermediate,White,Temperate,High,Very High
300,75,80,85,5,1,1,0,2,8,2,2,4,3,0,204.7,80.2,Lanceolate,Intermediate,Tropical/Subtropical,High,Very High
75,300,85,80,1,5,0,1,8,2,2,2,3,4,0,192.0,80.8,Cordate,White,Tropical/Subtropical,High,Very High
300,75,80,85,5,1,1,0,2,8,2,2,4,3,0,192.7,92.0,Intermediate,Intermediate,Tropical/Subtropical,High,Very High
75,300,85,130,1,0,0,1,8,2,2,3,3,3,0,191.0,109.3,Ovate,Intermediate,Temperate,Very High,High
300,75,130,85,0,1,1,0,2,8,3,2,3,3,0,181.4,111.2,Intermediate,Yellow,Temperate,Very High,High
75,300,85,130,1,0,0,1,8,2,2,3,3,3,0,166.8,100.5,Lanceolate,Yellow,Temperate,Very High,High
300,75,130,85,0,1,1,0,2,8,3,2,3,3,0,173.5,109.8,Intermediate,White,Tropical/Subtropical,Very High,High
75,300,85,130,1,0,0,1,8,2,2,3,3,3,0,170.2,106.5,Intermediate,Yellow,Tropical/Subtropical,Very High,High
300,75,130,85,0,1,1,0,2,8,3,2,3,3,0,196.8,104.9,Ovate,White,Temperate,Very High,High
75,300,85,130,1,0,0,1,8,2,2,3,3,3,0,185.2,110.9,Lanceolate,Intermediate,Temperate,Very High,High
300,75,130,85,0,1,1,0,2,8,3,2,3,3,0,192.3,110.1,Intermediate,White,Temperate,Very High,High
75,300,85,130,1,0,0,1,8,2,2,3,3,3,0,192.0,117.6,Lanceolate,Intermediate,Temperate,Very High,High
300,75,130,85,0,1,1,0,2,8,3,2,3,3,0,186.9,103.7,Intermediate,Intermediate,Tropical/Subtropical,Very High,High
75,300,85,130,1,0,0,1,8,2,2,3,3,3,0,196.7,105.2,Lanceolate,Yellow,Tropical/Subtropical,Very High,High
300,75,130,85,0,1,1,0,2,8,3,2,3,3,0,189.5,118.8,Intermediate,Intermediate,Temperate,Very High,High
75,300,85,130,1,0,0,1,8,2,2,3,3,3,0,187.9,97.4,Intermediate,Intermediate,Tropical/Subtropical,Very High,High
300,75,130,85,0,1,1,0,2,8,3,2,3,3,0,181.5,100.9,Intermediate,Intermediate,Temperate,Very High,High
75,300,85,130,1,0,0,1,8,2,2,3,3,3,0,187.4,112.4,Intermediate,Yellow,Temperate,Very High,High
300,75,130,85,0,1,1,0,2,8,3,2,3,3,0,202.2,109.5,Intermediate,White,Temperate,Very High,High
75,120,85,120,1,3,0,0,8,0,2,1,3,4,0,103.4,119.0,Intermediate,White,Tropical/Subtropical,Very High,Very High
120,75,120,85,3,1,0,0,0,8,1,2,4,3,0,94.3,108.7,Intermediate,White,Tropical/Subtropical,Very High,Very High
75,120,85,120,1,3,0,0,8,0,2,1,3,4,0,98.4,102.9,Lanceolate,White,Tropical/Subtropical,Very High,Very High
120,75,120,85,3,1,0,0,0,8,1,2,4,3,0,104.1,95.5,Lanceolate,White,Tropical,Very High,Very High
75,120,85,120,1,3,0,0,8,0,2,1,3,4,0,100.6,99.1,Lanceolate,White,Tropical,Very High,Very High
120,75,120,85,3,1,0,0,0,8,1,2,4,3,0,95.3,98.1,Intermediate,White,Tropical/Subtropical,Very High,Very High
75,120,85,120,1,3,0,0,8,0,2,1,3,4,0,97.8,98.9,Linear,White,Tropical,Very High,Very High
120,75,120,85,3,1,0,0,0,8,1,2,4,3,0,90.2,105.7,Linear,White,Tropical/Subtropical,Very High,Very High
75,120,85,120,1,3,0,0,8,0,2,1,3,4,0,101.6,111.6,Intermediate,White,Tropical/Subtropical,Very High,Very High
120,75,120,85,3,1,0,0,0,8,1,2,4,3,0,96.3,97.5,Intermediate,White,Tropical,Very High,Very High
75,120,85,120,1,3,0,0,8,0,2,1,3,4,0,90.7,101.8,Linear,White,Tropical,Very High,Very High
120,75,120,85,3,1,0,0,0,8,1,2,4,3,0,98.4,100.2,Linear,White,Tropical,Very High,Very High
75,120,85,120,1,3,0,0,8,0,2,1,3,4,0,98.0,106.8,Linear,White,Tropical/Subtropical,Very High,Very High
120,75,120,85,3,1,0,0,0,8,1,2,4,3,0,100.3,103.8,Intermediate,White,Tropical/Subtropical,Very High,Very High
75,120,85,120,1,3,0,0,8,0,2,1,3,4,0,88.9,105.2,Linear,White,Tropical,Very High,Very High
120,75,120,85,3,1,0,0,0,8,1,2,4,3,0,99.1,104.8,Intermediate,White,Tropical/Subtropical,Very High,Very High
75,100,85,110,1,3,0,0,8,0,2,2,3,3,0,94.5,105.4,Lanceolate,White,Tropical/Subtropical,High,High
100,75,110,85,3,1,0,0,0,8,2,2,3,3,0,88.2,98.7,Intermediate,White,Tropical,High,High
75,100,85,110,1,3,0,0,8,0,2,2,3,3,0,86.1,102.4,Intermediate,White,Tropical,High,High
100,75,110,85,3,1,0,0,0,8,2,2,3,3,0,82.0,103.8,Intermediate,White,Tropical,High,High
75,100,85,110,1,3,0,0,8,0,2,2,3,3,0,80.6,96.6,Intermediate,White,Tropical,High,High
100,75,110,85,3,1,0,0,0,8,2,2,3,3,0,93.7,107.4,Intermediate,White,Tropical,High,High
75,100,85,110,1,3,0,0,8,0,2,2,3,3,0,90.4,98.8,Lanceolate,White,Tropical/Subtropical,High,High
100,75,110,85,3,1,0,0,0,8,2,2,3,3,0,82.4,96.4,Intermediate,White,Tropical/Subtropical,High,High
75,100,85,110,1,3,0,0,8,0,2,2,3,3,0,88.3,101.5,Lanceolate,White,Tropical,High,High
100,75,110,85,3,1,0,0,0,8,2,2,3,3,0,87.9,99.6,Intermediate,White,Tropical,High,High
75,100,85,110,1,3,0,0,8,0,2,2,3,3,0,83.9,96.4,Intermediate,White,Tropical,High,High
100,75,110,85,3,1,0,0,0,8,2,2,3,3,0,81.6,96.7,Intermediate,White,Tropical/Subtropical,High,High
75,100,85,110,1,3,0,0,8,0,2,2,3,3,0,81.4,95.4,Intermediate,White,Tropical,High,High
100,75,110,85,3,1,0,0,0,8,2,2,3,3,0,86.2,98.9,Intermediate,White,Tropical,High,High
75,100,85,110,1,3,0,0,8,0,2,2,3,3,0,85.9,90.4,Intermediate,White,Tropical/Subtropical,High,High
100,75,110,85,3,1,0,0,0,8,2,2,3,3,0,82.7,97.0,Intermediate,White,Tropical,High,High
75,90,85,100,1,3,0,0,8,2,2,1,3,4,0,88.9,99.8,Intermediate,White,Tropical/Subtropical,Very High,Very High
90,75,100,85,3,1,0,0,2,8,1,2,4,3,0,82.4,85.9,Lanceolate,White,Tropical/Subtropical,Very High,Very High
75,90,85,100,1,3,0,0,8,2,2,1,3,4,0,77.5,95.6,Linear,White,Tropical/Subtropical,Very High,Very High
90,75,100,85,3,1,0,0,2,8,1,2,4,3,0,86.8,94.9,Intermediate,White,Tropical/Subtropical,Very High,Very High
75,90,85,100,1,3,0,0,8,2,2,1,3,4,0,81.8,88.0,Intermediate,White,Tropical/Subtropical,Very High,Very High
90,75,100,85,3,1,0,0,2,8,1,2,4,3,0,82.2,89.3,Intermediate,White,Temperate,Very High,Very High
75,90,85,100,1,3,0,0,8,2,2,1,3,4,0,89.4,89.5,Intermediate,White,Tropical/Subtropical,Very High,Very High
90,75,100,85,3,1,0,0,2,8,1,2,4,3,0,74.5,97.4,Intermediate,White,Tropical/Subtropical,Very High,Very High
75,90,85,100,1,3,0,0,8,2,2,1,3,4,0,89.9,92.8,Intermediate,White,Tropical/Subtropical,Very High,Very High
90,75,100,85,3,1,0,0,2,8,1,2,4,3,0,87.8,93.1,Lanceolate,White,Tropical/Subtropical,Very High,Very High
75,90,85,100,1,3,0,0,8,2,2,1,3,4,0,83.4,95.1,Intermediate,White,Tropical/Subtropical,Very High,Very High
90,75,100,85,3,1,0,0,2,8,1,2,4,3,0,77.2,101.6,Intermediate,White,Tropical/Subtropical,Very High,Very High
75,90,85,100,1,3,0,0,8,2,2,1,3,4,0,82.0,94.8,Lanceolate,White,Tropical/Subtropical,Very High,Very High
90,75,100,85,3,1,0,0,2,8,1,2,4,3,0,89.8,86.8,Intermediate,White,Temperate,Very High,Very High
75,90,85,100,1,3,0,0,8,2,2,1,3,4,0,87.5,89.2,Lanceolate,White,Tropical/Subtropical,Very High,Very High
90,75,100,85,3,1,0,0,2,8,1,2,4,3,0,80.5,102.4,Intermediate,White,Temperate,Very High,Very High
75,100,85,110,1,3,0,0,8,3,2,2,3,3,0,94.8,88.0,Intermediate,White,Mediterranean,High,High
100,75,110,85,3,1,0,0,3,8,2,2,3,3,0,85.6,103.7,Linear,White,Tropical/Subtropical,High,High
75,100,85,110,1,3,0,0,8,3,2,2,3,3,0,94.1,93.3,Intermediate,White,Tropical/Subtropical,High,High
100,75,110,85,3,1,0,0,3,8,2,2,3,3,0,84.6,104.9,Intermediate,White,Tropical/Subtropical,High,High
75,100,85,110,1,3,0,0,8,3,2,2,3,3,0,92.1,98.5,Intermediate,White,Mediterranean,High,High
100,75,110,85,3,1,0,0,3,8,2,2,3,3,0,93.6,89.4,Intermediate,White,Mediterranean,High,High
75,100,85,110,1,3,0,0,8,3,2,2,3,3,0,83.5,98.6,Linear,White,Tropical/Subtropical,High,High
100,75,110,85,3,1,0,0,3,8,2,2,3,3,0,86.2,107.7,Lanceolate,White,Tropical/Subtropical,High,High
75,100,85,110,1,3,0,0,8,3,2,2,3,3,0,86.8,94.7,Linear,White,Tropical/Subtropical,High,High
100,75,110,85,3,1,0,0,3,8,2,2,3,3,0,85.0,95.8,Lanceolate,White,Mediterranean,High,High
75,100,85,110,1,3,0,0,8,3,2,2,3,3,0,98.0,92.6,Intermediate,White,Tropical/Subtropical,High,High
100,75,110,85,3,1,0,0,3,8,2,2,3,3,0,89.1,93.0,Intermediate,White,Tropical/Subtropical,High,High
75,100,85,110,1,3,0,0,8,3,2,2,3,3,0,80.7,102.8,Intermediate,White,Tropical/Subtropical,High,High
100,75,110,85,3,1,0,0,3,8,2,2,3,3,0,80.4,90.0,Linear,White,Tropical/Subtropical,High,High
75,100,85,110,1,3,0,0,8,3,2,2,3,3,0,92.3,83.7,Intermediate,White,Tropical/Subtropical,High,High
100,75,110,85,3,1,0,0,3,8,2,2,3,3,0,89.7,99.1,Intermediate,White,Mediterranean,High,High
75,200,85,55,1,4,0,1,8,9,2,1,3,3,0,128.4,65.2,Palmate,Yellow,Tropical/Subtropical,Very High,High
200,75,55,85,4,1,1,0,9,8,1,2,3,3,0,126.2,75.7,Lanceolate,Yellow,Tropical/Subtropical,Very High,High
75,200,85,55,1,4,0,1,8,9,2,1,3,3,0,137.6,69.3,Lanceolate,White,Tropical/Temperate,Very High,High
200,75,55,85,4,1,1,0,9,8,1,2,3,3,0,138.6,67.5,Intermediate,White,Tropical/Subtropical,Very High,High
75,200,85,55,1,4,0,1,8,9,2,1,3,3,0,131.2,75.1,Intermediate,White,Tropical/Subtropical,Very High,High
200,75,55,85,4,1,1,0,9,8,1,2,3,3,0,141.1,70.3,Intermediate,White,Tropical/Subtropical,Very High,High
75,200,85,55,1,4,0,1,8,9,2,1,3,3,0,127.2,67.5,Palmate,Intermediate,Tropical/Subtropical,Very High,High
200,75,55,85,4,1,1,0,9,8,1,2,3,3,0,141.4,63.9,Lanceolate,White,Tropical/Subtropical,Very High,High
75,200,85,55,1,4,0,1,8,9,2,1,3,3,0,129.0,75.9,Intermediate,White,Tropical/Temperate,Very High,High
200,75,55,85,4,1,1,0,9,8,1,2,3,3,0,139.7,77.0,Intermediate,Intermediate,Tropical/Temperate,Very High,High
75,200,85,55,1,4,0,1,8,9,2,1,3,3,0,129.9,68.0,Palmate,Intermediate,Tropical/Subtropical,Very High,High
200,75,55,85,4,1,1,0,9,8,1,2,3,3,0,133.4,70.3,Palmate,Yellow,Tropical/Temperate,Very High,High
75,200,85,55,1,4,0,1,8,9,2,1,3,3,0,137.9,73.4,Palmate,Yellow,Tropical/Temperate,Very High,High
200,75,55,85,4,1,1,0,9,8,1,2,3,3,0,140.8,69.6,Intermediate,White,Tropical/Temperate,Very High,High
75,200,85,55,1,4,0,1,8,9,2,1,3,3,0,141.1,70.8,Palmate,White,Tropical/Subtropical,Very High,High
200,75,55,85,4,1,1,0,9,8,1,2,3,3,0,135.4,71.8,Palmate,Intermediate,Tropical/Temperate,Very High,High
75,150,85,75,1,4,0,1,8,4,2,1,3,3,0,110.0,77.3,Intermediate,Yellow,Tropical/Subtropical,Very High,High
150,75,75,85,4,1,1,0,4,8,1,2,3,3,0,119.5,76.3,Palmate,White,Tropical/Subtropical,Very High,High
75,150,85,75,1,4,0,1,8,4,2,1,3,3,0,106.1,85.3,Intermediate,White,Arid,Very High,High
150,75,75,85,4,1,1,0,4,8,1,2,3,3,0,113.9,76.7,Lanceolate,Intermediate,Arid,Very High,High
75,150,85,75,1,4,0,1,8,4,2,1,3,3,0,111.4,77.6,Lanceolate,Intermediate,Tropical/Subtropical,Very High,High
150,75,75,85,4,1,1,0,4,8,1,2,3,3,0,107.6,80.0,Palmate,Yellow,Tropical/Subtropical,Very High,High
75,150,85,75,1,4,0,1,8,4,2,1,3,3,0,111.0,77.1,Intermediate,Intermediate,Tropical/Subtropical,Very High,High
150,75,75,85,4,1,1,0,4,8,1,2,3,3,0,120.3,79.8,Intermediate,Intermediate,Tropical/Subtropical,Very High,High
75,150,85,75,1,4,0,1,8,4,2,1,3,3,0,109.8,82.5,Lanceolate,Intermediate,Tropical/Subtropical,Very High,High
150,75,75,85,4,1,1,0,4,8,1,2,3,3,0,114.0,80.4,Intermediate,Intermediate,Arid,Very High,High
75,150,85,75,1,4,0,1,8,4,2,1,3,3,0,120.2,77.7,Palmate,Yellow,Tropical/Subtropical,Very High,High
150,75,75,85,4,1,1,0,4,8,1,2,3,3,0,110.2,82.8,Intermediate,White,Arid,Very High,High
75,150,85,75,1,4,0,1,8,4,2,1,3,3,0,109.5,75.8,Intermediate,White,Arid,Very High,High
150,75,75,85,4,1,1,0,4,8,1,2,3,3,0,104.2,85.2,Intermediate,Intermediate,Tropical/Subtropical,Very High,High
75,150,85,75,1,4,0,1,8,4,2,1,3,3,0,122.7,73.5,Lanceolate,White,Arid,Very High,High
150,75,75,85,4,1,1,0,4,8,1,2,3,3,0,111.4,80.4,Lanceolate,White,Arid,Very High,High
75,60,85,60,1,0,0,0,8,2,2,1,3,3,0,65.6,75.0,Intermediate,White,Tropical/Subtropical,Very High,High
60,75,60,85,0,1,0,0,2,8,1,2,3,3,0,66.6,72.7,Lanceolate,White,Temperate,Very High,High
75,60,85,60,1,0,0,0,8,2,2,1,3,3,0,71.7,65.3,Ovate,White,Temperate,Very High,High
60,75,60,85,0,1,0,0,2,8,1,2,3,3,0,67.2,72.5,Intermediate,White,Temperate,Very High,High
75,60,85,60,1,0,0,0,8,2,2,1,3,3,0,62.7,73.4,Lanceolate,White,Temperate,Very High,High
60,75,60,85,0,1,0,0,2,8,1,2,3,3,0,71.7,69.4,Intermediate,White,Tropical/Subtropical,Very High,High
75,60,85,60,1,0,0,0,8,2,2,1,3,3,0,68.8,68.2,Lanceolate,White,Temperate,Very High,High
60,75,60,85,0,1,0,0,2,8,1,2,3,3,0,64.1,64.5,Intermediate,White,Temperate,Very High,High
75,60,85,60,1,0,0,0,8,2,2,1,3,3,0,63.8,67.3,Intermediate,White,Temperate,Very High,High
60,75,60,85,0,1,0,0,2,8,1,2,3,3,0,68.9,74.0,Ovate,White,Tropical/Subtropical,Very High,High
75,60,85,60,1,0,0,0,8,2,2,1,3,3,0,68.3,71.2,Lanceolate,White,Tropical/Subtropical,Very High,High
60,75,60,85,0,1,0,0,2,8,1,2,3,3,0,72.4,74.1,Lanceolate,White,Temperate,Very High,High
75,60,85,60,1,0,0,0,8,2,2,1,3,3,0,70.3,68.7,Lanceolate,White,Temperate,Very High,High
60,75,60,85,0,1,0,0,2,8,1,2,3,3,0,65.9,70.8,Intermediate,White,Temperate,Very High,High
75,60,85,60,1,0,0,0,8,2,2,1,3,3,0,65.0,74.0,Intermediate,White,Tropical/Subtropical,Very High,High
60,75,60,85,0,1,0,0,2,8,1,2,3,3,0,66.8,72.8,Intermediate,White,Temperate,Very High,High
75,180,85,80,1,0,0,0,8,0,2,2,3,3,0,129.2,83.8,Ovate,White,Tropical,High,High
180,75,80,85,0,1,0,0,0,8,2,2,3,3,0,143.1,84.1,Lanceolate,White,Tropical/Subtropical,High,High
75,180,85,80,1,0,0,0,8,0,2,2,3,3,0,129.5,82.5,Intermediate,White,Tropical/Subtropical,High,High
180,75,80,85,0,1,0,0,0,8,2,2,3,3,0,126.4,78.7,Intermediate,White,Tropical,High,High
75,180,85,80,1,0,0,0,8,0,2,2,3,3,0,131.9,79.7,Lanceolate,White,Tropical,High,High
180,75,80,85,0,1,0,0,0,8,2,2,3,3,0,127.9,82.3,Intermediate,White,Tropical,High,High
75,180,85,80,1,0,0,0,8,0,2,2,3,3,0,135.4,83.9,Intermediate,White,Tropical/Subtropical,High,High
180,75,80,85,0,1,0,0,0,8,2,2,3,3,0,133.7,84.2,Intermediate,White,Tropical/Subtropical,High,High
75,180,85,80,1,0,0,0,8,0,2,2,3,3,0,136.5,87.5,Intermediate,White,Tropical/Subtropical,High,High
180,75,80,85,0,1,0,0,0,8,2,2,3,3,0,137.0,79.5,Intermediate,White,Tropical,High,High
75,180,85,80,1,0,0,0,8,0,2,2,3,3,0,120.7,90.8,Intermediate,White,Tropical/Subtropical,High,High
180,75,80,85,0,1,0,0,0,8,2,2,3,3,0,136.7,86.5,Intermediate,White,Tropical/Subtropical,High,High
75,180,85,80,1,0,0,0,8,0,2,2,3,3,0,125.7,83.9,Intermediate,White,Tropical,High,High
180,75,80,85,0,1,0,0,0,8,2,2,3,3,0,127.2,81.5,Lanceolate,White,Tropical/Subtropical,High,High
75,180,85,80,1,0,0,0,8,0,2,2,3,3,0,129.9,84.0,Intermediate,White,Tropical/Subtropical,High,High
180,75,80,85,0,1,0,0,0,8,2,2,3,3,0,138.9,84.9,Ovate,White,Tropical/Subtropical,High,High
75,100,85,95,1,0,0,2,8,2,2,2,3,4,0,83.4,87.5,Intermediate,White,Tropical/Subtropical,High,Very High
100,75,95,85,0,1,2,0,2,8,2,2,4,3,0,87.6,88.2,Ovate,White,Tropical/Subtropical,High,Very High
75,100,85,95,1,0,0,2,8,2,2,2,3,4,0,88.9,98.1,Ovate,White,Temperate,High,Very High
100,75,95,85,0,1,2,0,2,8,2,2,4,3,0,90.0,92.8,Ovate,Intermediate,Temperate,High,Very High
75,100,85,95,1,0,0,2,8,2,2,2,3,4,0,84.5,96.4,Intermediate,White,Temperate,High,Very High
100,75,95,85,0,1,2,0,2,8,2,2,4,3,0,91.8,87.3,Lanceolate,Intermediate,Tropical/Subtropical,High,Very High
75,100,85,95,1,0,0,2,8,2,2,2,3,4,0,88.8,94.0,Ovate,Intermediate,Tropical/Subtropical,High,Very High
100,75,95,85,0,1,2,0,2,8,2,2,4,3,0,85.1,94.2,Intermediate,White,Temperate,High,Very High
75,100,85,95,1,0,0,2,8,2,2,2,3,4,0,80.2,89.3,Ovate,Intermediate,Tropical/Subtropical,High,Very High
100,75,95,85,0,1,2,0,2,8,2,2,4,3,0,89.3,87.7,Intermediate,Intermediate,Temperate,High,Very High
75,100,85,95,1,0,0,2,8,2,2,2,3,4,0,90.5,88.6,Lanceolate,Purple,Temperate,High,Very High
100,75,95,85,0,1,2,0,2,8,2,2,4,3,0,88.9,93.4,Intermediate,Purple,Temperate,High,Very High
75,100,85,95,1,0,0,2,8,2,2,2,3,4,0,85.3,97.4,Intermediate,Intermediate,Temperate,High,Very High
100,75,95,85,0,1,2,0,2,8,2,2,4,3,0,89.0,96.2,Ovate,Purple,Tropical/Subtropical,High,Very High
75,100,85,95,1,0,0,2,8,2,2,2,3,4,0,94.5,92.1,Ovate,Intermediate,Temperate,High,Very High
100,75,95,85,0,1,2,0,2,8,2,2,4,3,0,90.3,90.8,Lanceolate,Intermediate,Tropical/Subtropical,High,Very High
75,50,85,130,1,9,0,1,8,8,2,1,3,3,0,60.5,116.3,Intermediate,Intermediate,Tropical/Subtropical,Very High,High
50,75,130,85,9,1,1,0,8,8,1,2,3,3,0,59.3,108.8,Intermediate,Intermediate,Tropical/Subtropical,Very High,High
75,50,85,130,1,9,0,1,8,8,2,1,3,3,0,67.1,97.8,Compound,Intermediate,Tropical/Subtropical,Very High,High
50,75,130,85,9,1,1,0,8,8,1,2,3,3,0,66.0,122.2,Intermediate,Intermediate,Tropical/Subtropical,Very High,High
75,50,85,130,1,9,0,1,8,8,2,1,3,3,0,66.1,103.1,Intermediate,Yellow,Tropical/Subtropical,Very High,High
50,75,130,85,9,1,1,0,8,8,1,2,3,3,0,62.1,110.5,Compound,White,Tropical/Subtropical,Very High,High
75,50,85,130,1,9,0,1,8,8,2,1,3,3,0,60.9,104.0,Compound,Yellow,Tropical/Subtropical,Very High,High
50,75,130,85,9,1,1,0,8,8,1,2,3,3,0,61.1,104.8,Compound,White,Tropical/Subtropical,Very High,High
75,50,85,130,1,9,0,1,8,8,2,1,3,3,0,62.1,115.5,Compound,Intermediate,Tropical/Subtropical,Very High,High
50,75,130,85,9,1,1,0,8,8,1,2,3,3,0,60.6,107.7,Intermediate,Intermediate,Tropical/Subtropical,Very High,High
75,50,85,130,1,9,0,1,8,8,2,1,3,3,0,64.6,101.3,Intermediate,Intermediate,Tropical/Subtropical,Very High,High
50,75,130,85,9,1,1,0,8,8,1,2,3,3,0,61.4,102.7,Intermediate,White,Tropical/Subtropical,Very High,High
75,50,85,130,1,9,0,1,8,8,2,1,3,3,0,63.6,105.5,Compound,Intermediate,Tropical/Subtropical,Very High,High
50,75,130,85,9,1,1,0,8,8,1,2,3,3,0,64.6,111.9,Intermediate,Yellow,Tropical/Subtropical,Very High,High
75,50,85,130,1,9,0,1,8,8,2,1,3,3,0,66.0,98.4,Intermediate,Intermediate,Tropical/Subtropical,Very High,High
50,75,130,85,9,1,1,0,8,8,1,2,3,3,0,62.2,109.4,Intermediate,Intermediate,Tropical/Subtropical,Very High,High
75,70,85,90,1,7,0,0,8,6,2,1,3,4,1,69.9,85.4,Lanceolate,White,Tropical/Subtropical,Very High,Very High
70,75,90,85,7,1,0,0,6,8,1,2,4,3,1,70.1,89.7,Intermediate,White,Tropical/Subtropical,Very High,Very High
75,70,85,90,1,7,0,0,8,6,2,1,3,4,1,74.5,89.9,Intermediate,White,Tropical/Subtropical,Very High,Very High
70,75,90,85,7,1,0,0,6,8,1,2,4,3,1,69.8,89.6,Pinnate,White,Cool Temperate,Very High,Very High
75,70,85,90,1,7,0,0,8,6,2,1,3,4,1,74.9,79.3,Lanceolate,White,Cool Temperate,Very High,Very High
70,75,90,85,7,1,0,0,6,8,1,2,4,3,1,70.2,88.4,Intermediate,White,Cool Temperate,Very High,Very High
75,70,85,90,1,7,0,0,8,6,2,1,3,4,1,70.6,77.8,Pinnate,White,Tropical/Subtropical,Very High,Very High
70,75,90,85,7,1,0,0,6,8,1,2,4,3,1,71.1,85.8,Intermediate,White,Cool Temperate,Very High,Very High
75,70,85,90,1,7,0,0,8,6,2,1,3,4,1,65.0,82.3,Pinnate,White,Tropical/Subtropical,Very High,Very High
70,75,90,85,7,1,0,0,6,8,1,2,4,3,1,69.8,85.6,Intermediate,White,Tropical/Subtropical,Very High,Very High
75,70,85,90,1,7,0,0,8,6,2,1,3,4,1,72.2,89.7,Pinnate,White,Tropical/Subtropical,Very High,Very High
70,75,90,85,7,1,0,0,6,8,1,2,4,3,1,76.3,84.6,Intermediate,White,Tropical/Subtropical,Very High,Very High
75,70,85,90,1,7,0,0,8,6,2,1,3,4,1,70.7,90.7,Intermediate,White,Tropical/Subtropical,Very High,Very High
70,75,90,85,7,1,0,0,6,8,1,2,4,3,1,77.0,85.6,Pinnate,White,Cool Temperate,Very High,Very High
75,70,85,90,1,7,0,0,8,6,2,1,3,4,1,74.9,80.1,Intermediate,White,Cool Temperate,Very High,Very High
70,75,90,85,7,1,0,0,6,8,1,2,4,3,1,70.6,91.1,Pinnate,White,Cool Temperate,Very High,Very High
75,30,85,100,1,5,0,2,8,8,2,2,3,3,0,51.1,95.9,Lanceolate,Purple,Tropical/Subtropical,High,High
30,75,100,85,5,1,2,0,8,8,2,2,3,3,0,53.8,93.4,Lanceolate,Intermediate,Tropical/Subtropical,High,High
75,30,85,100,1,5,0,2,8,8,2,2,3,3,0,50.7,88.9,Cordate,Intermediate,Tropical/Subtropical,High,High
30,75,100,85,5,1,2,0,8,8,2,2,3,3,0,54.5,97.3,Lanceolate,Purple,Tropical/Subtropical,High,High
75,30,85,100,1,5,0,2,8,8,2,2,3,3,0,52.6,89.6,Lanceolate,Purple,Tropical/Subtropical,High,High
30,75,100,85,5,1,2,0,8,8,2,2,3,3,0,55.2,92.1,Cordate,Intermediate,Tropical/Subtropical,High,High
75,30,85,100,1,5,0,2,8,8,2,2,3,3,0,55.7,97.2,Lanceolate,Intermediate,Tropical/Subtropical,High,High
30,75,100,85,5,1,2,0,8,8,2,2,3,3,0,53.2,99.2,Cordate,Purple,Tropical/Subtropical,High,High
75,30,85,100,1,5,0,2,8,8,2,2,3,3,0,50.8,86.5,Intermediate,Intermediate,Tropical/Subtropical,High,High
30,75,100,85,5,1,2,0,8,8,2,2,3,3,0,50.5,95.6,Intermediate,White,Tropical/Subtropical,High,High
75,30,85,100,1,5,0,2,8,8,2,2,3,3,0,49.1,86.8,Lanceolate,White,Tropical/Subtropical,High,High
30,75,100,85,5,1,2,0,8,8,2,2,3,3,0,48.5,99.4,Intermediate,White,Tropical/Subtropical,High,High
75,30,85,100,1,5,0,2,8,8,2,2,3,3,0,50.1,77.5,Lanceolate,Intermediate,Tropical/Subtropical,High,High
30,75,100,85,5,1,2,0,8,8,2,2,3,3,0,55.7,93.3,Intermediate,Purple,Tropical/Subtropical,High,High
75,30,85,100,1,5,0,2,8,8,2,2,3,3,0,48.0,93.3,Intermediate,White,Tropical/Subtropical,High,High
30,75,100,85,5,1,2,0,8,8,2,2,3,3,0,53.9,98.4,Lanceolate,White,Tropical/Subtropical,High,High
75,300,85,270,1,4,0,0,8,0,2,3,3,4,0,202.3,193.1,Intermediate,White,Tropical/Subtropical,Very High,Very High
300,75,270,85,4,1,0,0,0,8,3,2,4,3,0,178.1,173.7,Lanceolate,White,Tropical,Very High,Very High
75,300,85,270,1,4,0,0,8,0,2,3,3,4,0,180.0,174.8,Intermediate,White,Tropical/Subtropical,Very High,Very High
300,75,270,85,4,1,0,0,0,8,3,2,4,3,0,167.5,174.5,Intermediate,White,Tropical,Very High,Very High
75,300,85,270,1,4,0,0,8,0,2,3,3,4,0,187.6,177.8,Lanceolate,White,Tropical/Subtropical,Very High,Very High
300,75,270,85,4,1,0,0,0,8,3,2,4,3,0,171.1,179.9,Intermediate,White,Tropical/Subtropical,Very High,Very High
75,300,85,270,1,4,0,0,8,0,2,3,3,4,0,199.1,181.5,Palmate,White,Tropical,Very High,Very High
300,75,270,85,4,1,0,0,0,8,3,2,4,3,0,188.9,195.2,Intermediate,White,Tropical/Subtropical,Very High,Very High
75,300,85,270,1,4,0,0,8,0,2,3,3,4,0,178.5,176.4,Palmate,White,Tropical/Subtropical,Very High,Very High
300,75,270,85,4,1,0,0,0,8,3,2,4,3,0,183.5,178.1,Intermediate,White,Tropical/Subtropical,Very High,Very High
75,300,85,270,1,4,0,0,8,0,2,3,3,4,0,209.4,178.3,Lanceolate,White,Tropical,Very High,Very High
300,75,270,85,4,1,0,0,0,8,3,2,4,3,0,181.8,171.8,Lanceolate,White,Tropical,Very High,Very High
75,300,85,270,1,4,0,0,8,0,2,3,3,4,0,189.5,169.9,Intermediate,White,Tropical/Subtropical,Very High,Very High
300,75,270,85,4,1,0,0,0,8,3,2,4,3,0,179.0,169.0,Palmate,White,Tropical/Subtropical,Very High,Very High
75,300,85,270,1,4,0,0,8,0,2,3,3,4,0,189.4,188.1,Lanceolate,White,Tropical,Very High,Very High
300,75,270,85,4,1,0,0,0,8,3,2,4,3,0,182.2,178.7,Intermediate,White,Tropical,Very High,Very High
75,50,85,70,1,6,0,1,8,6,2,1,3,3,0,59.7,79.3,Lanceolate,Intermediate,Cool Temperate,Very High,High
50,75,70,85,6,1,1,0,6,8,1,2,3,3,0,64.2,77.8,Intermediate,Intermediate,Cool Temperate,Very High,High
75,50,85,70,1,6,0,1,8,6,2,1,3,3,0,62.1,81.0,Oblong,Yellow,Cool Temperate,Very High,High
50,75,70,85,6,1,1,0,6,8,1,2,3,3,0,61.2,70.9,Intermediate,Yellow,Tropical/Subtropical,Very High,High
75,50,85,70,1,6,0,1,8,6,2,1,3,3,0,61.4,81.2,Oblong,Intermediate,Tropical/Subtropical,Very High,High
50,75,70,85,6,1,1,0,6,8,1,2,3,3,0,61.4,75.0,Intermediate,Intermediate,Tropical/Subtropical,Very High,High
75,50,85,70,1,6,0,1,8,6,2,1,3,3,0,60.2,76.8,Intermediate,White,Cool Temperate,Very High,High
50,75,70,85,6,1,1,0,6,8,1,2,3,3,0,63.8,79.7,Oblong,Intermediate,Cool Temperate,Very High,High
75,50,85,70,1,6,0,1,8,6,2,1,3,3,0,58.4,75.3,Oblong,Intermediate,Tropical/Subtropical,Very High,High
50,75,70,85,6,1,1,0,6,8,1,2,3,3,0,63.2,76.5,Intermediate,Yellow,Cool Temperate,Very High,High
75,50,85,70,1,6,0,1,8,6,2,1,3,3,0,67.6,75.9,Oblong,Intermediate,Cool Temperate,Very High,High
50,75,70,85,6,1,1,0,6,8,1,2,3,3,0,62.6,74.2,Intermediate,White,Tropical/Subtropical,Very High,High
75,50,85,70,1,6,0,1,8,6,2,1,3,3,0,64.4,78.1,Intermediate,Intermediate,Cool Temperate,Very High,High
50,75,70,85,6,1,1,0,6,8,1,2,3,3,0,58.8,73.3,Intermediate,Intermediate,Tropical/Subtropical,Very High,High
75,50,85,70,1,6,0,1,8,6,2,1,3,3,0,59.4,73.8,Intermediate,Yellow,Cool Temperate,Very High,High
50,75,70,85,6,1,1,0,6,8,1,2,3,3,0,58.2,77.2,Oblong,Intermediate,Cool Temperate,Very High,High
75,130,85,100,1,10,0,1,8,2,2,2,3,4,0,95.4,97.3,Intermediate,White,Tropical/Subtropical,High,Very High
130,75,100,85,10,1,1,0,2,8,2,2,4,3,0,110.6,96.2,Intermediate,Yellow,Tropical/Subtropical,High,Very High
75,130,85,100,1,10,0,1,8,2,2,2,3,4,0,103.7,88.8,Lobed,Intermediate,Tropical/Subtropical,High,Very High
130,75,100,85,10,1,1,0,2,8,2,2,4,3,0,102.3,93.9,Lanceolate,White,Temperate,High,Very High
75,130,85,100,1,10,0,1,8,2,2,2,3,4,0,109.9,93.6,Lobed,White,Tropical/Subtropical,High,Very High
130,75,100,85,10,1,1,0,2,8,2,2,4,3,0,98.5,88.0,Intermediate,White,Tropical/Subtropical,High,Very High
75,130,85,100,1,10,0,1,8,2,2,2,3,4,0,110.5,96.4,Lanceolate,Intermediate,Temperate,High,Very High
130,75,100,85,10,1,1,0,2,8,2,2,4,3,0,108.4,88.5,Lobed,White,Tropical/Subtropical,High,Very High
75,130,85,100,1,10,0,1,8,2,2,2,3,4,0,101.4,93.1,Lobed,Yellow,Tropical/Subtropical,High,Very High
130,75,100,85,10,1,1,0,2,8,2,2,4,3,0,105.8,88.0,Lobed,Intermediate,Tropical/Subtropical,High,Very High
75,130,85,100,1,10,0,1,8,2,2,2,3,4,0,105.2,89.4,Lobed,Yellow,Temperate,High,Very High
130,75,100,85,10,1,1,0,2,8,2,2,4,3,0,103.9,86.5,Intermediate,Intermediate,Tropical/Subtropical,High,Very High
75,130,85,100,1,10,0,1,8,2,2,2,3,4,0,105.4,103.4,Lobed,Yellow,Tropical/Subtropical,High,Very High
130,75,100,85,10,1,1,0,2,8,2,2,4,3,0,102.0,100.7,Intermediate,Yellow,Temperate,High,Very High
75,130,85,100,1,10,0,1,8,2,2,2,3,4,0,89.5,90.7,Intermediate,Intermediate,Tropical/Subtropical,High,Very High
130,75,100,85,10,1,1,0,2,8,2,2,4,3,0,103.5,94.1,Lobed,Intermediate,Tropical/Subtropical,High,Very High
75,150,85,150,1,4,0,0,8,1,2,1,3,3,0,110.6,130.6,Palmate,White,Subtropical,Very High,High
150,75,150,85,4,1,0,0,1,8,1,2,3,3,0,110.7,114.5,Lanceolate,White,Subtropical,Very High,High
75,150,85,150,1,4,0,0,8,1,2,1,3,3,0,118.7,119.9,Lanceolate,White,Subtropical,Very High,High
150,75,150,85,4,1,0,0,1,8,1,2,3,3,0,108.9,117.3,Intermediate,White,Tropical/Subtropical,Very High,High
75,150,85,150,1,4,0,0,8,1,2,1,3,3,0,106.5,118.7,Lanceolate,White,Subtropical,Very High,High
150,75,150,85,4,1,0,0,1,8,1,2,3,3,0,119.0,119.9,Lanceolate,White,Tropical/Subtropical,Very High,High
75,150,85,150,1,4,0,0,8,1,2,1,3,3,0,113.4,116.9,Intermediate,White,Tropical/Subtropical,Very High,High
150,75,150,85,4,1,0,0,1,8,1,2,3,3,0,113.5,110.3,Palmate,White,Tropical/Subtropical,Very High,High
75,150,85,150,1,4,0,0,8,1,2,1,3,3,0,118.0,126.7,Intermediate,White,Subtropical,Very High,High
150,75,150,85,4,1,0,0,1,8,1,2,3,3,0,111.8,117.1,Intermediate,White,Subtropical,Very High,High
75,150,85,150,1,4,0,0,8,1,2,1,3,3,0,114.1,118.9,Palmate,White,Subtropical,Very High,High
150,75,150,85,4,1,0,0,1,8,1,2,3,3,0,106.4,114.1,Intermediate,White,Subtropical,Very High,High
75,150,85,150,1,4,0,0,8,1,2,1,3,3,0,105.8,122.7,Palmate,White,Subtropical,Very High,High
150,75,150,85,4,1,0,0,1,8,1,2,3,3,0,109.2,118.3,Intermediate,White,Tropical/Subtropical,Very High,High
75,150,85,150,1,4,0,0,8,1,2,1,3,3,0,105.5,112.8,Intermediate,White,Subtropical,Very High,High
150,75,150,85,4,1,0,0,1,8,1,2,3,3,0,115.0,112.0,Palmate,White,Tropical/Subtropical,Very High,High
75,200,85,170,1,4,0,1,8,0,2,2,3,1,0,145.7,136.9,Intermediate,Intermediate,Tropical/Subtropical,High,High
200,75,170,85,4,1,1,0,0,8,2,2,1,3,0,136.4,135.0,Intermediate,Intermediate,Tropical,High,High
75,200,85,170,1,4,0,1,8,0,2,2,3,1,0,133.7,115.4,Intermediate,Yellow,Tropical/Subtropical,High,High
200,75,170,85,4,1,1,0,0,8,2,2,1,3,0,140.9,110.6,Palmate,Yellow,Tropical,High,High
75,200,85,170,1,4,0,1,8,0,2,2,3,1,0,138.9,125.2,Palmate,Yellow,Tropical/Subtropical,High,High
200,75,170,85,4,1,1,0,0,8,2,2,1,3,0,145.7,119.5,Lanceolate,White,Tropical/Subtropical,High,High
75,200,85,170,1,4,0,1,8,0,2,2,3,1,0,134.5,132.1,Lanceolate,White,Tropical/Subtropical,High,High
200,75,170,85,4,1,1,0,0,8,2,2,1,3,0,124.9,129.0,Palmate,Intermediate,Tropical,High,High
75,200,85,170,1,4,0,1,8,0,2,2,3,1,0,124.9,128.3,Lanceolate,Intermediate,Tropical,High,High
200,75,170,85,4,1,1,0,0,8,2,2,1,3,0,136.6,126.2,Lanceolate,Intermediate,Tropical,High,High
75,200,85,170,1,4,0,1,8,0,2,2,3,1,0,142.4,138.0,Palmate,Intermediate,Tropical,High,High
200,75,170,85,4,1,1,0,0,8,2,2,1,3,0,128.6,131.5,Intermediate,Intermediate,Tropical,High,High
75,200,85,170,1,4,0,1,8,0,2,2,3,1,0,140.1,129.8,Lanceolate,Intermediate,Tropical/Subtropical,High,High
200,75,170,85,4,1,1,0,0,8,2,2,1,3,0,126.5,128.6,Intermediate,Yellow,Tropical/Subtropical,High,High
75,200,85,170,1,4,0,1,8,0,2,2,3,1,0,153.8,134.2,Intermediate,White,Tropical,High,High
200,75,170,85,4,1,1,0,0,8,2,2,1,3,0,135.5,119.5,Lanceolate,Intermediate,Tropical,High,High
75,180,85,90,1,2,0,3,8,8,2,1,3,3,1,131.9,92.0,Elliptical,Intermediate,Tropical/Subtropical,Very High,High
180,75,90,85,2,1,3,0,8,8,1,2,3,3,1,124.9,97.0,Intermediate,Intermediate,Tropical/Subtropical,Very High,High
75,180,85,90,1,2,0,3,8,8,2,1,3,3,1,129.3,82.0,Elliptical,Intermediate,Tropical/Subtropical,Very High,High
180,75,90,85,2,1,3,0,8,8,1,2,3,3,1,136.3,81.0,Lanceolate,Intermediate,Tropical/Subtropical,Very High,High
75,180,85,90,1,2,0,3,8,8,2,1,3,3,1,123.8,82.7,Intermediate,Pink,Tropical/Subtropical,Very High,High
180,75,90,85,2,1,3,0,8,8,1,2,3,3,1,135.6,84.0,Intermediate,Pink,Tropical/Subtropical,Very High,High
75,180,85,90,1,2,0,3,8,8,2,1,3,3,1,131.0,87.7,Elliptical,Intermediate,Tropical/Subtropical,Very High,High
180,75,90,85,2,1,3,0,8,8,1,2,3,3,1,128.2,84.6,Elliptical,Intermediate,Tropical/Subtropical,Very High,High
75,180,85,90,1,2,0,3,8,8,2,1,3,3,1,135.3,86.5,Intermediate,White,Tropical/Subtropical,Very High,High
180,75,90,85,2,1,3,0,8,8,1,2,3,3,1,131.4,83.5,Intermediate,Pink,Tropical/Subtropical,Very High,High
75,180,85,90,1,2,0,3,8,8,2,1,3,3,1,133.4,86.0,Elliptical,Pink,Tropical/Subtropical,Very High,High
180,75,90,85,2,1,3,0,8,8,1,2,3,3,1,125.0,90.6,Lanceolate,Intermediate,Tropical/Subtropical,Very High,High
75,180,85,90,1,2,0,3,8,8,2,1,3,3,1,127.1,84.3,Intermediate,White,Tropical/Subtropical,Very High,High
180,75,90,85,2,1,3,0,8,8,1,2,3,3,1,129.2,96.0,Intermediate,Pink,Tropical/Subtropical,Very High,High
75,180,85,90,1,2,0,3,8,8,2,1,3,3,1,125.9,89.8,Elliptical,Pink,Tropical/Subtropical,Very High,High
180,75,90,85,2,1,3,0,8,8,1,2,3,3,1,119.6,87.1,Lanceolate,Pink,Tropical/Subtropical,Very High,High
75,100,85,80,1,0,0,1,8,2,2,3,3,1,1,89.7,84.9,Ovate,Yellow,Temperate,Very High,High
100,75,80,85,0,1,1,0,2,8,3,2,1,3,1,86.2,74.5,Ovate,White,Temperate,Very High,High
75,100,85,80,1,0,0,1,8,2,2,3,3,1,1,85.3,78.4,Intermediate,Intermediate,Temperate,Very High,High
100,75,80,85,0,1,1,0,2,8,3,2,1,3,1,92.6,78.1,Intermediate,Intermediate,Tropical/Subtropical,Very High,High
75,100,85,80,1,0,0,1,8,2,2,3,3,1,1,90.9,81.9,Lanceolate,Intermediate,Temperate,Very High,High
100,75,80,85,0,1,1,0,2,8,3,2,1,3,1,89.0,78.7,Intermediate,Intermediate,Temperate,Very High,High
75,100,85,80,1,0,0,1,8,2,2,3,3,1,1,87.4,81.2,Lanceolate,Intermediate,Tropical/Subtropical,Very High,High
100,75,80,85,0,1,1,0,2,8,3,2,1,3,1,92.4,77.3,Intermediate,White,Temperate,Very High,High
75,100,85,80,1,0,0,1,8,2,2,3,3,1,1,97.1,85.9,Ovate,Intermediate,Tropical/Subtropical,Very High,High
100,75,80,85,0,1,1,0,2,8,3,2,1,3,1,84.5,84.5,Intermediate,Yellow,Temperate,Very High,High
75,100,85,80,1,0,0,1,8,2,2,3,3,1,1,89.4,79.7,Intermediate,Yellow,Tropical/Subtropical,Very High,High
100,75,80,85,0,1,1,0,2,8,3,2,1,3,1,84.0,86.5,Intermediate,Intermediate,Tropical/Subtropical,Very High,High
75,100,85,80,1,0,0,1,8,2,2,3,3,1,1,92.3,83.4,Ovate,Yellow,Temperate,Very High,High
100,75,80,85,0,1,1,0,2,8,3,2,1,3,1,87.1,88.3,Intermediate,Intermediate,Tropical/Subtropical,Very High,High
75,100,85,80,1,0,0,1,8,2,2,3,3,1,1,87.0,90.6,Ovate,Yellow,Tropical/Subtropical,Very High,High
100,75,80,85,0,1,1,0,2,8,3,2,1,3,1,87.5,93.5,Intermediate,Intermediate,Temperate,Very High,High
75,300,85,110,1,3,0,0,8,4,2,3,3,3,0,174.4,102.6,Linear,White,Tropical/Subtropical,Very High,High
300,75,110,85,3,1,0,0,4,8,3,2,3,3,0,175.6,93.2,Linear,White,Tropical/Subtropical,Very High,High
75,300,85,110,1,3,0,0,8,4,2,3,3,3,0,183.4,96.2,Linear,White,Tropical/Subtropical,Very High,High
300,75,110,85,3,1,0,0,4,8,3,2,3,3,0,194.4,96.8,Intermediate,White,Arid,Very High,High
75,300,85,110,1,3,0,0,8,4,2,3,3,3,0,184.7,96.4,Intermediate,White,Arid,Very High,High
300,75,110,85,3,1,0,0,4,8,3,2,3,3,0,189.6,97.8,Intermediate,White,Arid,Very High,High
75,300,85,110,1,3,0,0,8,4,2,3,3,3,0,189.5,98.1,Linear,White,Arid,Very High,High
300,75,110,85,3,1,0,0,4,8,3,2,3,3,0,197.0,103.1,Lanceolate,White,Arid,Very High,High
75,300,85,110,1,3,0,0,8,4,2,3,3,3,0,193.4,93.2,Linear,White,Arid,Very High,High
300,75,110,85,3,1,0,0,4,8,3,2,3,3,0,197.1,97.2,Intermediate,White,Arid,Very High,High
75,300,85,110,1,3,0,0,8,4,2,3,3,3,0,180.5,96.5,Lanceolate,White,Arid,Very High,High
300,75,110,85,3,1,0,0,4,8,3,2,3,3,0,188.5,98.3,Linear,White,Arid,Very High,High
75,300,85,110,1,3,0,0,8,4,2,3,3,3,0,192.7,98.7,Intermediate,White,Arid,Very High,High
300,75,110,85,3,1,0,0,4,8,3,2,3,3,0,183.7,97.6,Intermediate,White,Arid,Very High,High
75,300,85,110,1,3,0,0,8,4,2,3,3,3,0,195.2,103.6,Intermediate,White,Arid,Very High,High
300,75,110,85,3,1,0,0,4,8,3,2,3,3,0,191.0,98.3,Intermediate,White,Arid,Very High,High
75,250,85,90,1,3,0,2,8,5,2,3,3,1,0,162.3,84.0,Lanceolate,White,Tropical/Subtropical,Very High,High
250,75,90,85,3,1,2,0,5,8,3,2,1,3,0,150.4,82.3,Linear,White,Tropical/Subtropical,Very High,High
75,250,85,90,1,3,0,2,8,5,2,3,3,1,0,164.5,85.5,Intermediate,Intermediate,Tropical/Subtropical,Very High,High
250,75,90,85,3,1,2,0,5,8,3,2,1,3,0,170.1,87.2,Lanceolate,Intermediate,Tropical/Subtropical,Very High,High
75,250,85,90,1,3,0,2,8,5,2,3,3,1,0,154.1,81.2,Intermediate,Purple,Tropical/Subtropical,Very High,High
250,75,90,85,3,1,2,0,5,8,3,2,1,3,0,172.3,84.3,Linear,Purple,Semi-Arid,Very High,High
75,250,85,90,1,3,0,2,8,5,2,3,3,1,0,160.3,86.0,Linear,White,Semi-Arid,Very High,High
250,75,90,85,3,1,2,0,5,8,3,2,1,3,0,184.7,87.3,Lanceolate,White,Tropical/Subtropical,Very High,High
75,250,85,90,1,3,0,2,8,5,2,3,3,1,0,159.0,91.6,Lanceolate,Intermediate,Semi-Arid,Very High,High
250,75,90,85,3,1,2,0,5,8,3,2,1,3,0,172.2,82.4,Lanceolate,White,Tropical/Subtropical,Very High,High
75,250,85,90,1,3,0,2,8,5,2,3,3,1,0,169.4,84.1,Lanceolate,White,Tropical/Subtropical,Very High,High
250,75,90,85,3,1,2,0,5,8,3,2,1,3,0,179.1,89.4,Linear,Purple,Tropical/Subtropical,Very High,High
75,250,85,90,1,3,0,2,8,5,2,3,3,1,0,161.6,84.9,Linear,Purple,Semi-Arid,Very High,High
250,75,90,85,3,1,2,0,5,8,3,2,1,3,0,157.8,94.7,Intermediate,Intermediate,Semi-Arid,Very High,High
75,250,85,90,1,3,0,2,8,5,2,3,3,1,0,163.0,85.5,Lanceolate,Intermediate,Tropical/Subtropical,Very High,High
250,75,90,85,3,1,2,0,5,8,3,2,1,3,0,152.0,88.2,Linear,Intermediate,Semi-Arid,Very High,High
75,100,85,65,1,7,0,1,8,0,2,2,3,3,1,87.9,79.7,Intermediate,Yellow,Tropical/Subtropical,High,High
100,75,65,85,7,1,1,0,0,8,2,2,3,3,1,80.9,75.3,Intermediate,Intermediate,Tropical,High,High
75,100,85,65,1,7,0,1,8,0,2,2,3,3,1,82.2,77.0,Intermediate,Intermediate,Tropical/Subtropical,High,High
100,75,65,85,7,1,1,0,0,8,2,2,3,3,1,87.3,72.6,Intermediate,White,Tropical,High,High
75,100,85,65,1,7,0,1,8,0,2,2,3,3,1,88.6,73.7,Intermediate,Intermediate,Tropical,High,High
100,75,65,85,7,1,1,0,0,8,2,2,3,3,1,89.5,77.1,Pinnate,Yellow,Tropical,High,High
75,100,85,65,1,7,0,1,8,0,2,2,3,3,1,90.4,66.4,Pinnate,Intermediate,Tropical/Subtropical,High,High
100,75,65,85,7,1,1,0,0,8,2,2,3,3,1,87.0,77.2,Intermediate,Intermediate,Tropical/Subtropical,High,High
75,100,85,65,1,7,0,1,8,0,2,2,3,3,1,81.6,69.5,Pinnate,White,Tropical/Subtropical,High,High
100,75,65,85,7,1,1,0,0,8,2,2,3,3,1,84.8,82.1,Intermediate,Intermediate,Tropical/Subtropical,High,High
75,100,85,65,1,7,0,1,8,0,2,2,3,3,1,84.4,75.3,Lanceolate,Intermediate,Tropical,High,High
100,75,65,85,7,1,1,0,0,8,2,2,3,3,1,84.5,76.3,Intermediate,Intermediate,Tropical,High,High
75,100,85,65,1,7,0,1,8,0,2,2,3,3,1,92.6,69.5,Intermediate,Intermediate,Tropical,High,High
100,75,65,85,7,1,1,0,0,8,2,2,3,3,1,90.4,76.6,Pinnate,Yellow,Tropical,High,High
75,100,85,65,1,7,0,1,8,0,2,2,3,3,1,90.0,73.3,Pinnate,Intermediate,Tropical/Subtropical,High,High
100,75,65,85,7,1,1,0,0,8,2,2,3,3,1,85.7,77.4,Pinnate,Intermediate,Tropical/Subtropical,High,High
75,30,85,75,1,7,0,0,8,6,2,1,3,3,0,55.5,72.4,Intermediate,White,Tropical/Subtropical,Very High,High
30,75,75,85,7,1,0,0,6,8,1,2,3,3,0,53.6,87.8,Intermediate,White,Cool Temperate,Very High,High
75,30,85,75,1,7,0,0,8,6,2,1,3,3,0,52.4,77.1,Pinnate,White,Tropical/Subtropical,Very High,High
30,75,75,85,7,1,0,0,6,8,1,2,3,3,0,53.9,81.7,Intermediate,White,Cool Temperate,Very High,High
75,30,85,75,1,7,0,0,8,6,2,1,3,3,0,52.0,81.7,Intermediate,White,Cool Temperate,Very High,High
30,75,75,85,7,1,0,0,6,8,1,2,3,3,0,53.9,75.0,Pinnate,White,Cool Temperate,Very High,High
75,30,85,75,1,7,0,0,8,6,2,1,3,3,0,51.7,82.4,Pinnate,White,Tropical/Subtropical,Very High,High
30,75,75,85,7,1,0,0,6,8,1,2,3,3,0,50.1,77.1,Intermediate,White,Cool Temperate,Very High,High
75,30,85,75,1,7,0,0,8,6,2,1,3,3,0,53.9,82.5,Intermediate,White,Tropical/Subtropical,Very High,High
30,75,75,85,7,1,0,0,6,8,1,2,3,3,0,49.2,86.3,Pinnate,White,Cool Temperate,Very High,High
75,30,85,75,1,7,0,0,8,6,2,1,3,3,0,48.5,75.4,Pinnate,White,Tropical/Subtropical,Very High,High
30,75,75,85,7,1,0,0,6,8,1,2,3,3,0,48.7,82.2,Pinnate,White,Tropical/Subtropical,Very High,High
75,30,85,75,1,7,0,0,8,6,2,1,3,3,0,54.4,75.1,Intermediate,White,Tropical/Subtropical,Very High,High
30,75,75,85,7,1,0,0,6,8,1,2,3,3,0,59.0,78.6,Intermediate,White,Cool Temperate,Very High,High
75,30,85,75,1,7,0,0,8,6,2,1,3,3,0,49.7,82.9,Intermediate,White,Tropical/Subtropical,Very High,High
30,75,75,85,7,1,0,0,6,8,1,2,3,3,0,54.8,83.0,Intermediate,White,Cool Temperate,Very High,High
80,250,100,90,0,3,0,1,0,2,2,1,1,4,0,159.6,89.5,Ovate,Intermediate,Temperate,Very High,High
250,80,90,100,3,0,1,0,2,0,1,2,4,1,0,168.7,90.6,Linear,Intermediate,Tropical,Very High,High
80,250,100,90,0,3,0,1,0,2,2,1,1,4,0,169.3,98.3,Ovate,White,Tropical,Very High,High
250,80,90,100,3,0,1,0,2,0,1,2,4,1,0,163.0,95.0,Intermediate,Intermediate,Tropical,Very High,High
80,250,100,90,0,3,0,1,0,2,2,1,1,4,0,159.8,99.6,Intermediate,White,Tropical,Very High,High
250,80,90,100,3,0,1,0,2,0,1,2,4,1,0,163.2,95.9,Intermediate,Intermediate,Tropical,Very High,High
80,250,100,90,0,3,0,1,0,2,2,1,1,4,0,164.9,95.9,Ovate,White,Tropical,Very High,High
250,80,90,100,3,0,1,0,2,0,1,2,4,1,0,173.6,97.9,Ovate,Yellow,Temperate,Very High,High
80,250,100,90,0,3,0,1,0,2,2,1,1,4,0,169.4,103.7,Intermediate,Intermediate,Temperate,Very High,High
250,80,90,100,3,0,1,0,2,0,1,2,4,1,0,154.9,95.1,Ovate,Yellow,Temperate,Very High,High
80,250,100,90,0,3,0,1,0,2,2,1,1,4,0,156.1,98.2,Intermediate,Intermediate,Tropical,Very High,High
250,80,90,100,3,0,1,0,2,0,1,2,4,1,0,177.3,99.2,Intermediate,Yellow,Tropical,Very High,High
80,250,100,90,0,3,0,1,0,2,2,1,1,4,0,168.7,94.5,Linear,Yellow,Temperate,Very High,High
250,80,90,100,3,0,1,0,2,0,1,2,4,1,0,152.1,99.6,Linear,Intermediate,Temperate,Very High,High
80,250,100,90,0,3,0,1,0,2,2,1,1,4,0,156.9,91.7,Intermediate,Intermediate,Temperate,Very High,High
250,80,90,100,3,0,1,0,2,0,1,2,4,1,0,172.1,92.9,Intermediate,Yellow,Tropical,Very High,High
80,200,100,75,0,3,0,1,0,2,2,1,1,3,0,118.9,87.3,Intermediate,White,Temperate,Very High,High
200,80,75,100,3,0,1,0,2,0,1,2,3,1,0,139.9,86.8,Intermediate,White,Tropical,Very High,High
80,200,100,75,0,3,0,1,0,2,2,1,1,3,0,129.1,86.8,Ovate,Intermediate,Temperate,Very High,High
200,80,75,100,3,0,1,0,2,0,1,2,3,1,0,147.2,87.2,Intermediate,White,Temperate,Very High,High
80,200,100,75,0,3,0,1,0,2,2,1,1,3,0,142.3,79.0,Linear,Intermediate,Tropical,Very High,High
200,80,75,100,3,0,1,0,2,0,1,2,3,1,0,140.4,85.0,Ovate,Intermediate,Tropical,Very High,High
80,200,100,75,0,3,0,1,0,2,2,1,1,3,0,140.0,70.7,Intermediate,White,Temperate,Very High,High
200,80,75,100,3,0,1,0,2,0,1,2,3,1,0,146.8,89.0,Ovate,Intermediate,Tropical,Very High,High
80,200,100,75,0,3,0,1,0,2,2,1,1,3,0,157.2,91.1,Linear,Intermediate,Temperate,Very High,High
200,80,75,100,3,0,1,0,2,0,1,2,3,1,0,126.5,93.4,Ovate,White,Temperate,Very High,High
80,200,100,75,0,3,0,1,0,2,2,1,1,3,0,138.6,88.2,Ovate,Intermediate,Tropical,Very High,High
200,80,75,100,3,0,1,0,2,0,1,2,3,1,0,150.1,85.6,Intermediate,White,Tropical,Very High,High
80,200,100,75,0,3,0,1,0,2,2,1,1,3,0,135.3,89.6,Linear,Yellow,Temperate,Very High,High
200,80,75,100,3,0,1,0,2,0,1,2,3,1,0,139.3,92.2,Intermediate,Yellow,Tropical,Very High,High
80,200,100,75,0,3,0,1,0,2,2,1,1,3,0,135.7,84.5,Intermediate,Intermediate,Tropical,Very High,High
200,80,75,100,3,0,1,0,2,0,1,2,3,1,0,130.5,83.4,Ovate,Intermediate,Tropical,Very High,High
80,200,100,120,0,7,0,3,0,2,2,1,1,1,0,138.4,107.5,Intermediate,Intermediate,Temperate,Very High,Moderate
200,80,120,100,7,0,3,0,2,0,1,2,1,1,0,149.8,111.3,Ovate,Intermediate,Tropical,Very High,Moderate
80,200,100,120,0,7,0,3,0,2,2,1,1,1,0,122.5,118.5,Intermediate,Intermediate,Tropical,Very High,Moderate
200,80,120,100,7,0,3,0,2,0,1,2,1,1,0,131.2,115.9,Intermediate,Intermediate,Temperate,Very High,Moderate
80,200,100,120,0,7,0,3,0,2,2,1,1,1,0,137.8,108.5,Intermediate,White,Tropical,Very High,Moderate
200,80,120,100,7,0,3,0,2,0,1,2,1,1,0,144.5,116.0,Ovate,Pink,Tropical,Very High,Moderate
80,200,100,120,0,7,0,3,0,2,2,1,1,1,0,142.2,109.6,Ovate,Intermediate,Tropical,Very High,Moderate
200,80,120,100,7,0,3,0,2,0,1,2,1,1,0,135.5,112.9,Pinnate,Intermediate,Tropical,Very High,Moderate
80,200,100,120,0,7,0,3,0,2,2,1,1,1,0,125.2,106.6,Pinnate,Intermediate,Temperate,Very High,Moderate
200,80,120,100,7,0,3,0,2,0,1,2,1,1,0,144.4,97.8,Ovate,Intermediate,Temperate,Very High,Moderate
80,200,100,120,0,7,0,3,0,2,2,1,1,1,0,148.2,119.6,Ovate,Intermediate,Temperate,Very High,Moderate
200,80,120,100,7,0,3,0,2,0,1,2,1,1,0,142.2,122.2,Ovate,Intermediate,Temperate,Very High,Moderate
80,200,100,120,0,7,0,3,0,2,2,1,1,1,0,139.0,108.5,Pinnate,Intermediate,Temperate,Very High,Moderate
200,80,120,100,7,0,3,0,2,0,1,2,1,1,0,136.9,110.5,Intermediate,Intermediate,Tropical,Very High,Moderate
80,200,100,120,0,7,0,3,0,2,2,1,1,1,0,147.7,110.7,Intermediate,Intermediate,Tropical,Very High,Moderate
200,80,120,100,7,0,3,0,2,0,1,2,1,1,0,130.8,114.1,Intermediate,Intermediate,Tropical,Very High,Moderate
80,300,100,150,0,7,0,3,0,6,2,2,1,1,0,191.7,127.7,Pinnate,White,Tropical,High,Moderate
300,80,150,100,7,0,3,0,6,0,2,2,1,1,0,183.2,126.2,Ovate,Intermediate,Tropical,High,Moderate
80,300,100,150,0,7,0,3,0,6,2,2,1,1,0,197.8,118.1,Intermediate,Pink,Cool Temperate,High,Moderate
300,80,150,100,7,0,3,0,6,0,2,2,1,1,0,191.4,116.9,Pinnate,Intermediate,Cool Temperate,High,Moderate
80,300,100,150,0,7,0,3,0,6,2,2,1,1,0,189.2,121.1,Intermediate,Intermediate,Tropical,High,Moderate
300,80,150,100,7,0,3,0,6,0,2,2,1,1,0,177.5,116.3,Pinnate,Pink,Cool Temperate,High,Moderate
80,300,100,150,0,7,0,3,0,6,2,2,1,1,0,186.1,129.9,Intermediate,White,Tropical,High,Moderate
300,80,150,100,7,0,3,0,6,0,2,2,1,1,0,187.0,141.1,Pinnate,Intermediate,Cool Temperate,High,Moderate
80,300,100,150,0,7,0,3,0,6,2,2,1,1,0,178.7,124.5,Intermediate,Pink,Tropical,High,Moderate
300,80,150,100,7,0,3,0,6,0,2,2,1,1,0,204.3,126.7,Intermediate,Intermediate,Cool Temperate,High,Moderate
80,300,100,150,0,7,0,3,0,6,2,2,1,1,0,203.3,121.8,Intermediate,Pink,Cool Temperate,High,Moderate
300,80,150,100,7,0,3,0,6,0,2,2,1,1,0,178.4,131.7,Intermediate,Pink,Tropical,High,Moderate
80,300,100,150,0,7,0,3,0,6,2,2,1,1,0,202.7,116.8,Ovate,Pink,Cool Temperate,High,Moderate
300,80,150,100,7,0,3,0,6,0,2,2,1,1,0,196.3,123.1,Intermediate,Pink,Tropical,High,Moderate
80,300,100,150,0,7,0,3,0,6,2,2,1,1,0,199.9,120.2,Ovate,Pink,Cool Temperate,High,Moderate
300,80,150,100,7,0,3,0,6,0,2,2,1,1,0,187.6,125.3,Ovate,Intermediate,Tropical,High,Moderate
80,300,100,80,0,5,0,1,0,2,2,2,1,4,0,197.7,89.2,Cordate,Intermediate,Temperate,High,High
300,80,80,100,5,0,1,0,2,0,2,2,4,1,0,188.4,86.0,Ovate,White,Tropical,High,High
80,300,100,80,0,5,0,1,0,2,2,2,1,4,0,183.6,92.0,Ovate,Intermediate,Tropical,High,High
300,80,80,100,5,0,1,0,2,0,2,2,4,1,0,182.7,95.1,Ovate,White,Tropical,High,High
80,300,100,80,0,5,0,1,0,2,2,2,1,4,0,206.6,85.6,Intermediate,Yellow,Temperate,High,High
300,80,80,100,5,0,1,0,2,0,2,2,4,1,0,179.4,81.9,Intermediate,Intermediate,Temperate,High,High
80,300,100,80,0,5,0,1,0,2,2,2,1,4,0,197.8,93.3,Cordate,Intermediate,Temperate,High,High
300,80,80,100,5,0,1,0,2,0,2,2,4,1,0,174.8,88.1,Intermediate,Intermediate,Tropical,High,High
80,300,100,80,0,5,0,1,0,2,2,2,1,4,0,187.3,91.6,Cordate,White,Temperate,High,High
300,80,80,100,5,0,1,0,2,0,2,2,4,1,0,173.1,86.8,Intermediate,Intermediate,Tropical,High,High
80,300,100,80,0,5,0,1,0,2,2,2,1,4,0,200.6,88.0,Intermediate,Intermediate,Tropical,High,High
300,80,80,100,5,0,1,0,2,0,2,2,4,1,0,181.8,87.7,Intermediate,Yellow,Tropical,High,High
80,300,100,80,0,5,0,1,0,2,2,2,1,4,0,175.3,97.9,Intermediate,White,Tropical,High,High
300,80,80,100,5,0,1,0,2,0,2,2,4,1,0,205.4,91.1,Ovate,White,Tropical,High,High
80,300,100,80,0,5,0,1,0,2,2,2,1,4,0,194.5,87.2,Ovate,White,Tropical,High,High
300,80,80,100,5,0,1,0,2,0,2,2,4,1,0,221.9,89.4,Intermediate,White,Tropical,High,High
80,300,100,130,0,0,0,1,0,2,2,3,1,3,0,180.9,110.1,Ovate,Yellow,Temperate,Very High,High
300,80,130,100,0,0,1,0,2,0,3,2,3,1,0,181.1,121.0,Ovate,Yellow,Tropical,Very High,High
80,300,100,130,0,0,0,1,0,2,2,3,1,3,0,202.6,114.1,Ovate,Intermediate,Temperate,Very High,High
300,80,130,100,0,0,1,0,2,0,3,2,3,1,0,183.6,109.1,Ovate,Intermediate,Temperate,Very High,High
80,300,100,130,0,0,0,1,0,2,2,3,1,3,0,191.4,124.8,Ovate,Yellow,Temperate,Very High,High
300,80,130,100,0,0,1,0,2,0,3,2,3,1,0,187.6,108.7,Ovate,Yellow,Temperate,Very High,High
80,300,100,130,0,0,0,1,0,2,2,3,1,3,0,211.4,112.6,Ovate,Intermediate,Tropical,Very High,High
300,80,130,100,0,0,1,0,2,0,3,2,3,1,0,204.2,117.8,Ovate,White,Tropical,Very High,High
80,300,100,130,0,0,0,1,0,2,2,3,1,3,0,187.5,104.8,Ovate,White,Temperate,Very High,High
300,80,130,100,0,0,1,0,2,0,3,2,3,1,0,184.4,116.6,Ovate,Yellow,Tropical,Very High,High
80,300,100,130,0,0,0,1,0,2,2,3,1,3,0,189.7,108.3,Ovate,Intermediate,Temperate,Very High,High
300,80,130,100,0,0,1,0,2,0,3,2,3,1,0,200.2,110.3,Ovate,Intermediate,Temperate,Very High,High
80,300,100,130,0,0,0,1,0,2,2,3,1,3,0,205.8,110.7,Ovate,Intermediate,Temperate,Very High,High
300,80,130,100,0,0,1,0,2,0,3,2,3,1,0,189.2,120.2,Ovate,White,Temperate,Very High,High
80,300,100,130,0,0,0,1,0,2,2,3,1,3,0,196.8,123.2,Ovate,Yellow,Temperate,Very High,High
300,80,130,100,0,0,1,0,2,0,3,2,3,1,0,190.4,122.3,Ovate,Yellow,Tropical,Very High,High
80,120,100,120,0,3,0,0,0,0,2,1,1,4,0,95.5,113.2,Linear,White,Tropical,Very High,High
120,80,120,100,3,0,0,0,0,0,1,2,4,1,0,97.9,112.0,Intermediate,White,Tropical,Very High,High
80,120,100,120,0,3,0,0,0,0,2,1,1,4,0,92.1,113.7,Ovate,White,Tropical,Very High,High
120,80,120,100,3,0,0,0,0,0,1,2,4,1,0,100.3,105.9,Ovate,White,Tropical,Very High,High
80,120,100,120,0,3,0,0,0,0,2,1,1,4,0,92.6,119.5,Ovate,White,Tropical,Very High,High
120,80,120,100,3,0,0,0,0,0,1,2,4,1,0,101.2,113.4,Linear,White,Tropical,Very High,High
80,120,100,120,0,3,0,0,0,0,2,1,1,4,0,102.9,101.9,Intermediate,White,Tropical,Very High,High
120,80,120,100,3,0,0,0,0,0,1,2,4,1,0,101.3,109.9,Intermediate,White,Tropical,Very High,High
80,120,100,120,0,3,0,0,0,0,2,1,1,4,0,89.1,108.6,Linear,White,Tropical,Very High,High
120,80,120,100,3,0,0,0,0,0,1,2,4,1,0,96.3,103.4,Ovate,White,Tropical,Very High,High
80,120,100,120,0,3,0,0,0,0,2,1,1,4,0,96.7,108.1,Ovate,White,Tropical,Very High,High
120,80,120,100,3,0,0,0,0,0,1,2,4,1,0,102.2,108.7,Intermediate,White,Tropical,Very High,High
80,120,100,120,0,3,0,0,0,0,2,1,1,4,0,98.3,105.7,Intermediate,White,Tropical,Very High,High
120,80,120,100,3,0,0,0,0,0,1,2,4,1,0,108.1,121.9,Intermediate,White,Tropical,Very High,High
80,120,100,120,0,3,0,0,0,0,2,1,1,4,0,104.2,104.9,Intermediate,White,Tropical,Very High,High
120,80,120,100,3,0,0,0,0,0,1,2,4,1,0,95.1,105.7,Ovate,White,Tropical,Very High,High
80,100,100,110,0,3,0,0,0,0,2,2,1,3,0,87.6,111.3,Ovate,White,Tropical,High,High
100,80,110,100,3,0,0,0,0,0,2,2,3,1,0,84.6,102.5,Intermediate,White,Tropical,High,High
80,100,100,110,0,3,0,0,0,0,2,2,1,3,0,95.6,104.4,Intermediate,White,Tropical,High,High
100,80,110,100,3,0,0,0,0,0,2,2,3,1,0,86.1,115.7,Intermediate,White,Tropical,High,High
80,100,100,110,0,3,0,0,0,0,2,2,1,3,0,85.2,108.6,Ovate,White,Tropical,High,High
100,80,110,100,3,0,0,0,0,0,2,2,3,1,0,99.2,102.7,Ovate,White,Tropical,High,High
80,100,100,110,0,3,0,0,0,0,2,2,1,3,0,99.7,97.6,Intermediate,White,Tropical,High,High
100,80,110,100,3,0,0,0,0,0,2,2,3,1,0,83.6,106.4,Linear,White,Tropical,High,High
80,100,100,110,0,3,0,0,0,0,2,2,1,3,0,81.8,103.6,Intermediate,White,Tropical,High,High
100,80,110,100,3,0,0,0,0,0,2,2,3,1,0,89.4,102.1,Intermediate,White,Tropical,High,High
80,100,100,110,0,3,0,0,0,0,2,2,1,3,0,88.8,120.9,Intermediate,White,Tropical,High,High
100,80,110,100,3,0,0,0,0,0,2,2,3,1,0,88.1,104.9,Linear,White,Tropical,High,High
80,100,100,110,0,3,0,0,0,0,2,2,1,3,0,91.5,108.0,Intermediate,White,Tropical,High,High
100,80,110,100,3,0,0,0,0,0,2,2,3,1,0,93.2,114.7,Intermediate,White,Tropical,High,High
80,100,100,110,0,3,0,0,0,0,2,2,1,3,0,91.7,100.3,Intermediate,White,Tropical,High,High
100,80,110,100,3,0,0,0,0,0,2,2,3,1,0,93.7,107.4,Intermediate,White,Tropical,High,High
80,90,100,100,0,3,0,0,0,2,2,1,1,4,0,84.7,115.2,Ovate,White,Temperate,Very High,High
90,80,100,100,3,0,0,0,2,0,1,2,4,1,0,89.7,110.3,Ovate,White,Temperate,Very High,High
80,90,100,100,0,3,0,0,0,2,2,1,1,4,0,81.4,104.8,Ovate,White,Temperate,Very High,High
90,80,100,100,3,0,0,0,2,0,1,2,4,1,0,78.8,101.3,Linear,White,Temperate,Very High,High
80,90,100,100,0,3,0,0,0,2,2,1,1,4,0,84.1,89.9,Linear,White,Tropical,Very High,High
90,80,100,100,3,0,0,0,2,0,1,2,4,1,0,84.6,95.2,Intermediate,White,Tropical,Very High,High
80,90,100,100,0,3,0,0,0,2,2,1,1,4,0,85.0,101.1,Ovate,White,Tropical,Very High,High
90,80,100,100,3,0,0,0,2,0,1,2,4,1,0,85.6,108.1,Intermediate,White,Tropical,Very High,High
80,90,100,100,0,3,0,0,0,2,2,1,1,4,0,87.4,101.1,Intermediate,White,Temperate,Very High,High
90,80,100,100,3,0,0,0,2,0,1,2,4,1,0,73.8,101.5,Intermediate,White,Temperate,Very High,High
80,90,100,100,0,3,0,0,0,2,2,1,1,4,0,82.3,100.5,Intermediate,White,Tropical,Very High,High
90,80,100,100,3,0,0,0,2,0,1,2,4,1,0,84.1,89.5,Linear,White,Tropical,Very High,High
80,90,100,100,0,3,0,0,0,2,2,1,1,4,0,82.2,104.2,Intermediate,White,Tropical,Very High,High
90,80,100,100,3,0,0,0,2,0,1,2,4,1,0,86.8,90.6,Linear,White,Tropical,Very High,High
80,90,100,100,0,3,0,0,0,2,2,1,1,4,0,78.1,101.3,Intermediate,White,Temperate,Very High,High
90,80,100,100,3,0,0,0,2,0,1,2,4,1,0,83.3,99.3,Linear,White,Temperate,Very High,High
80,100,100,110,0,3,0,0,0,3,2,2,1,3,0,90.2,105.6,Linear,White,Mediterranean,High,High
100,80,110,100,3,0,0,0,3,0,2,2,3,1,0,91.8,99.6,Linear,White,Mediterranean,High,High
80,100,100,110,0,3,0,0,0,3,2,2,1,3,0,86.8,103.7,Intermediate,White,Mediterranean,High,High
100,80,110,100,3,0,0,0,3,0,2,2,3,1,0,82.8,110.6,Intermediate,White,Tropical,High,High
80,100,100,110,0,3,0,0,0,3,2,2,1,3,0,88.9,104.1,Linear,White,Tropical,High,High
100,80,110,100,3,0,0,0,3,0,2,2,3,1,0,91.1,117.7,Ovate,White,Tropical,High,High
80,100,100,110,0,3,0,0,0,3,2,2,1,3,0,99.0,98.8,Intermediate,White,Mediterranean,High,High
100,80,110,100,3,0,0,0,3,0,2,2,3,1,0,98.1,110.9,Ovate,White,Tropical,High,High
80,100,100,110,0,3,0,0,0,3,2,2,1,3,0,86.9,103.5,Ovate,White,Tropical,High,High
100,80,110,100,3,0,0,0,3,0,2,2,3,1,0,90.6,100.0,Intermediate,White,Tropical,High,High
80,100,100,110,0,3,0,0,0,3,2,2,1,3,0,89.7,100.9,Linear,White,Tropical,High,High
100,80,110,100,3,0,0,0,3,0,2,2,3,1,0,96.8,108.4,Intermediate,White,Tropical,High,High
80,100,100,110,0,3,0,0,0,3,2,2,1,3,0,91.7,106.7,Intermediate,White,Tropical,High,High
100,80,110,100,3,0,0,0,3,0,2,2,3,1,0,93.0,105.8,Linear,White,Tropical,High,High
80,100,100,110,0,3,0,0,0,3,2,2,1,3,0,92.1,107.1,Linear,White,Tropical,High,High
100,80,110,100,3,0,0,0,3,0,2,2,3,1,0,89.3,115.6,Intermediate,White,Mediterranean,High,High
80,200,100,55,0,4,0,1,0,9,2,1,1,3,0,145.5,81.0,Ovate,Intermediate,Tropical/Temperate,Very High,High
200,80,55,100,4,0,1,0,9,0,1,2,3,1,0,133.9,78.2,Ovate,Intermediate,Tropical,Very High,High
80,200,100,55,0,4,0,1,0,9,2,1,1,3,0,136.1,76.6,Intermediate,Intermediate,Tropical,Very High,High
200,80,55,100,4,0,1,0,9,0,1,2,3,1,0,154.5,76.9,Palmate,White,Tropical,Very High,High
80,200,100,55,0,4,0,1,0,9,2,1,1,3,0,152.9,72.4,Intermediate,Yellow,Tropical/Temperate,Very High,High
200,80,55,100,4,0,1,0,9,0,1,2,3,1,0,131.1,79.7,Intermediate,Intermediate,Tropical,Very High,High
80,200,100,55,0,4,0,1,0,9,2,1,1,3,0,140.7,81.9,Intermediate,Intermediate,Tropical/Temperate,Very High,High
200,80,55,100,4,0,1,0,9,0,1,2,3,1,0,148.9,82.1,Intermediate,Yellow,Tropical/Temperate,Very High,High
80,200,100,55,0,4,0,1,0,9,2,1,1,3,0,149.5,77.9,Intermediate,Intermediate,Tropical/Temperate,Very High,High
200,80,55,100,4,0,1,0,9,0,1,2,3,1,0,148.1,64.2,Palmate,White,Tropical/Temperate,Very High,High
80,200,100,55,0,4,0,1,0,9,2,1,1,3,0,133.4,79.4,Ovate,White,Tropical,Very High,High
200,80,55,100,4,0,1,0,9,0,1,2,3,1,0,129.4,76.1,Intermediate,Intermediate,Tropical,Very High,High
80,200,100,55,0,4,0,1,0,9,2,1,1,3,0,139.3,72.1,Ovate,Intermediate,Tropical/Temperate,Very High,High
200,80,55,100,4,0,1,0,9,0,1,2,3,1,0,135.4,74.9,Intermediate,Intermediate,Tropical/Temperate,Very High,High
80,200,100,55,0,4,0,1,0,9,2,1,1,3,0,159.6,74.3,Intermediate,Yellow,Tropical,Very High,High
200,80,55,100,4,0,1,0,9,0,1,2,3,1,0,121.7,74.3,Ovate,Yellow,Tropical,Very High,High
80,150,100,75,0,4,0,1,0,4,2,1,1,3,0,120.2,86.7,Intermediate,Yellow,Tropical,Very High,High
150,80,75,100,4,0,1,0,4,0,1,2,3,1,0,114.9,88.3,Intermediate,Yellow,Arid,Very High,High
80,150,100,75,0,4,0,1,0,4,2,1,1,3,0,123.2,76.5,Intermediate,Yellow,Tropical,Very High,High
150,80,75,100,4,0,1,0,4,0,1,2,3,1,0,108.2,86.7,Intermediate,Intermediate,Tropical,Very High,High
80,150,100,75,0,4,0,1,0,4,2,1,1,3,0,105.5,81.8,Palmate,Yellow,Tropical,Very High,High
150,80,75,100,4,0,1,0,4,0,1,2,3,1,0,109.4,85.6,Intermediate,Yellow,Tropical,Very High,High
80,150,100,75,0,4,0,1,0,4,2,1,1,3,0,111.0,90.1,Palmate,Intermediate,Arid,Very High,High
150,80,75,100,4,0,1,0,4,0,1,2,3,1,0,118.4,82.8,Palmate,Yellow,Tropical,Very High,High
80,150,100,75,0,4,0,1,0,4,2,1,1,3,0,106.6,97.5,Intermediate,Intermediate,Tropical,Very High,High
150,80,75,100,4,0,1,0,4,0,1,2,3,1,0,115.7,85.6,Ovate,Yellow,Tropical,Very High,High
80,150,100,75,0,4,0,1,0,4,2,1,1,3,0,104.0,84.0,Palmate,Intermediate,Arid,Very High,High
150,80,75,100,4,0,1,0,4,0,1,2,3,1,0,121.5,93.5,Intermediate,Intermediate,Arid,Very High,High
80,150,100,75,0,4,0,1,0,4,2,1,1,3,0,116.0,89.9,Intermediate,Intermediate,Tropical,Very High,High
150,80,75,100,4,0,1,0,4,0,1,2,3,1,0,125.7,89.6,Palmate,Yellow,Arid,Very High,High
80,150,100,75,0,4,0,1,0,4,2,1,1,3,0,112.3,96.9,Intermediate,Intermediate,Tropical,Very High,High
150,80,75,100,4,0,1,0,4,0,1,2,3,1,0,118.8,80.4,Ovate,Yellow,Tropical,Very High,High
80,60,100,60,0,0,0,0,0,2,2,1,1,3,0,75.5,79.8,Ovate,White,Tropical,Very High,High
60,80,60,100,0,0,0,0,2,0,1,2,3,1,0,67.8,73.0,Ovate,White,Tropical,Very High,High
80,60,100,60,0,0,0,0,0,2,2,1,1,3,0,67.7,79.3,Ovate,White,Temperate,Very High,High
60,80,60,100,0,0,0,0,2,0,1,2,3,1,0,64.5,83.0,Ovate,White,Temperate,Very High,High
80,60,100,60,0,0,0,0,0,2,2,1,1,3,0,72.4,82.6,Ovate,White,Tropical,Very High,High
60,80,60,100,0,0,0,0,2,0,1,2,3,1,0,71.4,82.8,Ovate,White,Tropical,Very High,High
80,60,100,60,0,0,0,0,0,2,2,1,1,3,0,72.6,75.2,Ovate,White,Temperate,Very High,High
60,80,60,100,0,0,0,0,2,0,1,2,3,1,0,67.8,83.7,Ovate,White,Temperate,Very High,High
80,60,100,60,0,0,0,0,0,2,2,1,1,3,0,72.6,73.4,Ovate,White,Temperate,Very High,High
60,80,60,100,0,0,0,0,2,0,1,2,3,1,0,71.9,81.1,Ovate,White,Temperate,Very High,High
80,60,100,60,0,0,0,0,0,2,2,1,1,3,0,71.0,76.5,Ovate,White,Temperate,Very High,High
60,80,60,100,0,0,0,0,2,0,1,2,3,1,0,69.0,77.4,Ovate,White,Tropical,Very High,High
80,60,100,60,0,0,0,0,0,2,2,1,1,3,0,71.3,74.6,Ovate,White,Temperate,Very High,High
60,80,60,100,0,0,0,0,2,0,1,2,3,1,0,67.8,82.1,Ovate,White,Temperate,Very High,High
80,60,100,60,0,0,0,0,0,2,2,1,1,3,0,71.0,81.3,Ovate,White,Temperate,Very High,High
60,80,60,100,0,0,0,0,2,0,1,2,3,1,0,74.7,78.3,Ovate,White,Tropical,Very High,High
80,180,100,80,0,0,0,0,0,0,2,2,1,3,0,123.4,84.4,Ovate,White,Tropical,High,High
180,80,80,100,0,0,0,0,0,0,2,2,3,1,0,131.3,88.8,Ovate,White,Tropical,High,High
80,180,100,80,0,0,0,0,0,0,2,2,1,3,0,125.7,88.4,Ovate,White,Tropical,High,High
180,80,80,100,0,0,0,0,0,0,2,2,3,1,0,134.9,94.2,Ovate,White,Tropical,High,High
80,180,100,80,0,0,0,0,0,0,2,2,1,3,0,126.5,94.4,Ovate,White,Tropical,High,High
180,80,80,100,0,0,0,0,0,0,2,2,3,1,0,134.9,94.5,Ovate,White,Tropical,High,High
80,180,100,80,0,0,0,0,0,0,2,2,1,3,0,125.9,85.7,Ovate,White,Tropical,High,High
180,80,80,100,0,0,0,0,0,0,2,2,3,1,0,136.5,92.8,Ovate,White,Tropical,High,High
80,180,100,80,0,0,0,0,0,0,2,2,1,3,0,125.6,86.6,Ovate,White,Tropical,High,High
180,80,80,100,0,0,0,0,0,0,2,2,3,1,0,121.6,89.3,Ovate,White,Tropical,High,High
80,180,100,80,0,0,0,0,0,0,2,2,1,3,0,140.7,90.8,Ovate,White,Tropical,High,High
180,80,80,100,0,0,0,0,0,0,2,2,3,1,0,136.1,93.6,Ovate,White,Tropical,High,High
80,180,100,80,0,0,0,0,0,0,2,2,1,3,0,129.5,91.7,Ovate,White,Tropical,High,High
180,80,80,100,0,0,0,0,0,0,2,2,3,1,0,124.3,95.5,Ovate,White,Tropical,High,High
80,180,100,80,0,0,0,0,0,0,2,2,1,3,0,140.2,99.6,Ovate,White,Tropical,High,High
180,80,80,100,0,0,0,0,0,0,2,2,3,1,0,126.7,98.7,Ovate,White,Tropical,High,High
80,100,100,95,0,0,0,2,0,2,2,2,1,4,0,91.6,96.8,Ovate,Intermediate,Tropical,High,High
100,80,95,100,0,0,2,0,2,0,2,2,4,1,0,93.0,99.0,Ovate,White,Temperate,High,High
80,100,100,95,0,0,0,2,0,2,2,2,1,4,0,88.4,99.4,Ovate,Purple,Temperate,High,High
100,80,95,100,0,0,2,0,2,0,2,2,4,1,0,91.8,95.2,Ovate,White,Temperate,High,High
80,100,100,95,0,0,0,2,0,2,2,2,1,4,0,92.5,97.2,Ovate,White,Temperate,High,High
100,80,95,100,0,0,2,0,2,0,2,2,4,1,0,86.1,96.6,Ovate,Intermediate,Temperate,High,High
80,100,100,95,0,0,0,2,0,2,2,2,1,4,0,94.3,86.6,Ovate,Intermediate,Temperate,High,High
100,80,95,100,0,0,2,0,2,0,2,2,4,1,0,84.3,92.8,Ovate,White,Tropical,High,High
80,100,100,95,0,0,0,2,0,2,2,2,1,4,0,96.9,98.5,Ovate,Intermediate,Tropical,High,High
100,80,95,100,0,0,2,0,2,0,2,2,4,1,0,82.7,103.2,Ovate,White,Tropical,High,High
80,100,100,95,0,0,0,2,0,2,2,2,1,4,0,87.3,92.1,Ovate,White,Tropical,High,High
100,80,95,100,0,0,2,0,2,0,2,2,4,1,0,87.7,106.1,Ovate,Purple,Temperate,High,High
80,100,100,95,0,0,0,2,0,2,2,2,1,4,0,94.3,104.8,Ovate,White,Tropical,High,High
100,80,95,100,0,0,2,0,2,0,2,2,4,1,0,90.6,95.5,Ovate,Intermediate,Tropical,High,High
80,100,100,95,0,0,0,2,0,2,2,2,1,4,0,89.5,97.7,Ovate,Intermediate,Tropical,High,High
100,80,95,100,0,0,2,0,2,0,2,2,4,1,0,90.8,95.1,Ovate,Intermediate,Temperate,High,High
80,50,100,130,0,9,0,1,0,8,2,1,1,3,0,61.0,125.9,Intermediate,Intermediate,Tropical/Subtropical,Very High,High
50,80,130,100,9,0,1,0,8,0,1,2,3,1,0,64.8,111.2,Intermediate,Intermediate,Tropical,Very High,High
80,50,100,130,0,9,0,1,0,8,2,1,1,3,0,62.6,124.7,Ovate,White,Tropical,Very High,High
50,80,130,100,9,0,1,0,8,0,1,2,3,1,0,71.1,106.7,Intermediate,Intermediate,Tropical,Very High,High
80,50,100,130,0,9,0,1,0,8,2,1,1,3,0,70.4,110.0,Intermediate,Yellow,Tropical/Subtropical,Very High,High
50,80,130,100,9,0,1,0,8,0,1,2,3,1,0,66.1,106.0,Ovate,Intermediate,Tropical,Very High,High
80,50,100,130,0,9,0,1,0,8,2,1,1,3,0,62.6,114.2,Compound,White,Tropical/Subtropical,Very High,High
50,80,130,100,9,0,1,0,8,0,1,2,3,1,0,63.1,95.5,Intermediate,Yellow,Tropical,Very High,High
80,50,100,130,0,9,0,1,0,8,2,1,1,3,0,61.7,110.8,Ovate,Intermediate,Tropical,Very High,High
50,80,130,100,9,0,1,0,8,0,1,2,3,1,0,65.7,112.3,Compound,Yellow,Tropical,Very High,High
80,50,100,130,0,9,0,1,0,8,2,1,1,3,0,70.4,119.1,Ovate,White,Tropical/Subtropical,Very High,High
50,80,130,100,9,0,1,0,8,0,1,2,3,1,0,65.1,110.9,Intermediate,Intermediate,Tropical,Very High,High
80,50,100,130,0,9,0,1,0,8,2,1,1,3,0,60.2,115.1,Compound,Intermediate,Tropical/Subtropical,Very High,High
50,80,130,100,9,0,1,0,8,0,1,2,3,1,0,62.9,108.5,Compound,Intermediate,Tropical,Very High,High
80,50,100,130,0,9,0,1,0,8,2,1,1,3,0,63.4,114.0,Compound,Intermediate,Tropical/Subtropical,Very High,High
50,80,130,100,9,0,1,0,8,0,1,2,3,1,0,70.6,113.0,Ovate,White,Tropical/Subtropical,Very High,High
80,70,100,90,0,7,0,0,0,6,2,1,1,4,1,73.0,94.1,Ovate,White,Tropical,Very High,High
70,80,90,100,7,0,0,0,6,0,1,2,4,1,1,82.1,90.0,Intermediate,White,Tropical,Very High,High
80,70,100,90,0,7,0,0,0,6,2,1,1,4,1,72.7,106.9,Ovate,White,Tropical,Very High,High
70,80,90,100,7,0,0,0,6,0,1,2,4,1,1,66.0,95.4,Ovate,White,Tropical,Very High,High
80,70,100,90,0,7,0,0,0,6,2,1,1,4,1,79.4,90.1,Intermediate,White,Cool Temperate,Very High,High
70,80,90,100,7,0,0,0,6,0,1,2,4,1,1,77.5,89.3,Intermediate,White,Cool Temperate,Very High,High
80,70,100,90,0,7,0,0,0,6,2,1,1,4,1,76.1,111.0,Pinnate,White,Tropical,Very High,High
70,80,90,100,7,0,0,0,6,0,1,2,4,1,1,78.7,97.7,Pinnate,White,Tropical,Very High,High
80,70,100,90,0,7,0,0,0,6,2,1,1,4,1,81.6,91.7,Intermediate,White,Cool Temperate,Very High,High
70,80,90,100,7,0,0,0,6,0,1,2,4,1,1,76.4,86.8,Ovate,White,Tropical,Very High,High
80,70,100,90,0,7,0,0,0,6,2,1,1,4,1,74.9,95.3,Ovate,White,Cool Temperate,Very High,High
70,80,90,100,7,0,0,0,6,0,1,2,4,1,1,74.2,94.8,Intermediate,White,Cool Temperate,Very High,High
80,70,100,90,0,7,0,0,0,6,2,1,1,4,1,73.4,90.2,Ovate,White,Cool Temperate,Very High,High
70,80,90,100,7,0,0,0,6,0,1,2,4,1,1,78.2,83.1,Intermediate,White,Tropical,Very High,High
80,70,100,90,0,7,0,0,0,6,2,1,1,4,1,70.4,98.3,Intermediate,White,Cool Temperate,Very High,High
70,80,90,100,7,0,0,0,6,0,1,2,4,1,1,70.7,90.5,Pinnate,White,Tropical,Very High,High
80,30,100,100,0,5,0,2,0,8,2,2,1,3,0,52.0,97.3,Ovate,Intermediate,Tropical,High,High
30,80,100,100,5,0,2,0,8,0,2,2,3,1,0,54.7,107.4,Ovate,Purple,Tropical,High,High
80,30,100,100,0,5,0,2,0,8,2,2,1,3,0,54.0,85.8,Intermediate,Intermediate,Tropical/Subtropical,High,High
30,80,100,100,5,0,2,0,8,0,2,2,3,1,0,60.3,95.1,Cordate,Purple,Tropical/Subtropical,High,High
80,30,100,100,0,5,0,2,0,8,2,2,1,3,0,51.2,106.1,Cordate,Purple,Tropical,High,High
30,80,100,100,5,0,2,0,8,0,2,2,3,1,0,54.1,100.6,Intermediate,Intermediate,Tropical/Subtropical,High,High
80,30,100,100,0,5,0,2,0,8,2,2,1,3,0,53.7,99.5,Intermediate,Intermediate,Tropical,High,High
30,80,100,100,5,0,2,0,8,0,2,2,3,1,0,55.5,102.2,Intermediate,White,Tropical/Subtropical,High,High
80,30,100,100,0,5,0,2,0,8,2,2,1,3,0,58.3,87.3,Cordate,Intermediate,Tropical,High,High
30,80,100,100,5,0,2,0,8,0,2,2,3,1,0,56.8,97.7,Intermediate,Intermediate,Tropical,High,High
80,30,100,100,0,5,0,2,0,8,2,2,1,3,0,53.4,98.6,Intermediate,Purple,Tropical/Subtropical,High,High
30,80,100,100,5,0,2,0,8,0,2,2,3,1,0,60.3,105.1,Intermediate,White,Tropical,High,High
80,30,100,100,0,5,0,2,0,8,2,2,1,3,0,53.1,99.3,Intermediate,Intermediate,Tropical/Subtropical,High,High
30,80,100,100,5,0,2,0,8,0,2,2,3,1,0,56.0,95.6,Intermediate,Intermediate,Tropical,High,High
80,30,100,100,0,5,0,2,0,8,2,2,1,3,0,52.7,91.3,Ovate,Intermediate,Tropical/Subtropical,High,High
30,80,100,100,5,0,2,0,8,0,2,2,3,1,0,56.7,96.1,Intermediate,Intermediate,Tropical,High,High
80,300,100,270,0,4,0,0,0,0,2,3,1,4,0,172.0,194.5,Ovate,White,Tropical,Very High,High
300,80,270,100,4,0,0,0,0,0,3,2,4,1,0,192.5,185.5,Ovate,White,Tropical,Very High,High
80,300,100,270,0,4,0,0,0,0,2,3,1,4,0,191.8,184.0,Intermediate,White,Tropical,Very High,High
300,80,270,100,4,0,0,0,0,0,3,2,4,1,0,182.2,191.4,Intermediate,White,Tropical,Very High,High
80,300,100,270,0,4,0,0,0,0,2,3,1,4,0,179.0,178.2,Ovate,White,Tropical,Very High,High
300,80,270,100,4,0,0,0,0,0,3,2,4,1,0,191.6,190.3,Intermediate,White,Tropical,Very High,High
80,300,100,270,0,4,0,0,0,0,2,3,1,4,0,195.2,189.3,Intermediate,White,Tropical,Very High,High
300,80,270,100,4,0,0,0,0,0,3,2,4,1,0,183.4,190.8,Intermediate,White,Tropical,Very High,High
80,300,100,270,0,4,0,0,0,0,2,3,1,4,0,185.8,191.9,Intermediate,White,Tropical,Very High,High
300,80,270,100,4,0,0,0,0,0,3,2,4,1,0,185.0,191.2,Ovate,White,Tropical,Very High,High
80,300,100,270,0,4,0,0,0,0,2,3,1,4,0,178.0,185.8,Palmate,White,Tropical,Very High,High
300,80,270,100,4,0,0,0,0,0,3,2,4,1,0,187.0,181.5,Palmate,White,Tropical,Very High,High
80,300,100,270,0,4,0,0,0,0,2,3,1,4,0,192.7,170.3,Intermediate,White,Tropical,Very High,High
300,80,270,100,4,0,0,0,0,0,3,2,4,1,0,187.3,181.0,Palmate,White,Tropical,Very High,High
80,300,100,270,0,4,0,0,0,0,2,3,1,4,0,187.1,188.0,Intermediate,White,Tropical,Very High,High
300,80,270,100,4,0,0,0,0,0,3,2,4,1,0,177.3,177.5,Intermediate,White,Tropical,Very High,High
80,50,100,70,0,6,0,1,0,6,2,1,1,3,0,64.0,82.4,Intermediate,Yellow,Cool Temperate,Very High,High
50,80,70,100,6,0,1,0,6,0,1,2,3,1,0,67.8,78.1,Oblong,Intermediate,Tropical,Very High,High
80,50,100,70,0,6,0,1,0,6,2,1,1,3,0,66.0,85.2,Oblong,Intermediate,Tropical,Very High,High
50,80,70,100,6,0,1,0,6,0,1,2,3,1,0,68.4,81.7,Intermediate,Intermediate,Tropical,Very High,High
80,50,100,70,0,6,0,1,0,6,2,1,1,3,0,65.7,77.6,Ovate,Yellow,Cool Temperate,Very High,High
50,80,70,100,6,0,1,0,6,0,1,2,3,1,0,63.0,84.7,Intermediate,Yellow,Cool Temperate,Very High,High
80,50,100,70,0,6,0,1,0,6,2,1,1,3,0,66.1,74.8,Ovate,Intermediate,Cool Temperate,Very High,High
50,80,70,100,6,0,1,0,6,0,1,2,3,1,0,66.5,84.8,Intermediate,Yellow,Tropical,Very High,High
80,50,100,70,0,6,0,1,0,6,2,1,1,3,0,64.9,84.8,Intermediate,White,Tropical,Very High,High
50,80,70,100,6,0,1,0,6,0,1,2,3,1,0,59.5,84.6,Ovate,Intermediate,Tropical,Very High,High
80,50,100,70,0,6,0,1,0,6,2,1,1,3,0,61.5,85.7,Oblong,Yellow,Cool Temperate,Very High,High
50,80,70,100,6,0,1,0,6,0,1,2,3,1,0,65.4,82.4,Intermediate,Yellow,Cool Temperate,Very High,High
80,50,100,70,0,6,0,1,0,6,2,1,1,3,0,64.1,84.4,Intermediate,Intermediate,Tropical,Very High,High
50,80,70,100,6,0,1,0,6,0,1,2,3,1,0,64.6,88.7,Oblong,Yellow,Cool Temperate,Very High,High
80,50,100,70,0,6,0,1,0,6,2,1,1,3,0,66.9,92.5,Ovate,Intermediate,Tropical,Very High,High
50,80,70,100,6,0,1,0,6,0,1,2,3,1,0,61.9,83.1,Intermediate,Intermediate,Tropical,Very High,High
80,130,100,100,0,10,0,1,0,2,2,2,1,4,0,109.7,103.6,Intermediate,Intermediate,Tropical,High,High
130,80,100,100,10,0,1,0,2,0,2,2,4,1,0,112.4,98.7,Intermediate,White,Temperate,High,High
80,130,100,100,0,10,0,1,0,2,2,2,1,4,0,103.8,103.7,Intermediate,Yellow,Tropical,High,High
130,80,100,100,10,0,1,0,2,0,2,2,4,1,0,111.3,101.0,Intermediate,Yellow,Temperate,High,High
80,130,100,100,0,10,0,1,0,2,2,2,1,4,0,111.1,93.7,Lobed,Yellow,Temperate,High,High
130,80,100,100,10,0,1,0,2,0,2,2,4,1,0,109.6,101.0,Ovate,Intermediate,Temperate,High,High
80,130,100,100,0,10,0,1,0,2,2,2,1,4,0,94.9,105.5,Lobed,White,Tropical,High,High
130,80,100,100,10,0,1,0,2,0,2,2,4,1,0,100.2,102.7,Intermediate,Yellow,Tropical,High,High
80,130,100,100,0,10,0,1,0,2,2,2,1,4,0,122.7,93.1,Lobed,Intermediate,Temperate,High,High
130,80,100,100,10,0,1,0,2,0,2,2,4,1,0,107.1,108.5,Ovate,White,Temperate,High,High
80,130,100,100,0,10,0,1,0,2,2,2,1,4,0,106.4,91.2,Intermediate,White,Tropical,High,High
130,80,100,100,10,0,1,0,2,0,2,2,4,1,0,107.1,99.6,Lobed,White,Temperate,High,High
80,130,100,100,0,10,0,1,0,2,2,2,1,4,0,105.7,108.0,Lobed,Intermediate,Temperate,High,High
130,80,100,100,10,0,1,0,2,0,2,2,4,1,0,113.6,114.4,Intermediate,White,Tropical,High,High
80,130,100,100,0,10,0,1,0,2,2,2,1,4,0,108.3,100.0,Intermediate,White,Tropical,High,High
130,80,100,100,10,0,1,0,2,0,2,2,4,1,0,98.7,109.3,Intermediate,Intermediate,Temperate,High,High
80,150,100,150,0,4,0,0,0,1,2,1,1,3,0,106.0,130.3,Intermediate,White,Subtropical,Very High,High
150,80,150,100,4,0,0,0,1,0,1,2,3,1,0,125.1,133.4,Intermediate,White,Subtropical,Very High,High
80,150,100,150,0,4,0,0,0,1,2,1,1,3,0,116.8,119.9,Intermediate,White,Tropical,Very High,High
150,80,150,100,4,0,0,0,1,0,1,2,3,1,0,114.4,124.2,Intermediate,White,Subtropical,Very High,High
80,150,100,150,0,4,0,0,0,1,2,1,1,3,0,114.2,124.7,Ovate,White,Subtropical,Very High,High
150,80,150,100,4,0,0,0,1,0,1,2,3,1,0,119.1,123.0,Intermediate,White,Subtropical,Very High,High
80,150,100,150,0,4,0,0,0,1,2,1,1,3,0,116.3,124.8,Intermediate,White,Tropical,Very High,High
150,80,150,100,4,0,0,0,1,0,1,2,3,1,0,119.4,127.8,Palmate,White,Subtropical,Very High,High
80,150,100,150,0,4,0,0,0,1,2,1,1,3,0,107.3,122.0,Intermediate,White,Tropical,Very High,High
150,80,150,100,4,0,0,0,1,0,1,2,3,1,0,115.1,122.0,Palmate,White,Subtropical,Very High,High
80,150,100,150,0,4,0,0,0,1,2,1,1,3,0,120.6,121.0,Ovate,White,Tropical,Very High,High
150,80,150,100,4,0,0,0,1,0,1,2,3,1,0,111.6,124.8,Palmate,White,Tropical,Very High,High
80,150,100,150,0,4,0,0,0,1,2,1,1,3,0,108.2,122.4,Intermediate,White,Tropical,Very High,High
150,80,150,100,4,0,0,0,1,0,1,2,3,1,0,110.4,126.5,Intermediate,White,Tropical,Very High,High
80,150,100,150,0,4,0,0,0,1,2,1,1,3,0,108.9,128.6,Intermediate,White,Subtropical,Very High,High
150,80,150,100,4,0,0,0,1,0,1,2,3,1,0,118.8,126.1,Palmate,White,Subtropical,Very High,High
80,200,100,170,0,4,0,1,0,0,2,2,1,1,0,151.7,132.2,Palmate,Yellow,Tropical,High,Moderate
200,80,170,100,4,0,1,0,0,0,2,2,1,1,0,146.6,136.9,Intermediate,Intermediate,Tropical,High,Moderate
80,200,100,170,0,4,0,1,0,0,2,2,1,1,0,142.0,134.3,Intermediate,Intermediate,Tropical,High,Moderate
200,80,170,100,4,0,1,0,0,0,2,2,1,1,0,137.1,144.1,Palmate,Yellow,Tropical,High,Moderate
80,200,100,170,0,4,0,1,0,0,2,2,1,1,0,135.9,137.7,Intermediate,White,Tropical,High,Moderate
200,80,170,100,4,0,1,0,0,0,2,2,1,1,0,129.5,131.6,Intermediate,Yellow,Tropical,High,Moderate
80,200,100,170,0,4,0,1,0,0,2,2,1,1,0,153.8,130.6,Palmate,Yellow,Tropical,High,Moderate
200,80,170,100,4,0,1,0,0,0,2,2,1,1,0,143.8,138.2,Palmate,Intermediate,Tropical,High,Moderate
80,200,100,170,0,4,0,1,0,0,2,2,1,1,0,140.8,136.7,Intermediate,White,Tropical,High,Moderate
200,80,170,100,4,0,1,0,0,0,2,2,1,1,0,142.8,135.5,Palmate,White,Tropical,High,Moderate
80,200,100,170,0,4,0,1,0,0,2,2,1,1,0,135.2,134.7,Palmate,Yellow,Tropical,High,Moderate
200,80,170,100,4,0,1,0,0,0,2,2,1,1,0,128.9,141.2,Intermediate,White,Tropical,High,Moderate
80,200,100,170,0,4,0,1,0,0,2,2,1,1,0,133.5,128.7,Ovate,White,Tropical,High,Moderate
200,80,170,100,4,0,1,0,0,0,2,2,1,1,0,134.2,138.5,Intermediate,Intermediate,Tropical,High,Moderate
80,200,100,170,0,4,0,1,0,0,2,2,1,1,0,138.3,141.4,Palmate,Intermediate,Tropical,High,Moderate
200,80,170,100,4,0,1,0,0,0,2,2,1,1,0,149.1,141.7,Palmate,Intermediate,Tropical,High,Moderate
80,180,100,90,0,2,0,3,0,8,2,1,1,3,1,122.9,97.9,Intermediate,White,Tropical,Very High,High
180,80,90,100,2,0,3,0,8,0,1,2,3,1,1,127.7,102.1,Intermediate,White,Tropical,Very High,High
80,180,100,90,0,2,0,3,0,8,2,1,1,3,1,125.4,95.3,Intermediate,White,Tropical,Very High,High
180,80,90,100,2,0,3,0,8,0,1,2,3,1,1,136.4,93.9,Elliptical,White,Tropical,Very High,High
80,180,100,90,0,2,0,3,0,8,2,1,1,3,1,133.5,100.0,Elliptical,Intermediate,Tropical,Very High,High
180,80,90,100,2,0,3,0,8,0,1,2,3,1,1,117.2,97.2,Intermediate,Intermediate,Tropical,Very High,High
80,180,100,90,0,2,0,3,0,8,2,1,1,3,1,134.8,88.4,Ovate,Intermediate,Tropical/Subtropical,Very High,High
180,80,90,100,2,0,3,0,8,0,1,2,3,1,1,119.9,106.4,Ovate,Intermediate,Tropical,Very High,High
80,180,100,90,0,2,0,3,0,8,2,1,1,3,1,136.0,100.0,Intermediate,White,Tropical/Subtropical,Very High,High
180,80,90,100,2,0,3,0,8,0,1,2,3,1,1,137.1,92.6,Ovate,Intermediate,Tropical/Subtropical,Very High,High
80,180,100,90,0,2,0,3,0,8,2,1,1,3,1,129.1,85.6,Intermediate,White,Tropical,Very High,High
180,80,90,100,2,0,3,0,8,0,1,2,3,1,1,137.7,98.9,Elliptical,Intermediate,Tropical,Very High,High
80,180,100,90,0,2,0,3,0,8,2,1,1,3,1,120.3,95.4,Intermediate,White,Tropical/Subtropical,Very High,High
180,80,90,100,2,0,3,0,8,0,1,2,3,1,1,134.0,92.6,Elliptical,Pink,Tropical,Very High,High
80,180,100,90,0,2,0,3,0,8,2,1,1,3,1,123.2,97.2,Elliptical,White,Tropical/Subtropical,Very High,High
180,80,90,100,2,0,3,0,8,0,1,2,3,1,1,111.8,104.6,Intermediate,Intermediate,Tropical/Subtropical,Very High,High
80,100,100,80,0,0,0,1,0,2,2,3,1,1,1,85.6,92.1,Ovate,Yellow,Temperate,Very High,Moderate
100,80,80,100,0,0,1,0,2,0,3,2,1,1,1,89.0,88.1,Ovate,Intermediate,Temperate,Very High,Moderate
80,100,100,80,0,0,0,1,0,2,2,3,1,1,1,87.0,86.9,Ovate,Yellow,Temperate,Very High,Moderate
100,80,80,100,0,0,1,0,2,0,3,2,1,1,1,87.8,86.8,Ovate,Intermediate,Tropical,Very High,Moderate
80,100,100,80,0,0,0,1,0,2,2,3,1,1,1,90.8,88.2,Ovate,Yellow,Tropical,Very High,Moderate
100,80,80,100,0,0,1,0,2,0,3,2,1,1,1,91.1,93.8,Ovate,Intermediate,Temperate,Very High,Moderate
80,100,100,80,0,0,0,1,0,2,2,3,1,1,1,88.6,94.4,Ovate,White,Tropical,Very High,Moderate
100,80,80,100,0,0,1,0,2,0,3,2,1,1,1,91.5,86.3,Ovate,White,Temperate,Very High,Moderate
80,100,100,80,0,0,0,1,0,2,2,3,1,1,1,86.8,93.4,Ovate,Yellow,Temperate,Very High,Moderate
100,80,80,100,0,0,1,0,2,0,3,2,1,1,1,96.7,93.8,Ovate,Yellow,Tropical,Very High,Moderate
80,100,100,80,0,0,0,1,0,2,2,3,1,1,1,93.0,92.9,Ovate,Intermediate,Tropical,Very High,Moderate
100,80,80,100,0,0,1,0,2,0,3,2,1,1,1,86.1,86.4,Ovate,Intermediate,Tropical,Very High,Moderate
80,100,100,80,0,0,0,1,0,2,2,3,1,1,1,91.2,90.8,Ovate,Intermediate,Temperate,Very High,Moderate
100,80,80,100,0,0,1,0,2,0,3,2,1,1,1,90.1,92.9,Ovate,Intermediate,Tropical,Very High,Moderate
80,100,100,80,0,0,0,1,0,2,2,3,1,1,1,93.0,93.5,Ovate,Intermediate,Temperate,Very High,Moderate
100,80,80,100,0,0,1,0,2,0,3,2,1,1,1,81.5,94.1,Ovate,Intermediate,Temperate,Very High,Moderate
80,300,100,110,0,3,0,0,0,4,2,3,1,3,0,185.8,109.5,Intermediate,White,Tropical,Very High,High
300,80,110,100,3,0,0,0,4,0,3,2,3,1,0,180.3,104.6,Intermediate,White,Tropical,Very High,High
80,300,100,110,0,3,0,0,0,4,2,3,1,3,0,194.4,113.1,Intermediate,White,Tropical,Very High,High
300,80,110,100,3,0,0,0,4,0,3,2,3,1,0,193.2,106.3,Intermediate,White,Arid,Very High,High
80,300,100,110,0,3,0,0,0,4,2,3,1,3,0,183.8,104.7,Intermediate,White,Arid,Very High,High
300,80,110,100,3,0,0,0,4,0,3,2,3,1,0,183.5,114.2,Intermediate,White,Tropical,Very High,High
80,300,100,110,0,3,0,0,0,4,2,3,1,3,0,187.0,106.3,Linear,White,Tropical,Very High,High
300,80,110,100,3,0,0,0,4,0,3,2,3,1,0,190.5,113.8,Intermediate,White,Tropical,Very High,High
80,300,100,110,0,3,0,0,0,4,2,3,1,3,0,200.0,104.3,Ovate,White,Tropical,Very High,High
300,80,110,100,3,0,0,0,4,0,3,2,3,1,0,187.8,96.5,Linear,White,Tropical,Very High,High
80,300,100,110,0,3,0,0,0,4,2,3,1,3,0,184.9,106.6,Linear,White,Arid,Very High,High
300,80,110,100,3,0,0,0,4,0,3,2,3,1,0,195.9,109.5,Ovate,White,Arid,Very High,High
80,300,100,110,0,3,0,0,0,4,2,3,1,3,0,183.8,98.2,Ovate,White,Arid,Very High,High
300,80,110,100,3,0,0,0,4,0,3,2,3,1,0,197.4,101.9,Ovate,White,Arid,Very High,High
80,300,100,110,0,3,0,0,0,4,2,3,1,3,0,202.1,104.8,Intermediate,White,Tropical,Very High,High
300,80,110,100,3,0,0,0,4,0,3,2,3,1,0,189.4,93.9,Ovate,White,Arid,Very High,High
80,250,100,90,0,3,0,2,0,5,2,3,1,1,0,173.4,98.4,Intermediate,Intermediate,Tropical,Very High,Moderate
250,80,90,100,3,0,2,0,5,0,3,2,1,1,0,167.4,91.3,Linear,Purple,Semi-Arid,Very High,Moderate
80,250,100,90,0,3,0,2,0,5,2,3,1,1,0,151.8,97.3,Intermediate,Intermediate,Tropical,Very High,Moderate
250,80,90,100,3,0,2,0,5,0,3,2,1,1,0,159.1,95.6,Intermediate,White,Tropical,Very High,Moderate
80,250,100,90,0,3,0,2,0,5,2,3,1,1,0,181.6,97.3,Linear,Intermediate,Tropical,Very High,Moderate
250,80,90,100,3,0,2,0,5,0,3,2,1,1,0,161.9,89.4,Intermediate,Intermediate,Semi-Arid,Very High,Moderate
80,250,100,90,0,3,0,2,0,5,2,3,1,1,0,170.6,101.8,Linear,Intermediate,Tropical,Very High,Moderate
250,80,90,100,3,0,2,0,5,0,3,2,1,1,0,165.0,91.1,Ovate,Intermediate,Semi-Arid,Very High,Moderate
80,250,100,90,0,3,0,2,0,5,2,3,1,1,0,156.8,97.5,Ovate,Intermediate,Tropical,Very High,Moderate
250,80,90,100,3,0,2,0,5,0,3,2,1,1,0,163.7,104.8,Ovate,Intermediate,Tropical,Very High,Moderate
80,250,100,90,0,3,0,2,0,5,2,3,1,1,0,161.2,96.1,Intermediate,Purple,Semi-Arid,Very High,Moderate
250,80,90,100,3,0,2,0,5,0,3,2,1,1,0,164.2,105.4,Linear,Purple,Tropical,Very High,Moderate
80,250,100,90,0,3,0,2,0,5,2,3,1,1,0,170.8,102.2,Linear,Purple,Semi-Arid,Very High,Moderate
250,80,90,100,3,0,2,0,5,0,3,2,1,1,0,165.1,94.4,Ovate,Purple,Semi-Arid,Very High,Moderate
80,250,100,90,0,3,0,2,0,5,2,3,1,1,0,165.6,95.8,Intermediate,Intermediate,Tropical,Very High,Moderate
250,80,90,100,3,0,2,0,5,0,3,2,1,1,0,158.8,87.8,Ovate,Purple,Semi-Arid,Very High,Moderate
80,100,100,65,0,7,0,1,0,0,2,2,1,3,1,91.8,87.6,Intermediate,Intermediate,Tropical,High,High
100,80,65,100,7,0,1,0,0,0,2,2,3,1,1,89.0,88.4,Intermediate,Intermediate,Tropical,High,High
80,100,100,65,0,7,0,1,0,0,2,2,1,3,1,102.0,85.1,Pinnate,Yellow,Tropical,High,High
100,80,65,100,7,0,1,0,0,0,2,2,3,1,1,88.4,85.1,Intermediate,Intermediate,Tropical,High,High
80,100,100,65,0,7,0,1,0,0,2,2,1,3,1,92.6,83.6,Pinnate,Yellow,Tropical,High,High
100,80,65,100,7,0,1,0,0,0,2,2,3,1,1,83.2,85.5,Intermediate,Intermediate,Tropical,High,High
80,100,100,65,0,7,0,1,0,0,2,2,1,3,1,95.0,83.3,Ovate,Yellow,Tropical,High,High
100,80,65,100,7,0,1,0,0,0,2,2,3,1,1,84.6,80.5,Intermediate,Yellow,Tropical,High,High
80,100,100,65,0,7,0,1,0,0,2,2,1,3,1,89.5,83.5,Intermediate,Intermediate,Tropical,High,High
100,80,65,100,7,0,1,0,0,0,2,2,3,1,1,88.0,91.7,Intermediate,Yellow,Tropical,High,High
80,100,100,65,0,7,0,1,0,0,2,2,1,3,1,95.0,80.3,Intermediate,White,Tropical,High,High
100,80,65,100,7,0,1,0,0,0,2,2,3,1,1,90.0,77.7,Pinnate,White,Tropical,High,High
80,100,100,65,0,7,0,1,0,0,2,2,1,3,1,81.7,87.3,Ovate,White,Tropical,High,High
100,80,65,100,7,0,1,0,0,0,2,2,3,1,1,90.0,81.4,Intermediate,Intermediate,Tropical,High,High
80,100,100,65,0,7,0,1,0,0,2,2,1,3,1,88.8,81.2,Pinnate,Intermediate,Tropical,High,High
100,80,65,100,7,0,1,0,0,0,2,2,3,1,1,92.7,87.3,Ovate,White,Tropical,High,High
80,30,100,75,0,7,0,0,0,6,2,1,1,3,0,52.3,87.7,Ovate,White,Cool Temperate,Very High,High
30,80,75,100,7,0,0,0,6,0,1,2,3,1,0,55.9,90.0,Intermediate,White,Tropical,Very High,High
80,30,100,75,0,7,0,0,0,6,2,1,1,3,0,55.8,87.7,Intermediate,White,Cool Temperate,Very High,High
30,80,75,100,7,0,0,0,6,0,1,2,3,1,0,51.6,92.6,Intermediate,White,Cool Temperate,Very High,High
80,30,100,75,0,7,0,0,0,6,2,1,1,3,0,54.8,87.5,Intermediate,White,Cool Temperate,Very High,High
30,80,75,100,7,0,0,0,6,0,1,2,3,1,0,57.7,87.2,Pinnate,White,Tropical,Very High,High
80,30,100,75,0,7,0,0,0,6,2,1,1,3,0,55.1,79.9,Pinnate,White,Tropical,Very High,High
30,80,75,100,7,0,0,0,6,0,1,2,3,1,0,55.9,95.1,Ovate,White,Cool Temperate,Very High,High
80,30,100,75,0,7,0,0,0,6,2,1,1,3,0,56.4,93.7,Intermediate,White,Tropical,Very High,High
30,80,75,100,7,0,0,0,6,0,1,2,3,1,0,51.8,89.4,Ovate,White,Tropical,Very High,High
80,30,100,75,0,7,0,0,0,6,2,1,1,3,0,55.7,94.9,Intermediate,White,Cool Temperate,Very High,High
30,80,75,100,7,0,0,0,6,0,1,2,3,1,0,54.1,82.4,Intermediate,White,Cool Temperate,Very High,High
80,30,100,75,0,7,0,0,0,6,2,1,1,3,0,53.7,86.8,Pinnate,White,Cool Temperate,Very High,High
30,80,75,100,7,0,0,0,6,0,1,2,3,1,0,55.9,93.9,Intermediate,White,Tropical,Very High,High
80,30,100,75,0,7,0,0,0,6,2,1,1,3,0,52.9,77.6,Intermediate,White,Cool Temperate,Very High,High
30,80,75,100,7,0,0,0,6,0,1,2,3,1,0,55.2,90.2,Ovate,White,Tropical,Very High,High
250,200,90,75,3,3,1,1,2,2,1,1,4,3,1,220.6,77.0,Linear,Yellow,Temperate,Moderate,Very High
200,250,75,90,3,3,1,1,2,2,1,1,3,4,1,209.1,90.0,Linear,Yellow,Temperate,Moderate,Very High
250,200,90,75,3,3,1,1,2,2,1,1,4,3,1,229.4,82.0,Linear,Yellow,Temperate,Moderate,Very High
200,250,75,90,3,3,1,1,2,2,1,1,3,4,1,221.5,77.7,Linear,Yellow,Temperate,Moderate,Very High
250,200,90,75,3,3,1,1,2,2,1,1,4,3,1,230.5,83.4,Linear,Yellow,Temperate,Moderate,Very High
200,250,75,90,3,3,1,1,2,2,1,1,3,4,1,223.4,86.7,Linear,Yellow,Temperate,Moderate,Very High
250,200,90,75,3,3,1,1,2,2,1,1,4,3,1,212.3,80.1,Linear,Yellow,Temperate,Moderate,Very High
200,250,75,90,3,3,1,1,2,2,1,1,3,4,1,230.5,84.9,Linear,Yellow,Temperate,Moderate,Very High
250,200,90,75,3,3,1,1,2,2,1,1,4,3,1,235.0,85.4,Linear,Yellow,Temperate,Moderate,Very High
200,250,75,90,3,3,1,1,2,2,1,1,3,4,1,242.1,79.3,Linear,Yellow,Temperate,Moderate,Very High
250,200,90,75,3,3,1,1,2,2,1,1,4,3,1,238.5,91.0,Linear,Yellow,Temperate,Moderate,Very High
200,250,75,90,3,3,1,1,2,2,1,1,3,4,1,228.2,88.3,Linear,Yellow,Temperate,Moderate,Very High
250,200,90,75,3,3,1,1,2,2,1,1,4,3,1,226.3,83.3,Linear,Yellow,Temperate,Moderate,Very High
200,250,75,90,3,3,1,1,2,2,1,1,3,4,1,214.1,83.3,Linear,Yellow,Temperate,Moderate,Very High
250,200,90,75,3,3,1,1,2,2,1,1,4,3,1,226.2,88.5,Linear,Yellow,Temperate,Moderate,Very High
200,250,75,90,3,3,1,1,2,2,1,1,3,4,1,234.9,85.2,Linear,Yellow,Temperate,Moderate,Very High
250,200,90,120,3,7,1,3,2,2,1,1,4,1,0,215.6,109.7,Linear,Intermediate,Temperate,Moderate,High
200,250,120,90,7,3,3,1,2,2,1,1,1,4,0,219.9,106.2,Intermediate,Pink,Temperate,Moderate,High
250,200,90,120,3,7,1,3,2,2,1,1,4,1,0,219.4,104.2,Linear,Intermediate,Temperate,Moderate,High
200,250,120,90,7,3,3,1,2,2,1,1,1,4,0,225.2,91.9,Intermediate,Intermediate,Temperate,Moderate,High
250,200,90,120,3,7,1,3,2,2,1,1,4,1,0,226.6,107.4,Pinnate,Intermediate,Temperate,Moderate,High
200,250,120,90,7,3,3,1,2,2,1,1,1,4,0,221.3,114.1,Intermediate,Intermediate,Temperate,Moderate,High
250,200,90,120,3,7,1,3,2,2,1,1,4,1,0,225.5,102.6,Intermediate,Pink,Temperate,Moderate,High
200,250,120,90,7,3,3,1,2,2,1,1,1,4,0,228.3,102.1,Intermediate,Yellow,Temperate,Moderate,High
250,200,90,120,3,7,1,3,2,2,1,1,4,1,0,217.4,97.2,Intermediate,Intermediate,Temperate,Moderate,High
200,250,120,90,7,3,3,1,2,2,1,1,1,4,0,207.1,110.6,Pinnate,Yellow,Temperate,Moderate,High
250,200,90,120,3,7,1,3,2,2,1,1,4,1,0,232.1,106.1,Linear,Pink,Temperate,Moderate,High
200,250,120,90,7,3,3,1,2,2,1,1,1,4,0,221.8,108.1,Intermediate,Intermediate,Temperate,Moderate,High
250,200,90,120,3,7,1,3,2,2,1,1,4,1,0,233.0,104.6,Linear,Yellow,Temperate,Moderate,High
200,250,120,90,7,3,3,1,2,2,1,1,1,4,0,228.9,101.3,Intermediate,Intermediate,Temperate,Moderate,High
250,200,90,120,3,7,1,3,2,2,1,1,4,1,0,230.2,98.0,Linear,Intermediate,Temperate,Moderate,High
200,250,120,90,7,3,3,1,2,2,1,1,1,4,0,223.7,111.1,Intermediate,Intermediate,Temperate,Moderate,High
250,300,90,150,3,7,1,3,2,6,1,2,4,1,0,289.9,115.9,Intermediate,Intermediate,Cool Temperate,Very High,High
300,250,150,90,7,3,3,1,6,2,2,1,1,4,0,277.7,128.2,Linear,Yellow,Cool Temperate,Very High,High
250,300,90,150,3,7,1,3,2,6,1,2,4,1,0,291.3,123.6,Pinnate,Intermediate,Temperate,Very High,High
300,250,150,90,7,3,3,1,6,2,2,1,1,4,0,280.6,121.9,Pinnate,Pink,Temperate,Very High,High
250,300,90,150,3,7,1,3,2,6,1,2,4,1,0,252.7,118.7,Intermediate,Intermediate,Temperate,Very High,High
300,250,150,90,7,3,3,1,6,2,2,1,1,4,0,272.3,110.2,Intermediate,Pink,Cool Temperate,Very High,High
250,300,90,150,3,7,1,3,2,6,1,2,4,1,0,278.0,114.7,Intermediate,Intermediate,Temperate,Very High,High
300,250,150,90,7,3,3,1,6,2,2,1,1,4,0,277.9,120.0,Linear,Intermediate,Temperate,Very High,High
250,300,90,150,3,7,1,3,2,6,1,2,4,1,0,260.2,117.3,Pinnate,Pink,Cool Temperate,Very High,High
300,250,150,90,7,3,3,1,6,2,2,1,1,4,0,262.1,123.5,Intermediate,Intermediate,Cool Temperate,Very High,High
250,300,90,150,3,7,1,3,2,6,1,2,4,1,0,265.0,116.5,Intermediate,Yellow,Cool Temperate,Very High,High
300,250,150,90,7,3,3,1,6,2,2,1,1,4,0,291.8,117.1,Intermediate,Intermediate,Temperate,Very High,High
250,300,90,150,3,7,1,3,2,6,1,2,4,1,0,287.3,136.5,Linear,Intermediate,Cool Temperate,Very High,High
300,250,150,90,7,3,3,1,6,2,2,1,1,4,0,279.6,122.5,Intermediate,Yellow,Temperate,Very High,High
250,300,90,150,3,7,1,3,2,6,1,2,4,1,0,269.1,111.2,Linear,Yellow,Cool Temperate,Very High,High
300,250,150,90,7,3,3,1,6,2,2,1,1,4,0,273.5,127.5,Pinnate,Yellow,Cool Temperate,Very High,High
250,300,90,80,3,5,1,1,2,2,1,2,4,4,0,289.3,91.8,Intermediate,Yellow,Temperate,Very High,Very High
300,250,80,90,5,3,1,1,2,2,2,1,4,4,0,276.6,81.3,Linear,Yellow,Temperate,Very High,Very High
250,300,90,80,3,5,1,1,2,2,1,2,4,4,0,276.1,84.4,Linear,Yellow,Temperate,Very High,Very High
300,250,80,90,5,3,1,1,2,2,2,1,4,4,0,279.9,83.6,Linear,Yellow,Temperate,Very High,Very High
250,300,90,80,3,5,1,1,2,2,1,2,4,4,0,276.2,83.0,Cordate,Yellow,Temperate,Very High,Very High
300,250,80,90,5,3,1,1,2,2,2,1,4,4,0,274.4,82.9,Linear,Yellow,Temperate,Very High,Very High
250,300,90,80,3,5,1,1,2,2,1,2,4,4,0,272.0,79.8,Cordate,Yellow,Temperate,Very High,Very High
300,250,80,90,5,3,1,1,2,2,2,1,4,4,0,283.2,81.2,Linear,Yellow,Temperate,Very High,Very High
250,300,90,80,3,5,1,1,2,2,1,2,4,4,0,268.8,79.7,Cordate,Yellow,Temperate,Very High,Very High
300,250,80,90,5,3,1,1,2,2,2,1,4,4,0,255.8,74.4,Linear,Yellow,Temperate,Very High,Very High
250,300,90,80,3,5,1,1,2,2,1,2,4,4,0,268.7,90.5,Intermediate,Yellow,Temperate,Very High,Very High
300,250,80,90,5,3,1,1,2,2,2,1,4,4,0,244.4,78.2,Linear,Yellow,Temperate,Very High,Very High
250,300,90,80,3,5,1,1,2,2,1,2,4,4,0,261.7,84.2,Intermediate,Yellow,Temperate,Very High,Very High
300,250,80,90,5,3,1,1,2,2,2,1,4,4,0,272.9,85.4,Intermediate,Yellow,Temperate,Very High,Very High
250,300,90,80,3,5,1,1,2,2,1,2,4,4,0,272.2,82.8,Cordate,Yellow,Temperate,Very High,Very High
300,250,80,90,5,3,1,1,2,2,2,1,4,4,0,286.1,87.1,Linear,Yellow,Temperate,Very High,Very High
250,300,90,130,3,0,1,1,2,2,1,3,4,3,0,279.5,113.3,Ovate,Yellow,Temperate,Very High,Very High
300,250,130,90,0,3,1,1,2,2,3,1,3,4,0,263.2,116.8,Intermediate,Yellow,Temperate,Very High,Very High
250,300,90,130,3,0,1,1,2,2,1,3,4,3,0,257.4,106.3,Linear,Yellow,Temperate,Very High,Very High
300,250,130,90,0,3,1,1,2,2,3,1,3,4,0,269.5,111.8,Intermediate,Yellow,Temperate,Very High,Very High
250,300,90,130,3,0,1,1,2,2,1,3,4,3,0,268.5,109.8,Ovate,Yellow,Temperate,Very High,Very High
300,250,130,90,0,3,1,1,2,2,3,1,3,4,0,259.6,105.7,Intermediate,Yellow,Temperate,Very High,Very High
250,300,90,130,3,0,1,1,2,2,1,3,4,3,0,266.4,116.4,Ovate,Yellow,Temperate,Very High,Very High
300,250,130,90,0,3,1,1,2,2,3,1,3,4,0,263.6,99.7,Linear,Yellow,Temperate,Very High,Very High
250,300,90,130,3,0,1,1,2,2,1,3,4,3,0,279.3,105.8,Ovate,Yellow,Temperate,Very High,Very High
300,250,130,90,0,3,1,1,2,2,3,1,3,4,0,279.0,106.6,Intermediate,Yellow,Temperate,Very High,Very High
250,300,90,130,3,0,1,1,2,2,1,3,4,3,0,266.9,110.7,Intermediate,Yellow,Temperate,Very High,Very High
300,250,130,90,0,3,1,1,2,2,3,1,3,4,0,256.1,108.8,Ovate,Yellow,Temperate,Very High,Very High
250,300,90,130,3,0,1,1,2,2,1,3,4,3,0,269.4,109.1,Linear,Yellow,Temperate,Very High,Very High
300,250,130,90,0,3,1,1,2,2,3,1,3,4,0,297.8,109.4,Intermediate,Yellow,Temperate,Very High,Very High
250,300,90,130,3,0,1,1,2,2,1,3,4,3,0,258.8,118.5,Intermediate,Yellow,Temperate,Very High,Very High
300,250,130,90,0,3,1,1,2,2,3,1,3,4,0,269.2,112.9,Ovate,Yellow,Temperate,Very High,Very High
250,120,90,120,3,3,1,0,2,0,1,1,4,4,1,181.6,97.2,Linear,Yellow,Temperate,Moderate,Very High
120,250,120,90,3,3,0,1,0,2,1,1,4,4,1,183.9,105.3,Linear,Intermediate,Temperate,Moderate,Very High
250,120,90,120,3,3,1,0,2,0,1,1,4,4,1,181.4,106.1,Linear,Intermediate,Temperate,Moderate,Very High
120,250,120,90,3,3,0,1,0,2,1,1,4,4,1,201.7,98.5,Linear,Intermediate,Temperate,Moderate,Very High
250,120,90,120,3,3,1,0,2,0,1,1,4,4,1,187.9,113.7,Linear,Intermediate,Temperate,Moderate,Very High
120,250,120,90,3,3,0,1,0,2,1,1,4,4,1,194.5,117.9,Linear,Intermediate,Tropical,Moderate,Very High
250,120,90,120,3,3,1,0,2,0,1,1,4,4,1,187.0,102.7,Linear,White,Temperate,Moderate,Very High
120,250,120,90,3,3,0,1,0,2,1,1,4,4,1,189.0,106.6,Linear,White,Tropical,Moderate,Very High
250,120,90,120,3,3,1,0,2,0,1,1,4,4,1,181.6,100.8,Linear,White,Tropical,Moderate,Very High
120,250,120,90,3,3,0,1,0,2,1,1,4,4,1,188.1,108.0,Linear,White,Temperate,Moderate,Very High
250,120,90,120,3,3,1,0,2,0,1,1,4,4,1,169.2,107.0,Linear,Intermediate,Temperate,Moderate,Very High
120,250,120,90,3,3,0,1,0,2,1,1,4,4,1,180.4,103.6,Linear,Intermediate,Temperate,Moderate,Very High
250,120,90,120,3,3,1,0,2,0,1,1,4,4,1,193.5,106.8,Linear,White,Tropical,Moderate,Very High
120,250,120,90,3,3,0,1,0,2,1,1,4,4,1,181.0,114.7,Linear,White,Temperate,Moderate,Very High
250,120,90,120,3,3,1,0,2,0,1,1,4,4,1,188.3,100.7,Linear,White,Tropical,Moderate,Very High
120,250,120,90,3,3,0,1,0,2,1,1,4,4,1,188.4,108.4,Linear,Intermediate,Tropical,Moderate,Very High
250,100,90,110,3,3,1,0,2,0,1,2,4,3,1,167.9,104.6,Linear,White,Temperate,Very High,Very High
100,250,110,90,3,3,0,1,0,2,2,1,3,4,1,178.2,97.5,Linear,White,Temperate,Very High,Very High
250,100,90,110,3,3,1,0,2,0,1,2,4,3,1,178.7,95.2,Linear,Intermediate,Tropical,Very High,Very High
100,250,110,90,3,3,0,1,0,2,2,1,3,4,1,178.0,100.5,Linear,Intermediate,Temperate,Very High,Very High
250,100,90,110,3,3,1,0,2,0,1,2,4,3,1,171.6,103.0,Linear,Yellow,Temperate,Very High,Very High
100,250,110,90,3,3,0,1,0,2,2,1,3,4,1,189.6,100.7,Linear,Yellow,Tropical,Very High,Very High
250,100,90,110,3,3,1,0,2,0,1,2,4,3,1,167.1,101.5,Linear,Intermediate,Temperate,Very High,Very High
100,250,110,90,3,3,0,1,0,2,2,1,3,4,1,184.9,99.0,Linear,Yellow,Tropical,Very High,Very High
250,100,90,110,3,3,1,0,2,0,1,2,4,3,1,187.9,95.8,Linear,Intermediate,Tropical,Very High,Very High
100,250,110,90,3,3,0,1,0,2,2,1,3,4,1,175.4,96.8,Linear,White,Tropical,Very High,Very High
250,100,90,110,3,3,1,0,2,0,1,2,4,3,1,171.2,100.5,Linear,Intermediate,Temperate,Very High,Very High
100,250,110,90,3,3,0,1,0,2,2,1,3,4,1,181.7,104.2,Linear,White,Tropical,Very High,Very High
250,100,90,110,3,3,1,0,2,0,1,2,4,3,1,195.2,100.2,Linear,Yellow,Temperate,Very High,Very High
100,250,110,90,3,3,0,1,0,2,2,1,3,4,1,182.2,96.8,Linear,Intermediate,Tropical,Very High,Very High
250,100,90,110,3,3,1,0,2,0,1,2,4,3,1,182.9,97.9,Linear,Yellow,Tropical,Very High,Very High
100,250,110,90,3,3,0,1,0,2,2,1,3,4,1,177.3,92.5,Linear,Yellow,Tropical,Very High,Very High
250,90,90,100,3,3,1,0,2,2,1,1,4,4,1,162.6,95.6,Linear,White,Temperate,Moderate,Very High
90,250,100,90,3,3,0,1,2,2,1,1,4,4,1,164.8,89.2,Linear,Intermediate,Temperate,Moderate,Very High
250,90,90,100,3,3,1,0,2,2,1,1,4,4,1,164.6,94.7,Linear,Intermediate,Temperate,Moderate,Very High
90,250,100,90,3,3,0,1,2,2,1,1,4,4,1,164.4,93.8,Linear,Intermediate,Temperate,Moderate,Very High
250,90,90,100,3,3,1,0,2,2,1,1,4,4,1,172.0,95.4,Linear,Yellow,Temperate,Moderate,Very High
90,250,100,90,3,3,0,1,2,2,1,1,4,4,1,171.1,89.9,Linear,Yellow,Temperate,Moderate,Very High
250,90,90,100,3,3,1,0,2,2,1,1,4,4,1,172.6,93.4,Linear,Intermediate,Temperate,Moderate,Very High
90,250,100,90,3,3,0,1,2,2,1,1,4,4,1,183.3,90.1,Linear,Intermediate,Temperate,Moderate,Very High
250,90,90,100,3,3,1,0,2,2,1,1,4,4,1,155.9,90.0,Linear,Intermediate,Temperate,Moderate,Very High
90,250,100,90,3,3,0,1,2,2,1,1,4,4,1,169.4,91.9,Linear,White,Temperate,Moderate,Very High
250,90,90,100,3,3,1,0,2,2,1,1,4,4,1,166.2,100.0,Linear,White,Temperate,Moderate,Very High
90,250,100,90,3,3,0,1,2,2,1,1,4,4,1,167.4,96.8,Linear,Intermediate,Temperate,Moderate,Very High
250,90,90,100,3,3,1,0,2,2,1,1,4,4,1,170.8,102.2,Linear,Intermediate,Temperate,Moderate,Very High
90,250,100,90,3,3,0,1,2,2,1,1,4,4,1,155.2,93.3,Linear,Intermediate,Temperate,Moderate,Very High
250,90,90,100,3,3,1,0,2,2,1,1,4,4,1,182.2,97.6,Linear,Intermediate,Temperate,Moderate,Very High
90,250,100,90,3,3,0,1,2,2,1,1,4,4,1,172.6,102.2,Linear,Intermediate,Temperate,Moderate,Very High
250,100,90,110,3,3,1,0,2,3,1,2,4,3,1,192.8,91.8,Linear,White,Mediterranean,Very High,Very High
100,250,110,90,3,3,0,1,3,2,2,1,3,4,1,169.6,96.1,Linear,Intermediate,Mediterranean,Very High,Very High
250,100,90,110,3,3,1,0,2,3,1,2,4,3,1,181.4,93.3,Linear,Intermediate,Mediterranean,Very High,Very High
100,250,110,90,3,3,0,1,3,2,2,1,3,4,1,159.1,103.0,Linear,Intermediate,Mediterranean,Very High,Very High
250,100,90,110,3,3,1,0,2,3,1,2,4,3,1,165.0,109.2,Linear,White,Mediterranean,Very High,Very High
100,250,110,90,3,3,0,1,3,2,2,1,3,4,1,181.0,102.7,Linear,Intermediate,Temperate,Very High,Very High
250,100,90,110,3,3,1,0,2,3,1,2,4,3,1,175.6,100.2,Linear,White,Temperate,Very High,Very High
100,250,110,90,3,3,0,1,3,2,2,1,3,4,1,172.2,102.2,Linear,Yellow,Temperate,Very High,Very High
250,100,90,110,3,3,1,0,2,3,1,2,4,3,1,178.9,97.8,Linear,Yellow,Temperate,Very High,Very High
100,250,110,90,3,3,0,1,3,2,2,1,3,4,1,177.9,101.9,Linear,Intermediate,Temperate,Very High,Very High
250,100,90,110,3,3,1,0,2,3,1,2,4,3,1,157.7,90.5,Linear,White,Temperate,Very High,Very High
100,250,110,90,3,3,0,1,3,2,2,1,3,4,1,176.1,104.5,Linear,Intermediate,Mediterranean,Very High,Very High
250,100,90,110,3,3,1,0,2,3,1,2,4,3,1,179.4,100.7,Linear,Yellow,Temperate,Very High,Very High
100,250,110,90,3,3,0,1,3,2,2,1,3,4,1,171.0,98.9,Linear,White,Mediterranean,Very High,Very High
250,100,90,110,3,3,1,0,2,3,1,2,4,3,1,176.2,101.1,Linear,Yellow,Temperate,Very High,Very High
100,250,110,90,3,3,0,1,3,2,2,1,3,4,1,176.4,92.0,Linear,Intermediate,Mediterranean,Very High,Very High
250,200,90,55,3,4,1,1,2,9,1,1,4,3,0,227.3,69.4,Linear,Yellow,Tropical/Temperate,Moderate,Very High
200,250,55,90,4,3,1,1,9,2,1,1,3,4,0,220.1,73.0,Linear,Yellow,Temperate,Moderate,Very High
250,200,90,55,3,4,1,1,2,9,1,1,4,3,0,225.6,73.9,Intermediate,Yellow,Tropical/Temperate,Moderate,Very High
200,250,55,90,4,3,1,1,9,2,1,1,3,4,0,227.3,68.9,Palmate,Yellow,Tropical/Temperate,Moderate,Very High
250,200,90,55,3,4,1,1,2,9,1,1,4,3,0,221.8,71.6,Linear,Yellow,Tropical/Temperate,Moderate,Very High
200,250,55,90,4,3,1,1,9,2,1,1,3,4,0,229.8,75.8,Intermediate,Yellow,Tropical/Temperate,Moderate,Very High
250,200,90,55,3,4,1,1,2,9,1,1,4,3,0,227.6,68.4,Palmate,Yellow,Tropical/Temperate,Moderate,Very High
200,250,55,90,4,3,1,1,9,2,1,1,3,4,0,214.2,74.8,Palmate,Yellow,Temperate,Moderate,Very High
250,200,90,55,3,4,1,1,2,9,1,1,4,3,0,230.9,69.8,Intermediate,Yellow,Temperate,Moderate,Very High
200,250,55,90,4,3,1,1,9,2,1,1,3,4,0,190.9,77.9,Palmate,Yellow,Tropical/Temperate,Moderate,Very High
250,200,90,55,3,4,1,1,2,9,1,1,4,3,0,229.4,74.5,Palmate,Yellow,Temperate,Moderate,Very High
200,250,55,90,4,3,1,1,9,2,1,1,3,4,0,236.7,75.2,Intermediate,Yellow,Tropical/Temperate,Moderate,Very High
250,200,90,55,3,4,1,1,2,9,1,1,4,3,0,241.9,73.1,Palmate,Yellow,Tropical/Temperate,Moderate,Very High
200,250,55,90,4,3,1,1,9,2,1,1,3,4,0,225.6,76.7,Intermediate,Yellow,Tropical/Temperate,Moderate,Very High
250,200,90,55,3,4,1,1,2,9,1,1,4,3,0,230.8,74.5,Linear,Yellow,Temperate,Moderate,Very High
200,250,55,90,4,3,1,1,9,2,1,1,3,4,0,245.9,70.1,Intermediate,Yellow,Temperate,Moderate,Very High
250,150,90,75,3,4,1,1,2,4,1,1,4,3,0,197.9,87.7,Linear,Yellow,Arid,Moderate,Very High
150,250,75,90,4,3,1,1,4,2,1,1,3,4,0,202.2,85.6,Palmate,Yellow,Arid,Moderate,Very High
250,150,90,75,3,4,1,1,2,4,1,1,4,3,0,221.2,84.3,Palmate,Yellow,Temperate,Moderate,Very High
150,250,75,90,4,3,1,1,4,2,1,1,3,4,0,189.2,82.6,Palmate,Yellow,Arid,Moderate,Very High
250,150,90,75,3,4,1,1,2,4,1,1,4,3,0,180.9,82.0,Palmate,Yellow,Temperate,Moderate,Very High
150,250,75,90,4,3,1,1,4,2,1,1,3,4,0,198.2,89.0,Intermediate,Yellow,Arid,Moderate,Very High
250,150,90,75,3,4,1,1,2,4,1,1,4,3,0,198.2,85.8,Palmate,Yellow,Arid,Moderate,Very High
150,250,75,90,4,3,1,1,4,2,1,1,3,4,0,203.8,85.9,Linear,Yellow,Arid,Moderate,Very High
250,150,90,75,3,4,1,1,2,4,1,1,4,3,0,210.7,82.7,Intermediate,Yellow,Temperate,Moderate,Very High
150,250,75,90,4,3,1,1,4,2,1,1,3,4,0,213.5,85.8,Palmate,Yellow,Arid,Moderate,Very High
250,150,90,75,3,4,1,1,2,4,1,1,4,3,0,193.8,79.2,Intermediate,Yellow,Arid,Moderate,Very High
150,250,75,90,4,3,1,1,4,2,1,1,3,4,0,207.2,75.0,Intermediate,Yellow,Arid,Moderate,Very High
250,150,90,75,3,4,1,1,2,4,1,1,4,3,0,210.4,81.9,Intermediate,Yellow,Arid,Moderate,Very High
150,250,75,90,4,3,1,1,4,2,1,1,3,4,0,204.8,86.9,Intermediate,Yellow,Arid,Moderate,Very High
250,150,90,75,3,4,1,1,2,4,1,1,4,3,0,203.1,80.8,Palmate,Yellow,Arid,Moderate,Very High
150,250,75,90,4,3,1,1,4,2,1,1,3,4,0,192.7,79.5,Linear,Yellow,Arid,Moderate,Very High
250,60,90,60,3,0,1,0,2,2,1,1,4,3,0,166.4,76.7,Ovate,Intermediate,Temperate,Moderate,Very High
60,250,60,90,0,3,0,1,2,2,1,1,3,4,0,147.4,71.8,Intermediate,Intermediate,Temperate,Moderate,Very High
250,60,90,60,3,0,1,0,2,2,1,1,4,3,0,165.7,81.5,Intermediate,Intermediate,Temperate,Moderate,Very High
60,250,60,90,0,3,0,1,2,2,1,1,3,4,0,157.1,77.3,Intermediate,Intermediate,Temperate,Moderate,Very High
250,60,90,60,3,0,1,0,2,2,1,1,4,3,0,151.4,80.6,Intermediate,White,Temperate,Moderate,Very High
60,250,60,90,0,3,0,1,2,2,1,1,3,4,0,158.4,74.4,Ovate,Intermediate,Temperate,Moderate,Very High
250,60,90,60,3,0,1,0,2,2,1,1,4,3,0,157.9,81.5,Intermediate,Intermediate,Temperate,Moderate,Very High
60,250,60,90,0,3,0,1,2,2,1,1,3,4,0,142.7,80.7,Intermediate,Yellow,Temperate,Moderate,Very High
250,60,90,60,3,0,1,0,2,2,1,1,4,3,0,174.1,73.9,Linear,White,Temperate,Moderate,Very High
60,250,60,90,0,3,0,1,2,2,1,1,3,4,0,143.1,75.6,Intermediate,Intermediate,Temperate,Moderate,Very High
250,60,90,60,3,0,1,0,2,2,1,1,4,3,0,155.2,72.7,Intermediate,White,Temperate,Moderate,Very High
60,250,60,90,0,3,0,1,2,2,1,1,3,4,0,164.4,70.7,Intermediate,Intermediate,Temperate,Moderate,Very High
250,60,90,60,3,0,1,0,2,2,1,1,4,3,0,169.9,73.0,Intermediate,Intermediate,Temperate,Moderate,Very High
60,250,60,90,0,3,0,1,2,2,1,1,3,4,0,163.5,74.3,Intermediate,Yellow,Temperate,Moderate,Very High
250,60,90,60,3,0,1,0,2,2,1,1,4,3,0,149.6,76.8,Ovate,Intermediate,Temperate,Moderate,Very High
60,250,60,90,0,3,0,1,2,2,1,1,3,4,0,158.8,70.5,Intermediate,Intermediate,Temperate,Moderate,Very High
250,180,90,80,3,0,1,0,2,0,1,2,4,3,0,227.2,85.8,Ovate,Yellow,Temperate,Very High,Very High
180,250,80,90,0,3,0,1,0,2,2,1,3,4,0,184.5,83.8,Intermediate,White,Temperate,Very High,Very High
250,180,90,80,3,0,1,0,2,0,1,2,4,3,0,212.5,84.7,Intermediate,Intermediate,Temperate,Very High,Very High
180,250,80,90,0,3,0,1,0,2,2,1,3,4,0,201.4,80.7,Linear,Intermediate,Temperate,Very High,Very High
250,180,90,80,3,0,1,0,2,0,1,2,4,3,0,209.9,89.4,Ovate,Intermediate,Temperate,Very High,Very High
180,250,80,90,0,3,0,1,0,2,2,1,3,4,0,213.4,81.5,Ovate,Yellow,Tropical,Very High,Very High
250,180,90,80,3,0,1,0,2,0,1,2,4,3,0,226.5,93.8,Ovate,Intermediate,Tropical,Very High,Very High
180,250,80,90,0,3,0,1,0,2,2,1,3,4,0,210.8,83.4,Intermediate,Intermediate,Temperate,Very High,Very High
250,180,90,80,3,0,1,0,2,0,1,2,4,3,0,207.0,80.1,Linear,White,Temperate,Very High,Very High
180,250,80,90,0,3,0,1,0,2,2,1,3,4,0,209.7,86.2,Linear,Intermediate,Tropical,Very High,Very High
250,180,90,80,3,0,1,0,2,0,1,2,4,3,0,200.5,79.0,Linear,White,Temperate,Very High,Very High
180,250,80,90,0,3,0,1,0,2,2,1,3,4,0,208.4,85.2,Intermediate,White,Temperate,Very High,Very High
250,180,90,80,3,0,1,0,2,0,1,2,4,3,0,206.4,91.6,Linear,Intermediate,Temperate,Very High,Very High
180,250,80,90,0,3,0,1,0,2,2,1,3,4,0,218.7,85.0,Linear,Yellow,Temperate,Very High,Very High
250,180,90,80,3,0,1,0,2,0,1,2,4,3,0,204.3,89.5,Ovate,Intermediate,Tropical,Very High,Very High
180,250,80,90,0,3,0,1,0,2,2,1,3,4,0,217.9,91.5,Linear,Intermediate,Temperate,Very High,Very High
250,100,90,95,3,0,1,2,2,2,1,2,4,4,0,173.8,102.0,Linear,Yellow,Temperate,Very High,Very High
100,250,95,90,0,3,2,1,2,2,2,1,4,4,0,171.7,95.5,Ovate,Intermediate,Temperate,Very High,Very High
250,100,90,95,3,0,1,2,2,2,1,2,4,4,0,167.2,97.4,Ovate,Yellow,Temperate,Very High,Very High
100,250,95,90,0,3,2,1,2,2,2,1,4,4,0,174.0,94.3,Intermediate,Yellow,Temperate,Very High,Very High
250,100,90,95,3,0,1,2,2,2,1,2,4,4,0,170.5,91.9,Ovate,Yellow,Temperate,Very High,Very High
100,250,95,90,0,3,2,1,2,2,2,1,4,4,0,162.6,94.4,Intermediate,Intermediate,Temperate,Very High,Very High
250,100,90,95,3,0,1,2,2,2,1,2,4,4,0,186.4,90.4,Intermediate,Intermediate,Temperate,Very High,Very High
100,250,95,90,0,3,2,1,2,2,2,1,4,4,0,180.0,87.7,Linear,Intermediate,Temperate,Very High,Very High
250,100,90,95,3,0,1,2,2,2,1,2,4,4,0,151.1,95.2,Intermediate,Purple,Temperate,Very High,Very High
100,250,95,90,0,3,2,1,2,2,2,1,4,4,0,170.7,95.1,Ovate,Yellow,Temperate,Very High,Very High
250,100,90,95,3,0,1,2,2,2,1,2,4,4,0,184.5,93.3,Intermediate,Intermediate,Temperate,Very High,Very High
100,250,95,90,0,3,2,1,2,2,2,1,4,4,0,175.3,94.3,Intermediate,Yellow,Temperate,Very High,Very High
250,100,90,95,3,0,1,2,2,2,1,2,4,4,0,172.4,92.7,Intermediate,Intermediate,Temperate,Very High,Very High
100,250,95,90,0,3,2,1,2,2,2,1,4,4,0,180.0,95.4,Linear,Intermediate,Temperate,Very High,Very High
250,100,90,95,3,0,1,2,2,2,1,2,4,4,0,169.8,89.7,Intermediate,Purple,Temperate,Very High,Very High
100,250,95,90,0,3,2,1,2,2,2,1,4,4,0,184.4,89.4,Intermediate,Intermediate,Temperate,Very High,Very High
250,50,90,130,3,9,1,1,2,8,1,1,4,3,0,147.0,103.5,Intermediate,Yellow,Temperate,Moderate,Very High
50,250,130,90,9,3,1,1,8,2,1,1,3,4,0,150.1,101.5,Intermediate,Yellow,Tropical/Subtropical,Moderate,Very High
250,50,90,130,3,9,1,1,2,8,1,1,4,3,0,144.1,115.1,Compound,Yellow,Temperate,Moderate,Very High
50,250,130,90,9,3,1,1,8,2,1,1,3,4,0,145.6,110.8,Linear,Yellow,Tropical/Subtropical,Moderate,Very High
250,50,90,130,3,9,1,1,2,8,1,1,4,3,0,163.2,100.6,Linear,Yellow,Temperate,Moderate,Very High
50,250,130,90,9,3,1,1,8,2,1,1,3,4,0,150.7,111.7,Linear,Yellow,Tropical/Subtropical,Moderate,Very High
250,50,90,130,3,9,1,1,2,8,1,1,4,3,0,152.8,113.9,Intermediate,Yellow,Tropical/Subtropical,Moderate,Very High
50,250,130,90,9,3,1,1,8,2,1,1,3,4,0,154.5,105.2,Compound,Yellow,Temperate,Moderate,Very High
250,50,90,130,3,9,1,1,2,8,1,1,4,3,0,160.1,123.5,Intermediate,Yellow,Temperate,Moderate,Very High
50,250,130,90,9,3,1,1,8,2,1,1,3,4,0,155.4,103.7,Compound,Yellow,Temperate,Moderate,Very High
250,50,90,130,3,9,1,1,2,8,1,1,4,3,0,165.9,105.2,Linear,Yellow,Temperate,Moderate,Very High
50,250,130,90,9,3,1,1,8,2,1,1,3,4,0,153.7,100.3,Compound,Yellow,Temperate,Moderate,Very High
250,50,90,130,3,9,1,1,2,8,1,1,4,3,0,148.2,107.9,Compound,Yellow,Temperate,Moderate,Very High
50,250,130,90,9,3,1,1,8,2,1,1,3,4,0,155.1,109.3,Compound,Yellow,Tropical/Subtropical,Moderate,Very High
250,50,90,130,3,9,1,1,2,8,1,1,4,3,0,169.8,105.0,Linear,Yellow,Temperate,Moderate,Very High
50,250,130,90,9,3,1,1,8,2,1,1,3,4,0,131.3,108.4,Intermediate,Yellow,Tropical/Subtropical,Moderate,Very High
250,70,90,90,3,7,1,0,2,6,1,1,4,4,0,160.1,86.2,Intermediate,White,Temperate,Moderate,Very High
70,250,90,90,7,3,0,1,6,2,1,1,4,4,0,150.7,92.0,Linear,Intermediate,Cool Temperate,Moderate,Very High
250,70,90,90,3,7,1,0,2,6,1,1,4,4,0,162.9,96.3,Intermediate,Intermediate,Cool Temperate,Moderate,Very High
70,250,90,90,7,3,0,1,6,2,1,1,4,4,0,166.2,95.2,Pinnate,Intermediate,Cool Temperate,Moderate,Very High
250,70,90,90,3,7,1,0,2,6,1,1,4,4,0,157.8,93.9,Intermediate,Intermediate,Cool Temperate,Moderate,Very High
70,250,90,90,7,3,0,1,6,2,1,1,4,4,0,152.5,94.2,Linear,Intermediate,Temperate,Moderate,Very High
250,70,90,90,3,7,1,0,2,6,1,1,4,4,0,154.0,86.3,Intermediate,White,Cool Temperate,Moderate,Very High
70,250,90,90,7,3,0,1,6,2,1,1,4,4,0,174.7,83.7,Intermediate,Yellow,Cool Temperate,Moderate,Very High
250,70,90,90,3,7,1,0,2,6,1,1,4,4,0,155.5,93.5,Intermediate,Yellow,Temperate,Moderate,Very High
70,250,90,90,7,3,0,1,6,2,1,1,4,4,0,183.0,89.6,Pinnate,Intermediate,Cool Temperate,Moderate,Very High
250,70,90,90,3,7,1,0,2,6,1,1,4,4,0,158.8,100.1,Pinnate,Intermediate,Cool Temperate,Moderate,Very High
70,250,90,90,7,3,0,1,6,2,1,1,4,4,0,162.3,87.1,Intermediate,Yellow,Temperate,Moderate,Very High
250,70,90,90,3,7,1,0,2,6,1,1,4,4,0,153.8,88.8,Linear,White,Temperate,Moderate,Very High
70,250,90,90,7,3,0,1,6,2,1,1,4,4,0,162.5,83.4,Pinnate,Intermediate,Cool Temperate,Moderate,Very High
250,70,90,90,3,7,1,0,2,6,1,1,4,4,0,160.9,84.1,Pinnate,Intermediate,Cool Temperate,Moderate,Very High
70,250,90,90,7,3,0,1,6,2,1,1,4,4,0,169.9,95.5,Intermediate,Yellow,Temperate,Moderate,Very High
250,30,90,100,3,5,1,2,2,8,1,2,4,3,0,139.0,97.8,Linear,Yellow,Temperate,Very High,Very High
30,250,100,90,5,3,2,1,8,2,2,1,3,4,0,141.3,98.0,Cordate,Yellow,Temperate,Very High,Very High
250,30,90,100,3,5,1,2,2,8,1,2,4,3,0,137.8,100.9,Cordate,Intermediate,Tropical/Subtropical,Very High,Very High
30,250,100,90,5,3,2,1,8,2,2,1,3,4,0,137.0,98.6,Cordate,Intermediate,Temperate,Very High,Very High
250,30,90,100,3,5,1,2,2,8,1,2,4,3,0,142.5,91.8,Cordate,Yellow,Temperate,Very High,Very High
30,250,100,90,5,3,2,1,8,2,2,1,3,4,0,143.8,91.8,Linear,Purple,Tropical/Subtropical,Very High,Very High
250,30,90,100,3,5,1,2,2,8,1,2,4,3,0,143.1,91.4,Linear,Purple,Tropical/Subtropical,Very High,Very High
30,250,100,90,5,3,2,1,8,2,2,1,3,4,0,130.2,88.2,Cordate,Yellow,Tropical/Subtropical,Very High,Very High
250,30,90,100,3,5,1,2,2,8,1,2,4,3,0,144.0,93.1,Linear,Purple,Tropical/Subtropical,Very High,Very High
30,250,100,90,5,3,2,1,8,2,2,1,3,4,0,133.9,96.3,Intermediate,Purple,Tropical/Subtropical,Very High,Very High
250,30,90,100,3,5,1,2,2,8,1,2,4,3,0,141.2,98.4,Cordate,Yellow,Tropical/Subtropical,Very High,Very High
30,250,100,90,5,3,2,1,8,2,2,1,3,4,0,144.2,94.8,Intermediate,Purple,Temperate,Very High,Very High
250,30,90,100,3,5,1,2,2,8,1,2,4,3,0,145.6,104.1,Intermediate,Intermediate,Tropical/Subtropical,Very High,Very High
30,250,100,90,5,3,2,1,8,2,2,1,3,4,0,138.7,106.3,Intermediate,Purple,Temperate,Very High,Very High
250,30,90,100,3,5,1,2,2,8,1,2,4,3,0,144.6,95.8,Cordate,Purple,Tropical/Subtropical,Very High,Very High
30,250,100,90,5,3,2,1,8,2,2,1,3,4,0,149.9,94.3,Intermediate,Intermediate,Tropical/Subtropical,Very High,Very High
250,300,90,270,3,4,1,0,2,0,1,3,4,4,0,275.4,185.0,Palmate,Intermediate,Tropical,Very High,Very High
300,250,270,90,4,3,0,1,0,2,3,1,4,4,0,285.7,181.3,Intermediate,Intermediate,Tropical,Very High,Very High
250,300,90,270,3,4,1,0,2,0,1,3,4,4,0,272.8,184.2,Palmate,Intermediate,Tropical,Very High,Very High
300,250,270,90,4,3,0,1,0,2,3,1,4,4,0,285.5,175.5,Intermediate,Yellow,Temperate,Very High,Very High
250,300,90,270,3,4,1,0,2,0,1,3,4,4,0,283.5,172.9,Intermediate,Yellow,Temperate,Very High,Very High
300,250,270,90,4,3,0,1,0,2,3,1,4,4,0,271.6,181.2,Intermediate,Intermediate,Tropical,Very High,Very High
250,300,90,270,3,4,1,0,2,0,1,3,4,4,0,291.0,179.6,Intermediate,Intermediate,Tropical,Very High,Very High
300,250,270,90,4,3,0,1,0,2,3,1,4,4,0,299.1,179.9,Intermediate,Intermediate,Temperate,Very High,Very High
250,300,90,270,3,4,1,0,2,0,1,3,4,4,0,266.5,184.0,Intermediate,Intermediate,Temperate,Very High,Very High
300,250,270,90,4,3,0,1,0,2,3,1,4,4,0,269.2,166.6,Intermediate,Intermediate,Tropical,Very High,Very High
250,300,90,270,3,4,1,0,2,0,1,3,4,4,0,262.0,195.0,Linear,Intermediate,Temperate,Very High,Very High
300,250,270,90,4,3,0,1,0,2,3,1,4,4,0,252.1,164.5,Intermediate,White,Tropical,Very High,Very High
250,300,90,270,3,4,1,0,2,0,1,3,4,4,0,277.9,159.9,Palmate,Yellow,Tropical,Very High,Very High
300,250,270,90,4,3,0,1,0,2,3,1,4,4,0,280.3,174.5,Intermediate,Yellow,Temperate,Very High,Very High
250,300,90,270,3,4,1,0,2,0,1,3,4,4,0,258.2,176.3,Linear,White,Temperate,Very High,Very High
300,250,270,90,4,3,0,1,0,2,3,1,4,4,0,294.7,185.7,Palmate,White,Tropical,Very High,Very High
250,50,90,70,3,6,1,1,2,6,1,1,4,3,0,147.0,83.0,Oblong,Yellow,Cool Temperate,Moderate,Very High
50,250,70,90,6,3,1,1,6,2,1,1,3,4,0,152.0,72.1,Intermediate,Yellow,Temperate,Moderate,Very High
250,50,90,70,3,6,1,1,2,6,1,1,4,3,0,146.4,73.7,Linear,Yellow,Cool Temperate,Moderate,Very High
50,250,70,90,6,3,1,1,6,2,1,1,3,4,0,162.3,80.8,Intermediate,Yellow,Temperate,Moderate,Very High
250,50,90,70,3,6,1,1,2,6,1,1,4,3,0,139.9,81.7,Intermediate,Yellow,Cool Temperate,Moderate,Very High
50,250,70,90,6,3,1,1,6,2,1,1,3,4,0,147.1,81.0,Oblong,Yellow,Cool Temperate,Moderate,Very High
250,50,90,70,3,6,1,1,2,6,1,1,4,3,0,146.9,87.5,Oblong,Yellow,Cool Temperate,Moderate,Very High
50,250,70,90,6,3,1,1,6,2,1,1,3,4,0,140.6,72.8,Linear,Yellow,Cool Temperate,Moderate,Very High
250,50,90,70,3,6,1,1,2,6,1,1,4,3,0,145.8,82.6,Linear,Yellow,Temperate,Moderate,Very High
50,250,70,90,6,3,1,1,6,2,1,1,3,4,0,162.2,80.6,Intermediate,Yellow,Temperate,Moderate,Very High
250,50,90,70,3,6,1,1,2,6,1,1,4,3,0,155.8,85.6,Linear,Yellow,Cool Temperate,Moderate,Very High
50,250,70,90,6,3,1,1,6,2,1,1,3,4,0,152.1,81.3,Oblong,Yellow,Temperate,Moderate,Very High
250,50,90,70,3,6,1,1,2,6,1,1,4,3,0,158.3,72.3,Intermediate,Yellow,Temperate,Moderate,Very High
50,250,70,90,6,3,1,1,6,2,1,1,3,4,0,141.4,78.5,Oblong,Yellow,Temperate,Moderate,Very High
250,50,90,70,3,6,1,1,2,6,1,1,4,3,0,160.4,79.7,Intermediate,Yellow,Temperate,Moderate,Very High
50,250,70,90,6,3,1,1,6,2,1,1,3,4,0,150.2,74.6,Oblong,Yellow,Temperate,Moderate,Very High
250,130,90,100,3,10,1,1,2,2,1,2,4,4,0,181.7,95.8,Linear,Yellow,Temperate,Very High,Very High
130,250,100,90,10,3,1,1,2,2,2,1,4,4,0,187.6,97.6,Intermediate,Yellow,Temperate,Very High,Very High
250,130,90,100,3,10,1,1,2,2,1,2,4,4,0,192.5,90.2,Intermediate,Yellow,Temperate,Very High,Very High
130,250,100,90,10,3,1,1,2,2,2,1,4,4,0,184.9,100.3,Linear,Yellow,Temperate,Very High,Very High
250,130,90,100,3,10,1,1,2,2,1,2,4,4,0,191.2,85.1,Linear,Yellow,Temperate,Very High,Very High
130,250,100,90,10,3,1,1,2,2,2,1,4,4,0,192.8,96.8,Intermediate,Yellow,Temperate,Very High,Very High
250,130,90,100,3,10,1,1,2,2,1,2,4,4,0,194.1,94.3,Linear,Yellow,Temperate,Very High,Very High
130,250,100,90,10,3,1,1,2,2,2,1,4,4,0,195.0,98.0,Intermediate,Yellow,Temperate,Very High,Very High
250,130,90,100,3,10,1,1,2,2,1,2,4,4,0,192.8,90.9,Intermediate,Yellow,Temperate,Very High,Very High
130,250,100,90,10,3,1,1,2,2,2,1,4,4,0,193.1,95.0,Intermediate,Yellow,Temperate,Very High,Very High
250,130,90,100,3,10,1,1,2,2,1,2,4,4,0,200.2,91.8,Intermediate,Yellow,Temperate,Very High,Very High
130,250,100,90,10,3,1,1,2,2,2,1,4,4,0,197.9,96.9,Linear,Yellow,Temperate,Very High,Very High
250,130,90,100,3,10,1,1,2,2,1,2,4,4,0,206.0,101.4,Linear,Yellow,Temperate,Very High,Very High
130,250,100,90,10,3,1,1,2,2,2,1,4,4,0,181.5,97.1,Intermediate,Yellow,Temperate,Very High,Very High
250,130,90,100,3,10,1,1,2,2,1,2,4,4,0,177.9,92.4,Linear,Yellow,Temperate,Very High,Very High
130,250,100,90,10,3,1,1,2,2,2,1,4,4,0,192.5,104.1,Intermediate,Yellow,Temperate,Very High,Very High
250,150,90,150,3,4,1,0,2,1,1,1,4,3,0,206.1,118.1,Palmate,Yellow,Subtropical,Moderate,Very High
150,250,150,90,4,3,0,1,1,2,1,1,3,4,0,201.6,121.8,Intermediate,Intermediate,Subtropical,Moderate,Very High
250,150,90,150,3,4,1,0,2,1,1,1,4,3,0,208.4,118.9,Intermediate,Intermediate,Temperate,Moderate,Very High
150,250,150,90,4,3,0,1,1,2,1,1,3,4,0,202.3,121.4,Intermediate,Intermediate,Subtropical,Moderate,Very High
250,150,90,150,3,4,1,0,2,1,1,1,4,3,0,191.6,124.6,Palmate,Intermediate,Subtropical,Moderate,Very High
150,250,150,90,4,3,0,1,1,2,1,1,3,4,0,195.3,113.8,Intermediate,Intermediate,Temperate,Moderate,Very High
250,150,90,150,3,4,1,0,2,1,1,1,4,3,0,203.5,121.4,Palmate,Intermediate,Temperate,Moderate,Very High
150,250,150,90,4,3,0,1,1,2,1,1,3,4,0,191.7,112.1,Intermediate,Yellow,Temperate,Moderate,Very High
250,150,90,150,3,4,1,0,2,1,1,1,4,3,0,194.6,123.2,Linear,White,Subtropical,Moderate,Very High
150,250,150,90,4,3,0,1,1,2,1,1,3,4,0,185.7,111.4,Intermediate,Intermediate,Temperate,Moderate,Very High
250,150,90,150,3,4,1,0,2,1,1,1,4,3,0,202.1,120.4,Intermediate,Intermediate,Subtropical,Moderate,Very High
150,250,150,90,4,3,0,1,1,2,1,1,3,4,0,201.1,108.9,Intermediate,Intermediate,Subtropical,Moderate,Very High
250,150,90,150,3,4,1,0,2,1,1,1,4,3,0,202.7,117.8,Palmate,Intermediate,Subtropical,Moderate,Very High
150,250,150,90,4,3,0,1,1,2,1,1,3,4,0,200.1,125.6,Intermediate,White,Subtropical,Moderate,Very High
250,150,90,150,3,4,1,0,2,1,1,1,4,3,0,194.9,122.4,Intermediate,Yellow,Subtropical,Moderate,Very High
150,250,150,90,4,3,0,1,1,2,1,1,3,4,0,208.1,121.8,Palmate,Intermediate,Temperate,Moderate,Very High
250,200,90,170,3,4,1,1,2,0,1,2,4,1,0,229.4,130.5,Linear,Yellow,Temperate,Very High,High
200,250,170,90,4,3,1,1,0,2,2,1,1,4,0,221.7,132.1,Palmate,Yellow,Tropical,Very High,High
250,200,90,170,3,4,1,1,2,0,1,2,4,1,0,222.2,131.2,Linear,Yellow,Temperate,Very High,High
200,250,170,90,4,3,1,1,0,2,2,1,1,4,0,227.1,134.4,Palmate,Yellow,Tropical,Very High,High
250,200,90,170,3,4,1,1,2,0,1,2,4,1,0,209.6,123.1,Intermediate,Yellow,Tropical,Very High,High
200,250,170,90,4,3,1,1,0,2,2,1,1,4,0,240.3,132.4,Linear,Yellow,Temperate,Very High,High
250,200,90,170,3,4,1,1,2,0,1,2,4,1,0,237.8,128.5,Linear,Yellow,Tropical,Very High,High
200,250,170,90,4,3,1,1,0,2,2,1,1,4,0,233.5,135.7,Palmate,Yellow,Tropical,Very High,High
250,200,90,170,3,4,1,1,2,0,1,2,4,1,0,224.9,129.9,Intermediate,Yellow,Temperate,Very High,High
200,250,170,90,4,3,1,1,0,2,2,1,1,4,0,230.9,118.8,Linear,Yellow,Tropical,Very High,High
250,200,90,170,3,4,1,1,2,0,1,2,4,1,0,234.7,134.1,Palmate,Yellow,Tropical,Very High,High
200,250,170,90,4,3,1,1,0,2,2,1,1,4,0,229.4,132.3,Linear,Yellow,Tropical,Very High,High
250,200,90,170,3,4,1,1,2,0,1,2,4,1,0,204.7,131.7,Palmate,Yellow,Tropical,Very High,High
200,250,170,90,4,3,1,1,0,2,2,1,1,4,0,222.8,123.2,Intermediate,Yellow,Tropical,Very High,High
250,200,90,170,3,4,1,1,2,0,1,2,4,1,0,238.2,136.1,Palmate,Yellow,Tropical,Very High,High
200,250,170,90,4,3,1,1,0,2,2,1,1,4,0,202.4,115.2,Intermediate,Yellow,Tropical,Very High,High
250,180,90,90,3,2,1,3,2,8,1,1,4,3,0,218.8,95.1,Linear,Intermediate,Temperate,Moderate,Very High
180,250,90,90,2,3,3,1,8,2,1,1,3,4,0,216.3,92.1,Elliptical,Pink,Tropical/Subtropical,Moderate,Very High
250,180,90,90,3,2,1,3,2,8,1,1,4,3,0,200.9,91.0,Intermediate,Pink,Tropical/Subtropical,Moderate,Very High
180,250,90,90,2,3,3,1,8,2,1,1,3,4,0,226.9,95.4,Linear,Intermediate,Tropical/Subtropical,Moderate,Very High
250,180,90,90,3,2,1,3,2,8,1,1,4,3,0,222.7,96.7,Elliptical,Intermediate,Tropical/Subtropical,Moderate,Very High
180,250,90,90,2,3,3,1,8,2,1,1,3,4,0,217.7,89.5,Linear,Yellow,Temperate,Moderate,Very High
250,180,90,90,3,2,1,3,2,8,1,1,4,3,0,208.2,91.8,Linear,Intermediate,Temperate,Moderate,Very High
180,250,90,90,2,3,3,1,8,2,1,1,3,4,0,200.9,95.2,Elliptical,Intermediate,Tropical/Subtropical,Moderate,Very High
250,180,90,90,3,2,1,3,2,8,1,1,4,3,0,229.1,87.5,Linear,Intermediate,Temperate,Moderate,Very High
180,250,90,90,2,3,3,1,8,2,1,1,3,4,0,214.5,93.4,Elliptical,Intermediate,Tropical/Subtropical,Moderate,Very High
250,180,90,90,3,2,1,3,2,8,1,1,4,3,0,230.1,99.6,Linear,Yellow,Temperate,Moderate,Very High
180,250,90,90,2,3,3,1,8,2,1,1,3,4,0,230.3,92.1,Intermediate,Intermediate,Temperate,Moderate,Very High
250,180,90,90,3,2,1,3,2,8,1,1,4,3,0,223.8,91.3,Linear,Pink,Temperate,Moderate,Very High
180,250,90,90,2,3,3,1,8,2,1,1,3,4,0,200.9,92.8,Linear,Intermediate,Temperate,Moderate,Very High
250,180,90,90,3,2,1,3,2,8,1,1,4,3,0,228.2,88.6,Elliptical,Yellow,Temperate,Moderate,Very High
180,250,90,90,2,3,3,1,8,2,1,1,3,4,0,214.8,92.0,Intermediate,Yellow,Temperate,Moderate,Very High
250,100,90,80,3,0,1,1,2,2,1,3,4,1,0,179.6,85.6,Ovate,Yellow,Temperate,Very High,High
100,250,80,90,0,3,1,1,2,2,3,1,1,4,0,170.7,89.3,Linear,Yellow,Temperate,Very High,High
250,100,90,80,3,0,1,1,2,2,1,3,4,1,0,188.4,81.5,Linear,Yellow,Temperate,Very High,High
100,250,80,90,0,3,1,1,2,2,3,1,1,4,0,174.0,80.4,Intermediate,Yellow,Temperate,Very High,High
250,100,90,80,3,0,1,1,2,2,1,3,4,1,0,176.0,80.6,Ovate,Yellow,Temperate,Very High,High
100,250,80,90,0,3,1,1,2,2,3,1,1,4,0,169.8,75.9,Linear,Yellow,Temperate,Very High,High
250,100,90,80,3,0,1,1,2,2,1,3,4,1,0,170.7,84.2,Intermediate,Yellow,Temperate,Very High,High
100,250,80,90,0,3,1,1,2,2,3,1,1,4,0,195.3,87.5,Intermediate,Yellow,Temperate,Very High,High
250,100,90,80,3,0,1,1,2,2,1,3,4,1,0,193.3,86.5,Intermediate,Yellow,Temperate,Very High,High
100,250,80,90,0,3,1,1,2,2,3,1,1,4,0,188.9,85.2,Intermediate,Yellow,Temperate,Very High,High
250,100,90,80,3,0,1,1,2,2,1,3,4,1,0,161.3,91.6,Intermediate,Yellow,Temperate,Very High,High
100,250,80,90,0,3,1,1,2,2,3,1,1,4,0,180.8,87.2,Intermediate,Yellow,Temperate,Very High,High
250,100,90,80,3,0,1,1,2,2,1,3,4,1,0,184.3,80.0,Ovate,Yellow,Temperate,Very High,High
100,250,80,90,0,3,1,1,2,2,3,1,1,4,0,190.5,83.0,Ovate,Yellow,Temperate,Very High,High
250,100,90,80,3,0,1,1,2,2,1,3,4,1,0,171.2,84.1,Linear,Yellow,Temperate,Very High,High
100,250,80,90,0,3,1,1,2,2,3,1,1,4,0,174.2,87.3,Intermediate,Yellow,Temperate,Very High,High
250,300,90,110,3,3,1,0,2,4,1,3,4,3,1,290.9,98.1,Linear,Yellow,Arid,Very High,Very High
300,250,110,90,3,3,0,1,4,2,3,1,3,4,1,276.9,99.4,Linear,Intermediate,Temperate,Very High,Very High
250,300,90,110,3,3,1,0,2,4,1,3,4,3,1,271.7,102.1,Linear,White,Arid,Very High,Very High
300,250,110,90,3,3,0,1,4,2,3,1,3,4,1,286.5,100.0,Linear,Intermediate,Temperate,Very High,Very High
250,300,90,110,3,3,1,0,2,4,1,3,4,3,1,264.8,99.8,Linear,Intermediate,Temperate,Very High,Very High
300,250,110,90,3,3,0,1,4,2,3,1,3,4,1,271.9,91.8,Linear,Intermediate,Temperate,Very High,Very High
250,300,90,110,3,3,1,0,2,4,1,3,4,3,1,276.2,104.4,Linear,Intermediate,Temperate,Very High,Very High
300,250,110,90,3,3,0,1,4,2,3,1,3,4,1,297.5,98.3,Linear,Intermediate,Temperate,Very High,Very High
250,300,90,110,3,3,1,0,2,4,1,3,4,3,1,253.5,100.1,Linear,Yellow,Arid,Very High,Very High
300,250,110,90,3,3,0,1,4,2,3,1,3,4,1,274.8,97.7,Linear,Intermediate,Arid,Very High,Very High
250,300,90,110,3,3,1,0,2,4,1,3,4,3,1,262.9,92.5,Linear,Intermediate,Temperate,Very High,Very High
300,250,110,90,3,3,0,1,4,2,3,1,3,4,1,260.2,99.1,Linear,Intermediate,Arid,Very High,Very High
250,300,90,110,3,3,1,0,2,4,1,3,4,3,1,283.7,103.9,Linear,Intermediate,Temperate,Very High,Very High
300,250,110,90,3,3,0,1,4,2,3,1,3,4,1,277.1,95.1,Linear,Intermediate,Arid,Very High,Very High
250,300,90,110,3,3,1,0,2,4,1,3,4,3,1,258.2,100.2,Linear,Intermediate,Temperate,Very High,Very High
300,250,110,90,3,3,0,1,4,2,3,1,3,4,1,276.5,109.8,Linear,White,Temperate,Very High,Very High
250,250,90,90,3,3,1,2,2,5,1,3,4,1,1,247.0,89.5,Linear,Purple,Semi-Arid,Very High,High
250,250,90,90,3,3,2,1,5,2,3,1,1,4,1,239.8,89.6,Linear,Intermediate,Semi-Arid,Very High,High
250,250,90,90,3,3,1,2,2,5,1,3,4,1,1,266.9,85.6,Linear,Yellow,Temperate,Very High,High
250,250,90,90,3,3,2,1,5,2,3,1,1,4,1,244.4,91.8,Linear,Purple,Temperate,Very High,High
250,250,90,90,3,3,1,2,2,5,1,3,4,1,1,246.5,93.8,Linear,Purple,Semi-Arid,Very High,High
250,250,90,90,3,3,2,1,5,2,3,1,1,4,1,238.3,89.3,Linear,Intermediate,Semi-Arid,Very High,High
250,250,90,90,3,3,1,2,2,5,1,3,4,1,1,276.7,85.5,Linear,Purple,Semi-Arid,Very High,High
250,250,90,90,3,3,2,1,5,2,3,1,1,4,1,231.4,93.3,Linear,Intermediate,Semi-Arid,Very High,High
250,250,90,90,3,3,1,2,2,5,1,3,4,1,1,233.4,87.1,Linear,Yellow,Semi-Arid,Very High,High
250,250,90,90,3,3,2,1,5,2,3,1,1,4,1,238.1,92.3,Linear,Intermediate,Semi-Arid,Very High,High
250,250,90,90,3,3,1,2,2,5,1,3,4,1,1,250.9,95.3,Linear,Intermediate,Temperate,Very High,High
250,250,90,90,3,3,2,1,5,2,3,1,1,4,1,234.1,90.4,Linear,Purple,Temperate,Very High,High
250,250,90,90,3,3,1,2,2,5,1,3,4,1,1,269.0,87.4,Linear,Intermediate,Temperate,Very High,High
250,250,90,90,3,3,2,1,5,2,3,1,1,4,1,259.4,104.8,Linear,Purple,Semi-Arid,Very High,High
250,250,90,90,3,3,1,2,2,5,1,3,4,1,1,256.4,89.3,Linear,Intermediate,Temperate,Very High,High
250,250,90,90,3,3,2,1,5,2,3,1,1,4,1,246.4,87.8,Linear,Yellow,Semi-Arid,Very High,High
250,100,90,65,3,7,1,1,2,0,1,2,4,3,0,165.0,82.1,Pinnate,Yellow,Tropical,Very High,Very High
100,250,65,90,7,3,1,1,0,2,2,1,3,4,0,180.9,81.6,Linear,Yellow,Temperate,Very High,Very High
250,100,90,65,3,7,1,1,2,0,1,2,4,3,0,175.2,80.5,Pinnate,Yellow,Tropical,Very High,Very High
100,250,65,90,7,3,1,1,0,2,2,1,3,4,0,191.5,78.0,Intermediate,Yellow,Temperate,Very High,Very High
250,100,90,65,3,7,1,1,2,0,1,2,4,3,0,173.5,73.5,Intermediate,Yellow,Temperate,Very High,Very High
100,250,65,90,7,3,1,1,0,2,2,1,3,4,0,170.6,80.7,Linear,Yellow,Temperate,Very High,Very High
250,100,90,65,3,7,1,1,2,0,1,2,4,3,0,182.1,78.0,Linear,Yellow,Tropical,Very High,Very High
100,250,65,90,7,3,1,1,0,2,2,1,3,4,0,165.4,76.4,Pinnate,Yellow,Tropical,Very High,Very High
250,100,90,65,3,7,1,1,2,0,1,2,4,3,0,159.0,75.4,Linear,Yellow,Temperate,Very High,Very High
100,250,65,90,7,3,1,1,0,2,2,1,3,4,0,188.5,84.3,Intermediate,Yellow,Tropical,Very High,Very High
250,100,90,65,3,7,1,1,2,0,1,2,4,3,0,164.2,77.9,Intermediate,Yellow,Temperate,Very High,Very High
100,250,65,90,7,3,1,1,0,2,2,1,3,4,0,176.8,74.3,Intermediate,Yellow,Temperate,Very High,Very High
250,100,90,65,3,7,1,1,2,0,1,2,4,3,0,167.5,83.1,Intermediate,Yellow,Temperate,Very High,Very High
100,250,65,90,7,3,1,1,0,2,2,1,3,4,0,173.2,80.9,Intermediate,Yellow,Temperate,Very High,Very High
250,100,90,65,3,7,1,1,2,0,1,2,4,3,0,178.4,79.3,Pinnate,Yellow,Temperate,Very High,Very High
100,250,65,90,7,3,1,1,0,2,2,1,3,4,0,169.4,73.3,Linear,Yellow,Tropical,Very High,Very High
250,30,90,75,3,7,1,0,2,6,1,1,4,3,0,145.0,81.4,Intermediate,White,Cool Temperate,Moderate,Very High
30,250,75,90,7,3,0,1,6,2,1,1,3,4,0,137.7,80.0,Intermediate,White,Temperate,Moderate,Very High
250,30,90,75,3,7,1,0,2,6,1,1,4,3,0,142.1,86.8,Intermediate,Intermediate,Cool Temperate,Moderate,Very High
30,250,75,90,7,3,0,1,6,2,1,1,3,4,0,145.4,87.5,Intermediate,Yellow,Cool Temperate,Moderate,Very High
250,30,90,75,3,7,1,0,2,6,1,1,4,3,0,145.6,84.7,Linear,Intermediate,Cool Temperate,Moderate,Very High
30,250,75,90,7,3,0,1,6,2,1,1,3,4,0,136.2,81.7,Pinnate,White,Cool Temperate,Moderate,Very High
250,30,90,75,3,7,1,0,2,6,1,1,4,3,0,141.9,82.2,Linear,Yellow,Temperate,Moderate,Very High
30,250,75,90,7,3,0,1,6,2,1,1,3,4,0,149.3,85.6,Pinnate,Yellow,Cool Temperate,Moderate,Very High
250,30,90,75,3,7,1,0,2,6,1,1,4,3,0,125.9,80.3,Pinnate,White,Cool Temperate,Moderate,Very High
30,250,75,90,7,3,0,1,6,2,1,1,3,4,0,144.2,85.5,Intermediate,Intermediate,Temperate,Moderate,Very High
250,30,90,75,3,7,1,0,2,6,1,1,4,3,0,138.3,83.8,Intermediate,Yellow,Temperate,Moderate,Very High
30,250,75,90,7,3,0,1,6,2,1,1,3,4,0,138.3,79.5,Linear,Yellow,Cool Temperate,Moderate,Very High
250,30,90,75,3,7,1,0,2,6,1,1,4,3,0,125.6,73.9,Pinnate,White,Cool Temperate,Moderate,Very High
30,250,75,90,7,3,0,1,6,2,1,1,3,4,0,140.9,78.3,Intermediate,Intermediate,Cool Temperate,Moderate,Very High
250,30,90,75,3,7,1,0,2,6,1,1,4,3,0,138.2,89.3,Linear,Intermediate,Temperate,Moderate,Very High
30,250,75,90,7,3,0,1,6,2,1,1,3,4,0,133.0,81.8,Intermediate,White,Temperate,Moderate,Very High
200,200,75,120,3,7,1,3,2,2,1,1,3,1,0,194.3,93.6,Linear,Intermediate,Temperate,Moderate,High
200,200,120,75,7,3,3,1,2,2,1,1,1,3,0,197.5,101.1,Pinnate,Intermediate,Temperate,Moderate,High
200,200,75,120,3,7,1,3,2,2,1,1,3,1,0,192.4,99.6,Linear,Intermediate,Temperate,Moderate,High
200,200,120,75,7,3,3,1,2,2,1,1,1,3,0,205.0,93.0,Intermediate,Intermediate,Temperate,Moderate,High
200,200,75,120,3,7,1,3,2,2,1,1,3,1,0,200.0,101.1,Pinnate,Yellow,Temperate,Moderate,High
200,200,120,75,7,3,3,1,2,2,1,1,1,3,0,202.8,88.8,Linear,Intermediate,Temperate,Moderate,High
200,200,75,120,3,7,1,3,2,2,1,1,3,1,0,197.8,91.4,Intermediate,Intermediate,Temperate,Moderate,High
200,200,120,75,7,3,3,1,2,2,1,1,1,3,0,208.0,99.1,Intermediate,Pink,Temperate,Moderate,High
200,200,75,120,3,7,1,3,2,2,1,1,3,1,0,205.9,92.0,Linear,Intermediate,Temperate,Moderate,High
200,200,120,75,7,3,3,1,2,2,1,1,1,3,0,199.2,102.7,Intermediate,Intermediate,Temperate,Moderate,High
200,200,75,120,3,7,1,3,2,2,1,1,3,1,0,188.1,93.7,Intermediate,Intermediate,Temperate,Moderate,High
200,200,120,75,7,3,3,1,2,2,1,1,1,3,0,207.6,90.8,Pinnate,Intermediate,Temperate,Moderate,High
200,200,75,120,3,7,1,3,2,2,1,1,3,1,0,192.5,98.6,Linear,Pink,Temperate,Moderate,High
200,200,120,75,7,3,3,1,2,2,1,1,1,3,0,184.0,92.9,Intermediate,Intermediate,Temperate,Moderate,High
200,200,75,120,3,7,1,3,2,2,1,1,3,1,0,217.6,98.1,Intermediate,Intermediate,Temperate,Moderate,High
200,200,120,75,7,3,3,1,2,2,1,1,1,3,0,191.1,90.3,Intermediate,Intermediate,Temperate,Moderate,High
200,300,75,150,3,7,1,3,2,6,1,2,3,1,0,253.3,103.7,Intermediate,Pink,Temperate,Very High,High
300,200,150,75,7,3,3,1,6,2,2,1,1,3,0,255.6,109.6,Intermediate,Yellow,Temperate,Very High,High
200,300,75,150,3,7,1,3,2,6,1,2,3,1,0,244.9,106.4,Intermediate,Pink,Cool Temperate,Very High,High
300,200,150,75,7,3,3,1,6,2,2,1,1,3,0,252.9,102.1,Intermediate,Intermediate,Temperate,Very High,High
200,300,75,150,3,7,1,3,2,6,1,2,3,1,0,256.7,110.5,Pinnate,Pink,Cool Temperate,Very High,High
300,200,150,75,7,3,3,1,6,2,2,1,1,3,0,233.2,106.1,Intermediate,Pink,Cool Temperate,Very High,High
200,300,75,150,3,7,1,3,2,6,1,2,3,1,0,248.0,115.1,Intermediate,Pink,Cool Temperate,Very High,High
300,200,150,75,7,3,3,1,6,2,2,1,1,3,0,234.7,112.2,Intermediate,Pink,Cool Temperate,Very High,High
200,300,75,150,3,7,1,3,2,6,1,2,3,1,0,258.2,113.0,Linear,Intermediate,Cool Temperate,Very High,High
300,200,150,75,7,3,3,1,6,2,2,1,1,3,0,252.1,116.8,Pinnate,Yellow,Temperate,Very High,High
200,300,75,150,3,7,1,3,2,6,1,2,3,1,0,262.9,103.3,Intermediate,Pink,Cool Temperate,Very High,High
300,200,150,75,7,3,3,1,6,2,2,1,1,3,0,257.4,124.2,Pinnate,Intermediate,Temperate,Very High,High
200,300,75,150,3,7,1,3,2,6,1,2,3,1,0,237.8,117.1,Pinnate,Intermediate,Temperate,Very High,High
300,200,150,75,7,3,3,1,6,2,2,1,1,3,0,257.1,109.7,Pinnate,Intermediate,Temperate,Very High,High
200,300,75,150,3,7,1,3,2,6,1,2,3,1,0,254.4,106.2,Intermediate,Intermediate,Cool Temperate,Very High,High
300,200,150,75,7,3,3,1,6,2,2,1,1,3,0,238.0,118.8,Intermediate,Pink,Temperate,Very High,High
200,300,75,80,3,5,1,1,2,2,1,2,3,4,0,259.4,86.3,Intermediate,Yellow,Temperate,Very High,Very High
300,200,80,75,5,3,1,1,2,2,2,1,4,3,0,256.4,73.4,Cordate,Yellow,Temperate,Very High,Very High
200,300,75,80,3,5,1,1,2,2,1,2,3,4,0,231.4,80.6,Cordate,Yellow,Temperate,Very High,Very High
300,200,80,75,5,3,1,1,2,2,2,1,4,3,0,257.6,79.3,Linear,Yellow,Temperate,Very High,Very High
200,300,75,80,3,5,1,1,2,2,1,2,3,4,0,247.6,81.4,Cordate,Yellow,Temperate,Very High,Very High
300,200,80,75,5,3,1,1,2,2,2,1,4,3,0,262.4,78.5,Linear,Yellow,Temperate,Very High,Very High
200,300,75,80,3,5,1,1,2,2,1,2,3,4,0,234.8,79.1,Intermediate,Yellow,Temperate,Very High,Very High
300,200,80,75,5,3,1,1,2,2,2,1,4,3,0,232.4,77.5,Cordate,Yellow,Temperate,Very High,Very High
200,300,75,80,3,5,1,1,2,2,1,2,3,4,0,242.8,75.7,Cordate,Yellow,Temperate,Very High,Very High
300,200,80,75,5,3,1,1,2,2,2,1,4,3,0,245.4,74.6,Intermediate,Yellow,Temperate,Very High,Very High
200,300,75,80,3,5,1,1,2,2,1,2,3,4,0,246.3,76.9,Intermediate,Yellow,Temperate,Very High,Very High
300,200,80,75,5,3,1,1,2,2,2,1,4,3,0,256.4,80.9,Cordate,Yellow,Temperate,Very High,Very High
200,300,75,80,3,5,1,1,2,2,1,2,3,4,0,241.5,79.7,Linear,Yellow,Temperate,Very High,Very High
300,200,80,75,5,3,1,1,2,2,2,1,4,3,0,256.4,77.6,Cordate,Yellow,Temperate,Very High,Very High
200,300,75,80,3,5,1,1,2,2,1,2,3,4,0,236.2,77.0,Intermediate,Yellow,Temperate,Very High,Very High
300,200,80,75,5,3,1,1,2,2,2,1,4,3,0,257.1,71.4,Cordate,Yellow,Temperate,Very High,Very High
200,300,75,130,3,0,1,1,2,2,1,3,3,3,0,230.5,104.6,Intermediate,Yellow,Temperate,Very High,High
300,200,130,75,0,3,1,1,2,2,3,1,3,3,0,241.1,98.0,Intermediate,Yellow,Temperate,Very High,High
200,300,75,130,3,0,1,1,2,2,1,3,3,3,0,258.5,100.0,Ovate,Yellow,Temperate,Very High,High
300,200,130,75,0,3,1,1,2,2,3,1,3,3,0,258.7,100.9,Intermediate,Yellow,Temperate,Very High,High
200,300,75,130,3,0,1,1,2,2,1,3,3,3,0,267.4,102.3,Intermediate,Yellow,Temperate,Very High,High
300,200,130,75,0,3,1,1,2,2,3,1,3,3,0,229.0,104.3,Intermediate,Yellow,Temperate,Very High,High
200,300,75,130,3,0,1,1,2,2,1,3,3,3,0,249.5,105.6,Intermediate,Yellow,Temperate,Very High,High
300,200,130,75,0,3,1,1,2,2,3,1,3,3,0,243.0,104.7,Intermediate,Yellow,Temperate,Very High,High
200,300,75,130,3,0,1,1,2,2,1,3,3,3,0,234.5,105.0,Ovate,Yellow,Temperate,Very High,High
300,200,130,75,0,3,1,1,2,2,3,1,3,3,0,223.6,104.1,Ovate,Yellow,Temperate,Very High,High
200,300,75,130,3,0,1,1,2,2,1,3,3,3,0,243.5,101.8,Intermediate,Yellow,Temperate,Very High,High
300,200,130,75,0,3,1,1,2,2,3,1,3,3,0,223.2,102.3,Linear,Yellow,Temperate,Very High,High
200,300,75,130,3,0,1,1,2,2,1,3,3,3,0,248.8,97.3,Intermediate,Yellow,Temperate,Very High,High
300,200,130,75,0,3,1,1,2,2,3,1,3,3,0,253.3,105.8,Ovate,Yellow,Temperate,Very High,High
200,300,75,130,3,0,1,1,2,2,1,3,3,3,0,253.4,104.7,Linear,Yellow,Temperate,Very High,High
300,200,130,75,0,3,1,1,2,2,3,1,3,3,0,248.7,106.4,Intermediate,Yellow,Temperate,Very High,High
200,120,75,120,3,3,1,0,2,0,1,1,3,4,1,157.3,93.1,Linear,Yellow,Tropical,Moderate,Very High
120,200,120,75,3,3,0,1,0,2,1,1,4,3,1,167.7,98.3,Linear,White,Tropical,Moderate,Very High
200,120,75,120,3,3,1,0,2,0,1,1,3,4,1,161.5,91.1,Linear,White,Temperate,Moderate,Very High
120,200,120,75,3,3,0,1,0,2,1,1,4,3,1,158.2,101.5,Linear,Yellow,Temperate,Moderate,Very High
200,120,75,120,3,3,1,0,2,0,1,1,3,4,1,161.0,101.1,Linear,Yellow,Tropical,Moderate,Very High
120,200,120,75,3,3,0,1,0,2,1,1,4,3,1,148.8,89.0,Linear,Intermediate,Temperate,Moderate,Very High
200,120,75,120,3,3,1,0,2,0,1,1,3,4,1,149.5,97.3,Linear,White,Temperate,Moderate,Very High
120,200,120,75,3,3,0,1,0,2,1,1,4,3,1,159.8,94.0,Linear,Intermediate,Temperate,Moderate,Very High
200,120,75,120,3,3,1,0,2,0,1,1,3,4,1,168.1,96.3,Linear,Yellow,Temperate,Moderate,Very High
120,200,120,75,3,3,0,1,0,2,1,1,4,3,1,180.3,105.1,Linear,Intermediate,Tropical,Moderate,Very High
200,120,75,120,3,3,1,0,2,0,1,1,3,4,1,164.3,100.1,Linear,Yellow,Tropical,Moderate,Very High
120,200,120,75,3,3,0,1,0,2,1,1,4,3,1,148.3,98.4,Linear,Intermediate,Tropical,Moderate,Very High
200,120,75,120,3,3,1,0,2,0,1,1,3,4,1,162.0,93.4,Linear,Yellow,Tropical,Moderate,Very High
120,200,120,75,3,3,0,1,0,2,1,1,4,3,1,165.2,96.6,Linear,Intermediate,Temperate,Moderate,Very High
200,120,75,120,3,3,1,0,2,0,1,1,3,4,1,155.1,98.9,Linear,White,Temperate,Moderate,Very High
120,200,120,75,3,3,0,1,0,2,1,1,4,3,1,156.7,100.7,Linear,Intermediate,Temperate,Moderate,Very High
200,100,75,110,3,3,1,0,2,0,1,2,3,3,1,157.8,98.5,Linear,Intermediate,Tropical,Very High,High
100,200,110,75,3,3,0,1,0,2,2,1,3,3,1,160.0,94.0,Linear,Intermediate,Tropical,Very High,High
200,100,75,110,3,3,1,0,2,0,1,2,3,3,1,139.1,94.4,Linear,Yellow,Tropical,Very High,High
100,200,110,75,3,3,0,1,0,2,2,1,3,3,1,153.2,91.8,Linear,Yellow,Temperate,Very High,High
200,100,75,110,3,3,1,0,2,0,1,2,3,3,1,152.6,92.8,Linear,White,Temperate,Very High,High
100,200,110,75,3,3,0,1,0,2,2,1,3,3,1,148.2,101.3,Linear,Intermediate,Temperate,Very High,High
200,100,75,110,3,3,1,0,2,0,1,2,3,3,1,157.0,95.9,Linear,Intermediate,Temperate,Very High,High
100,200,110,75,3,3,0,1,0,2,2,1,3,3,1,149.9,103.8,Linear,Yellow,Tropical,Very High,High
200,100,75,110,3,3,1,0,2,0,1,2,3,3,1,160.1,95.0,Linear,Intermediate,Temperate,Very High,High
100,200,110,75,3,3,0,1,0,2,2,1,3,3,1,157.6,91.2,Linear,Yellow,Temperate,Very High,High
200,100,75,110,3,3,1,0,2,0,1,2,3,3,1,156.1,100.0,Linear,Intermediate,Tropical,Very High,High
100,200,110,75,3,3,0,1,0,2,2,1,3,3,1,148.3,95.8,Linear,White,Temperate,Very High,High
200,100,75,110,3,3,1,0,2,0,1,2,3,3,1,136.7,98.7,Linear,Intermediate,Tropical,Very High,High
100,200,110,75,3,3,0,1,0,2,2,1,3,3,1,142.0,99.3,Linear,Intermediate,Temperate,Very High,High
200,100,75,110,3,3,1,0,2,0,1,2,3,3,1,161.6,86.9,Linear,White,Tropical,Very High,High
100,200,110,75,3,3,0,1,0,2,2,1,3,3,1,164.9,91.0,Linear,Intermediate,Temperate,Very High,High
200,90,75,100,3,3,1,0,2,2,1,1,3,4,1,131.1,87.4,Linear,Yellow,Temperate,Moderate,Very High
90,200,100,75,3,3,0,1,2,2,1,1,4,3,1,147.6,86.9,Linear,Yellow,Temperate,Moderate,Very High
200,90,75,100,3,3,1,0,2,2,1,1,3,4,1,133.3,85.0,Linear,Intermediate,Temperate,Moderate,Very High
90,200,100,75,3,3,0,1,2,2,1,1,4,3,1,136.0,95.8,Linear,White,Temperate,Moderate,Very High
200,90,75,100,3,3,1,0,2,2,1,1,3,4,1,146.1,92.3,Linear,White,Temperate,Moderate,Very High
90,200,100,75,3,3,0,1,2,2,1,1,4,3,1,141.5,87.1,Linear,Intermediate,Temperate,Moderate,Very High
200,90,75,100,3,3,1,0,2,2,1,1,3,4,1,153.9,94.0,Linear,Intermediate,Temperate,Moderate,Very High
90,200,100,75,3,3,0,1,2,2,1,1,4,3,1,140.7,94.3,Linear,White,Temperate,Moderate,Very High
200,90,75,100,3,3,1,0,2,2,1,1,3,4,1,142.0,92.3,Linear,White,Temperate,Moderate,Very High
90,200,100,75,3,3,0,1,2,2,1,1,4,3,1,139.3,83.8,Linear,White,Temperate,Moderate,Very High
200,90,75,100,3,3,1,0,2,2,1,1,3,4,1,149.5,83.3,Linear,White,Temperate,Moderate,Very High
90,200,100,75,3,3,0,1,2,2,1,1,4,3,1,146.1,93.4,Linear,White,Temperate,Moderate,Very High
200,90,75,100,3,3,1,0,2,2,1,1,3,4,1,134.8,80.6,Linear,Intermediate,Temperate,Moderate,Very High
90,200,100,75,3,3,0,1,2,2,1,1,4,3,1,137.1,88.1,Linear,White,Temperate,Moderate,Very High
200,90,75,100,3,3,1,0,2,2,1,1,3,4,1,142.6,86.4,Linear,White,Temperate,Moderate,Very High
90,200,100,75,3,3,0,1,2,2,1,1,4,3,1,149.8,78.9,Linear,White,Temperate,Moderate,Very High
200,100,75,110,3,3,1,0,2,3,1,2,3,3,1,161.1,89.6,Linear,White,Mediterranean,Very High,High
100,200,110,75,3,3,0,1,3,2,2,1,3,3,1,159.3,92.3,Linear,Yellow,Mediterranean,Very High,High
200,100,75,110,3,3,1,0,2,3,1,2,3,3,1,143.1,100.2,Linear,White,Temperate,Very High,High
100,200,110,75,3,3,0,1,3,2,2,1,3,3,1,150.6,87.8,Linear,Intermediate,Temperate,Very High,High
200,100,75,110,3,3,1,0,2,3,1,2,3,3,1,154.2,94.6,Linear,White,Temperate,Very High,High
100,200,110,75,3,3,0,1,3,2,2,1,3,3,1,144.3,90.4,Linear,Intermediate,Mediterranean,Very High,High
200,100,75,110,3,3,1,0,2,3,1,2,3,3,1,143.5,83.7,Linear,Intermediate,Temperate,Very High,High
100,200,110,75,3,3,0,1,3,2,2,1,3,3,1,158.0,87.7,Linear,White,Temperate,Very High,High
200,100,75,110,3,3,1,0,2,3,1,2,3,3,1,156.2,95.1,Linear,Intermediate,Temperate,Very High,High
100,200,110,75,3,3,0,1,3,2,2,1,3,3,1,152.0,102.6,Linear,Yellow,Temperate,Very High,High
200,100,75,110,3,3,1,0,2,3,1,2,3,3,1,152.6,84.9,Linear,White,Temperate,Very High,High
100,200,110,75,3,3,0,1,3,2,2,1,3,3,1,151.1,99.5,Linear,Yellow,Mediterranean,Very High,High
200,100,75,110,3,3,1,0,2,3,1,2,3,3,1,148.3,92.2,Linear,Yellow,Mediterranean,Very High,High
100,200,110,75,3,3,0,1,3,2,2,1,3,3,1,151.8,97.3,Linear,Intermediate,Temperate,Very High,High
200,100,75,110,3,3,1,0,2,3,1,2,3,3,1,147.9,98.4,Linear,White,Temperate,Very High,High
100,200,110,75,3,3,0,1,3,2,2,1,3,3,1,152.5,96.0,Linear,Intermediate,Temperate,Very High,High
200,200,75,55,3,4,1,1,2,9,1,1,3,3,0,206.7,66.2,Intermediate,Yellow,Tropical/Temperate,Moderate,High
200,200,55,75,4,3,1,1,9,2,1,1,3,3,0,198.2,75.3,Intermediate,Yellow,Temperate,Moderate,High
200,200,75,55,3,4,1,1,2,9,1,1,3,3,0,184.7,70.1,Intermediate,Yellow,Tropical/Temperate,Moderate,High
200,200,55,75,4,3,1,1,9,2,1,1,3,3,0,208.5,66.0,Intermediate,Yellow,Temperate,Moderate,High
200,200,75,55,3,4,1,1,2,9,1,1,3,3,0,191.9,70.5,Palmate,Yellow,Temperate,Moderate,High
200,200,55,75,4,3,1,1,9,2,1,1,3,3,0,211.2,62.3,Intermediate,Yellow,Tropical/Temperate,Moderate,High
200,200,75,55,3,4,1,1,2,9,1,1,3,3,0,210.1,62.6,Intermediate,Yellow,Tropical/Temperate,Moderate,High
200,200,55,75,4,3,1,1,9,2,1,1,3,3,0,173.5,65.1,Linear,Yellow,Tropical/Temperate,Moderate,High
200,200,75,55,3,4,1,1,2,9,1,1,3,3,0,195.8,69.9,Intermediate,Yellow,Tropical/Temperate,Moderate,High
200,200,55,75,4,3,1,1,9,2,1,1,3,3,0,193.7,59.4,Linear,Yellow,Temperate,Moderate,High
200,200,75,55,3,4,1,1,2,9,1,1,3,3,0,178.9,69.9,Intermediate,Yellow,Temperate,Moderate,High
200,200,55,75,4,3,1,1,9,2,1,1,3,3,0,182.8,62.5,Intermediate,Yellow,Temperate,Moderate,High
200,200,75,55,3,4,1,1,2,9,1,1,3,3,0,207.1,58.5,Palmate,Yellow,Temperate,Moderate,High
200,200,55,75,4,3,1,1,9,2,1,1,3,3,0,207.0,67.5,Linear,Yellow,Tropical/Temperate,Moderate,High
200,200,75,55,3,4,1,1,2,9,1,1,3,3,0,216.8,65.9,Intermediate,Yellow,Tropical/Temperate,Moderate,High
200,200,55,75,4,3,1,1,9,2,1,1,3,3,0,212.5,62.8,Intermediate,Yellow,Tropical/Temperate,Moderate,High
200,150,75,75,3,4,1,1,2,4,1,1,3,3,0,163.7,77.8,Linear,Yellow,Temperate,Moderate,High
150,200,75,75,4,3,1,1,4,2,1,1,3,3,0,171.1,71.8,Intermediate,Yellow,Temperate,Moderate,High
200,150,75,75,3,4,1,1,2,4,1,1,3,3,0,166.2,80.2,Linear,Yellow,Temperate,Moderate,High
150,200,75,75,4,3,1,1,4,2,1,1,3,3,0,170.1,69.1,Intermediate,Yellow,Temperate,Moderate,High
200,150,75,75,3,4,1,1,2,4,1,1,3,3,0,183.9,73.2,Palmate,Yellow,Arid,Moderate,High
150,200,75,75,4,3,1,1,4,2,1,1,3,3,0,170.1,73.9,Palmate,Yellow,Temperate,Moderate,High
200,150,75,75,3,4,1,1,2,4,1,1,3,3,0,194.0,73.3,Linear,Yellow,Temperate,Moderate,High
150,200,75,75,4,3,1,1,4,2,1,1,3,3,0,161.8,76.2,Palmate,Yellow,Arid,Moderate,High
200,150,75,75,3,4,1,1,2,4,1,1,3,3,0,167.8,73.3,Palmate,Yellow,Arid,Moderate,High
150,200,75,75,4,3,1,1,4,2,1,1,3,3,0,167.7,75.1,Intermediate,Yellow,Arid,Moderate,High
200,150,75,75,3,4,1,1,2,4,1,1,3,3,0,176.0,77.6,Intermediate,Yellow,Temperate,Moderate,High
150,200,75,75,4,3,1,1,4,2,1,1,3,3,0,179.9,75.3,Palmate,Yellow,Temperate,Moderate,High
200,150,75,75,3,4,1,1,2,4,1,1,3,3,0,173.7,72.0,Intermediate,Yellow,Temperate,Moderate,High
150,200,75,75,4,3,1,1,4,2,1,1,3,3,0,184.8,70.4,Linear,Yellow,Arid,Moderate,High
200,150,75,75,3,4,1,1,2,4,1,1,3,3,0,162.9,70.8,Palmate,Yellow,Arid,Moderate,High
150,200,75,75,4,3,1,1,4,2,1,1,3,3,0,160.3,75.4,Linear,Yellow,Temperate,Moderate,High
200,60,75,60,3,0,1,0,2,2,1,1,3,3,0,132.9,71.7,Linear,White,Temperate,Moderate,High
60,200,60,75,0,3,0,1,2,2,1,1,3,3,0,125.6,66.5,Intermediate,Intermediate,Temperate,Moderate,High
200,60,75,60,3,0,1,0,2,2,1,1,3,3,0,132.7,66.4,Intermediate,Yellow,Temperate,Moderate,High
60,200,60,75,0,3,0,1,2,2,1,1,3,3,0,143.3,70.2,Intermediate,Intermediate,Temperate,Moderate,High
200,60,75,60,3,0,1,0,2,2,1,1,3,3,0,148.9,65.3,Ovate,Yellow,Temperate,Moderate,High
60,200,60,75,0,3,0,1,2,2,1,1,3,3,0,136.2,65.0,Intermediate,Intermediate,Temperate,Moderate,High
200,60,75,60,3,0,1,0,2,2,1,1,3,3,0,136.4,64.6,Intermediate,White,Temperate,Moderate,High
60,200,60,75,0,3,0,1,2,2,1,1,3,3,0,141.0,65.6,Linear,Yellow,Temperate,Moderate,High
200,60,75,60,3,0,1,0,2,2,1,1,3,3,0,136.5,70.1,Intermediate,Yellow,Temperate,Moderate,High
60,200,60,75,0,3,0,1,2,2,1,1,3,3,0,136.1,65.7,Intermediate,Intermediate,Temperate,Moderate,High
200,60,75,60,3,0,1,0,2,2,1,1,3,3,0,129.7,65.3,Linear,White,Temperate,Moderate,High
60,200,60,75,0,3,0,1,2,2,1,1,3,3,0,133.1,70.7,Ovate,Intermediate,Temperate,Moderate,High
200,60,75,60,3,0,1,0,2,2,1,1,3,3,0,129.6,67.1,Ovate,White,Temperate,Moderate,High
60,200,60,75,0,3,0,1,2,2,1,1,3,3,0,126.3,66.9,Ovate,Intermediate,Temperate,Moderate,High
200,60,75,60,3,0,1,0,2,2,1,1,3,3,0,133.2,68.6,Linear,Yellow,Temperate,Moderate,High
60,200,60,75,0,3,0,1,2,2,1,1,3,3,0,127.2,65.8,Intermediate,Intermediate,Temperate,Moderate,High
200,180,75,80,3,0,1,0,2,0,1,2,3,3,0,202.2,78.6,Linear,Yellow,Tropical,Very High,High
180,200,80,75,0,3,0,1,0,2,2,1,3,3,0,204.1,82.5,Linear,Intermediate,Temperate,Very High,High
200,180,75,80,3,0,1,0,2,0,1,2,3,3,0,204.1,75.7,Intermediate,Intermediate,Temperate,Very High,High
180,200,80,75,0,3,0,1,0,2,2,1,3,3,0,171.3,74.0,Intermediate,Intermediate,Tropical,Very High,High
200,180,75,80,3,0,1,0,2,0,1,2,3,3,0,200.7,80.7,Ovate,White,Temperate,Very High,High
180,200,80,75,0,3,0,1,0,2,2,1,3,3,0,188.0,76.7,Linear,Intermediate,Tropical,Very High,High
200,180,75,80,3,0,1,0,2,0,1,2,3,3,0,184.6,81.5,Linear,White,Temperate,Very High,High
180,200,80,75,0,3,0,1,0,2,2,1,3,3,0,178.6,72.0,Linear,Intermediate,Tropical,Very High,High
200,180,75,80,3,0,1,0,2,0,1,2,3,3,0,191.9,80.7,Linear,Yellow,Temperate,Very High,High
180,200,80,75,0,3,0,1,0,2,2,1,3,3,0,186.9,69.4,Intermediate,White,Tropical,Very High,High
200,180,75,80,3,0,1,0,2,0,1,2,3,3,0,200.9,86.5,Ovate,Intermediate,Temperate,Very High,High
180,200,80,75,0,3,0,1,0,2,2,1,3,3,0,181.0,77.5,Intermediate,Intermediate,Temperate,Very High,High
200,180,75,80,3,0,1,0,2,0,1,2,3,3,0,190.3,79.1,Linear,Intermediate,Temperate,Very High,High
180,200,80,75,0,3,0,1,0,2,2,1,3,3,0,184.7,85.3,Intermediate,Yellow,Temperate,Very High,High
200,180,75,80,3,0,1,0,2,0,1,2,3,3,0,173.5,82.5,Intermediate,Intermediate,Tropical,Very High,High
180,200,80,75,0,3,0,1,0,2,2,1,3,3,0,208.2,71.8,Intermediate,Yellow,Temperate,Very High,High
200,100,75,95,3,0,1,2,2,2,1,2,3,4,0,151.5,87.4,Ovate,Purple,Temperate,Very High,Very High
100,200,95,75,0,3,2,1,2,2,2,1,4,3,0,144.1,91.9,Linear,Purple,Temperate,Very High,Very High
200,100,75,95,3,0,1,2,2,2,1,2,3,4,0,154.1,87.1,Intermediate,Intermediate,Temperate,Very High,Very High
100,200,95,75,0,3,2,1,2,2,2,1,4,3,0,147.2,78.8,Intermediate,Yellow,Temperate,Very High,Very High
200,100,75,95,3,0,1,2,2,2,1,2,3,4,0,152.1,86.4,Linear,Yellow,Temperate,Very High,Very High
100,200,95,75,0,3,2,1,2,2,2,1,4,3,0,166.9,88.1,Intermediate,Intermediate,Temperate,Very High,Very High
200,100,75,95,3,0,1,2,2,2,1,2,3,4,0,158.4,85.4,Ovate,Yellow,Temperate,Very High,Very High
100,200,95,75,0,3,2,1,2,2,2,1,4,3,0,151.0,89.8,Intermediate,Purple,Temperate,Very High,Very High
200,100,75,95,3,0,1,2,2,2,1,2,3,4,0,154.3,79.8,Ovate,Purple,Temperate,Very High,Very High
100,200,95,75,0,3,2,1,2,2,2,1,4,3,0,147.7,79.5,Ovate,Purple,Temperate,Very High,Very High
200,100,75,95,3,0,1,2,2,2,1,2,3,4,0,151.9,89.1,Intermediate,Purple,Temperate,Very High,Very High
100,200,95,75,0,3,2,1,2,2,2,1,4,3,0,151.2,79.3,Ovate,Yellow,Temperate,Very High,Very High
200,100,75,95,3,0,1,2,2,2,1,2,3,4,0,152.9,80.1,Ovate,Intermediate,Temperate,Very High,Very High
100,200,95,75,0,3,2,1,2,2,2,1,4,3,0,146.1,91.3,Intermediate,Intermediate,Temperate,Very High,Very High
200,100,75,95,3,0,1,2,2,2,1,2,3,4,0,148.9,82.3,Intermediate,Intermediate,Temperate,Very High,Very High
100,200,95,75,0,3,2,1,2,2,2,1,4,3,0,155.8,81.9,Linear,Intermediate,Temperate,Very High,Very High
200,50,75,130,3,9,1,1,2,8,1,1,3,3,0,135.5,99.5,Compound,Yellow,Tropical/Subtropical,Moderate,High
50,200,130,75,9,3,1,1,8,2,1,1,3,3,0,131.1,100.2,Intermediate,Yellow,Temperate,Moderate,High
200,50,75,130,3,9,1,1,2,8,1,1,3,3,0,118.4,99.4,Linear,Yellow,Temperate,Moderate,High
50,200,130,75,9,3,1,1,8,2,1,1,3,3,0,132.7,99.6,Linear,Yellow,Temperate,Moderate,High
200,50,75,130,3,9,1,1,2,8,1,1,3,3,0,123.9,110.2,Compound,Yellow,Tropical/Subtropical,Moderate,High
50,200,130,75,9,3,1,1,8,2,1,1,3,3,0,123.2,103.3,Intermediate,Yellow,Temperate,Moderate,High
200,50,75,130,3,9,1,1,2,8,1,1,3,3,0,130.9,102.7,Linear,Yellow,Tropical/Subtropical,Moderate,High
50,200,130,75,9,3,1,1,8,2,1,1,3,3,0,119.8,112.6,Intermediate,Yellow,Tropical/Subtropical,Moderate,High
200,50,75,130,3,9,1,1,2,8,1,1,3,3,0,127.1,98.7,Linear,Yellow,Temperate,Moderate,High
50,200,130,75,9,3,1,1,8,2,1,1,3,3,0,130.2,107.7,Intermediate,Yellow,Tropical/Subtropical,Moderate,High
200,50,75,130,3,9,1,1,2,8,1,1,3,3,0,127.8,102.9,Compound,Yellow,Tropical/Subtropical,Moderate,High
50,200,130,75,9,3,1,1,8,2,1,1,3,3,0,131.6,101.2,Intermediate,Yellow,Temperate,Moderate,High
200,50,75,130,3,9,1,1,2,8,1,1,3,3,0,123.6,98.2,Linear,Yellow,Temperate,Moderate,High
50,200,130,75,9,3,1,1,8,2,1,1,3,3,0,120.1,99.3,Linear,Yellow,Tropical/Subtropical,Moderate,High
200,50,75,130,3,9,1,1,2,8,1,1,3,3,0,131.1,108.7,Compound,Yellow,Temperate,Moderate,High
50,200,130,75,9,3,1,1,8,2,1,1,3,3,0,130.1,96.3,Intermediate,Yellow,Temperate,Moderate,High
200,70,75,90,3,7,1,0,2,6,1,1,3,4,0,134.5,76.8,Intermediate,Intermediate,Temperate,Moderate,Very High
70,200,90,75,7,3,0,1,6,2,1,1,4,3,0,132.2,86.3,Pinnate,Intermediate,Cool Temperate,Moderate,Very High
200,70,75,90,3,7,1,0,2,6,1,1,3,4,0,137.2,90.9,Linear,Intermediate,Temperate,Moderate,Very High
70,200,90,75,7,3,0,1,6,2,1,1,4,3,0,130.4,79.9,Linear,White,Temperate,Moderate,Very High
200,70,75,90,3,7,1,0,2,6,1,1,3,4,0,129.8,80.1,Linear,Yellow,Cool Temperate,Moderate,Very High
70,200,90,75,7,3,0,1,6,2,1,1,4,3,0,138.0,77.4,Pinnate,Intermediate,Cool Temperate,Moderate,Very High
200,70,75,90,3,7,1,0,2,6,1,1,3,4,0,132.2,80.0,Intermediate,Yellow,Cool Temperate,Moderate,Very High
70,200,90,75,7,3,0,1,6,2,1,1,4,3,0,132.2,78.0,Linear,White,Cool Temperate,Moderate,Very High
200,70,75,90,3,7,1,0,2,6,1,1,3,4,0,130.1,78.0,Linear,Intermediate,Temperate,Moderate,Very High
70,200,90,75,7,3,0,1,6,2,1,1,4,3,0,143.5,85.1,Pinnate,Yellow,Cool Temperate,Moderate,Very High
200,70,75,90,3,7,1,0,2,6,1,1,3,4,0,156.2,82.4,Intermediate,Intermediate,Temperate,Moderate,Very High
70,200,90,75,7,3,0,1,6,2,1,1,4,3,0,131.4,83.9,Pinnate,Intermediate,Cool Temperate,Moderate,Very High
200,70,75,90,3,7,1,0,2,6,1,1,3,4,0,134.0,76.6,Pinnate,Intermediate,Temperate,Moderate,Very High
70,200,90,75,7,3,0,1,6,2,1,1,4,3,0,140.8,82.2,Linear,Intermediate,Cool Temperate,Moderate,Very High
200,70,75,90,3,7,1,0,2,6,1,1,3,4,0,132.7,86.9,Pinnate,Yellow,Temperate,Moderate,Very High
70,200,90,75,7,3,0,1,6,2,1,1,4,3,0,120.2,86.9,Linear,Intermediate,Temperate,Moderate,Very High
200,30,75,100,3,5,1,2,2,8,1,2,3,3,0,112.9,89.5,Intermediate,Yellow,Tropical/Subtropical,Very High,High
30,200,100,75,5,3,2,1,8,2,2,1,3,3,0,127.7,88.2,Cordate,Yellow,Temperate,Very High,High
200,30,75,100,3,5,1,2,2,8,1,2,3,3,0,114.7,86.0,Intermediate,Intermediate,Tropical/Subtropical,Very High,High
30,200,100,75,5,3,2,1,8,2,2,1,3,3,0,116.1,91.7,Intermediate,Yellow,Temperate,Very High,High
200,30,75,100,3,5,1,2,2,8,1,2,3,3,0,114.5,88.2,Cordate,Purple,Tropical/Subtropical,Very High,High
30,200,100,75,5,3,2,1,8,2,2,1,3,3,0,113.1,90.5,Cordate,Intermediate,Tropical/Subtropical,Very High,High
200,30,75,100,3,5,1,2,2,8,1,2,3,3,0,116.4,92.6,Intermediate,Intermediate,Temperate,Very High,High
30,200,100,75,5,3,2,1,8,2,2,1,3,3,0,123.7,82.3,Cordate,Yellow,Temperate,Very High,High
200,30,75,100,3,5,1,2,2,8,1,2,3,3,0,103.7,89.7,Linear,Intermediate,Temperate,Very High,High
30,200,100,75,5,3,2,1,8,2,2,1,3,3,0,114.8,94.1,Intermediate,Intermediate,Temperate,Very High,High
200,30,75,100,3,5,1,2,2,8,1,2,3,3,0,110.7,82.4,Cordate,Intermediate,Tropical/Subtropical,Very High,High
30,200,100,75,5,3,2,1,8,2,2,1,3,3,0,108.8,85.5,Intermediate,Purple,Tropical/Subtropical,Very High,High
200,30,75,100,3,5,1,2,2,8,1,2,3,3,0,111.9,77.3,Intermediate,Yellow,Tropical/Subtropical,Very High,High
30,200,100,75,5,3,2,1,8,2,2,1,3,3,0,114.7,87.1,Cordate,Intermediate,Temperate,Very High,High
200,30,75,100,3,5,1,2,2,8,1,2,3,3,0,114.5,91.6,Intermediate,Intermediate,Tropical/Subtropical,Very High,High
30,200,100,75,5,3,2,1,8,2,2,1,3,3,0,114.2,95.5,Cordate,Intermediate,Temperate,Very High,High
200,300,75,270,3,4,1,0,2,0,1,3,3,4,0,257.1,163.9,Linear,Intermediate,Temperate,Very High,Very High
300,200,270,75,4,3,0,1,0,2,3,1,4,3,0,258.4,180.7,Linear,Intermediate,Tropical,Very High,Very High
200,300,75,270,3,4,1,0,2,0,1,3,3,4,0,249.6,174.2,Intermediate,Intermediate,Tropical,Very High,Very High
300,200,270,75,4,3,0,1,0,2,3,1,4,3,0,261.7,172.0,Intermediate,Yellow,Temperate,Very High,Very High
200,300,75,270,3,4,1,0,2,0,1,3,3,4,0,250.6,173.9,Palmate,Yellow,Temperate,Very High,Very High
300,200,270,75,4,3,0,1,0,2,3,1,4,3,0,263.6,179.8,Intermediate,Yellow,Tropical,Very High,Very High
200,300,75,270,3,4,1,0,2,0,1,3,3,4,0,264.7,173.6,Intermediate,Yellow,Tropical,Very High,Very High
300,200,270,75,4,3,0,1,0,2,3,1,4,3,0,240.9,169.7,Linear,Intermediate,Temperate,Very High,Very High
200,300,75,270,3,4,1,0,2,0,1,3,3,4,0,241.4,175.5,Intermediate,Yellow,Temperate,Very High,Very High
300,200,270,75,4,3,0,1,0,2,3,1,4,3,0,256.4,166.4,Intermediate,Intermediate,Temperate,Very High,Very High
200,300,75,270,3,4,1,0,2,0,1,3,3,4,0,225.3,152.8,Linear,Intermediate,Temperate,Very High,Very High
300,200,270,75,4,3,0,1,0,2,3,1,4,3,0,250.9,163.7,Palmate,Yellow,Temperate,Very High,Very High
200,300,75,270,3,4,1,0,2,0,1,3,3,4,0,244.9,162.5,Palmate,Yellow,Temperate,Very High,Very High
300,200,270,75,4,3,0,1,0,2,3,1,4,3,0,251.3,171.3,Intermediate,Yellow,Temperate,Very High,Very High
200,300,75,270,3,4,1,0,2,0,1,3,3,4,0,245.8,181.2,Intermediate,Intermediate,Tropical,Very High,Very High
300,200,270,75,4,3,0,1,0,2,3,1,4,3,0,272.2,173.5,Linear,Intermediate,Temperate,Very High,Very High
200,50,75,70,3,6,1,1,2,6,1,1,3,3,0,126.7,75.2,Intermediate,Yellow,Temperate,Moderate,High
50,200,70,75,6,3,1,1,6,2,1,1,3,3,0,120.7,75.4,Intermediate,Yellow,Temperate,Moderate,High
200,50,75,70,3,6,1,1,2,6,1,1,3,3,0,127.4,69.2,Intermediate,Yellow,Cool Temperate,Moderate,High
50,200,70,75,6,3,1,1,6,2,1,1,3,3,0,129.7,75.5,Oblong,Yellow,Cool Temperate,Moderate,High
200,50,75,70,3,6,1,1,2,6,1,1,3,3,0,121.9,71.1,Intermediate,Yellow,Cool Temperate,Moderate,High
50,200,70,75,6,3,1,1,6,2,1,1,3,3,0,127.9,68.3,Intermediate,Yellow,Cool Temperate,Moderate,High
200,50,75,70,3,6,1,1,2,6,1,1,3,3,0,122.0,70.0,Intermediate,Yellow,Temperate,Moderate,High
50,200,70,75,6,3,1,1,6,2,1,1,3,3,0,128.2,74.4,Intermediate,Yellow,Temperate,Moderate,High
200,50,75,70,3,6,1,1,2,6,1,1,3,3,0,133.2,69.1,Linear,Yellow,Cool Temperate,Moderate,High
50,200,70,75,6,3,1,1,6,2,1,1,3,3,0,128.6,80.0,Linear,Yellow,Cool Temperate,Moderate,High
200,50,75,70,3,6,1,1,2,6,1,1,3,3,0,127.2,74.4,Oblong,Yellow,Cool Temperate,Moderate,High
50,200,70,75,6,3,1,1,6,2,1,1,3,3,0,126.9,72.0,Intermediate,Yellow,Cool Temperate,Moderate,High
200,50,75,70,3,6,1,1,2,6,1,1,3,3,0,122.0,71.4,Intermediate,Yellow,Cool Temperate,Moderate,High
50,200,70,75,6,3,1,1,6,2,1,1,3,3,0,119.4,70.5,Oblong,Yellow,Temperate,Moderate,High
200,50,75,70,3,6,1,1,2,6,1,1,3,3,0,121.0,70.4,Intermediate,Yellow,Cool Temperate,Moderate,High
50,200,70,75,6,3,1,1,6,2,1,1,3,3,0,135.8,65.4,Oblong,Yellow,Cool Temperate,Moderate,High
200,130,75,100,3,10,1,1,2,2,1,2,3,4,0,157.5,86.7,Intermediate,Yellow,Temperate,Very High,Very High
130,200,100,75,10,3,1,1,2,2,2,1,4,3,0,168.9,83.8,Lobed,Yellow,Temperate,Very High,Very High
200,130,75,100,3,10,1,1,2,2,1,2,3,4,0,163.1,85.3,Intermediate,Yellow,Temperate,Very High,Very High
130,200,100,75,10,3,1,1,2,2,2,1,4,3,0,158.8,90.8,Intermediate,Yellow,Temperate,Very High,Very High
200,130,75,100,3,10,1,1,2,2,1,2,3,4,0,175.7,85.4,Linear,Yellow,Temperate,Very High,Very High
130,200,100,75,10,3,1,1,2,2,2,1,4,3,0,160.8,84.6,Intermediate,Yellow,Temperate,Very High,Very High
200,130,75,100,3,10,1,1,2,2,1,2,3,4,0,167.9,87.1,Intermediate,Yellow,Temperate,Very High,Very High
130,200,100,75,10,3,1,1,2,2,2,1,4,3,0,172.4,85.1,Lobed,Yellow,Temperate,Very High,Very High
200,130,75,100,3,10,1,1,2,2,1,2,3,4,0,166.5,92.7,Linear,Yellow,Temperate,Very High,Very High
130,200,100,75,10,3,1,1,2,2,2,1,4,3,0,161.4,84.3,Intermediate,Yellow,Temperate,Very High,Very High
200,130,75,100,3,10,1,1,2,2,1,2,3,4,0,150.6,92.7,Intermediate,Yellow,Temperate,Very High,Very High
130,200,100,75,10,3,1,1,2,2,2,1,4,3,0,158.6,86.2,Intermediate,Yellow,Temperate,Very High,Very High
200,130,75,100,3,10,1,1,2,2,1,2,3,4,0,155.8,86.8,Intermediate,Yellow,Temperate,Very High,Very High
130,200,100,75,10,3,1,1,2,2,2,1,4,3,0,167.1,91.1,Intermediate,Yellow,Temperate,Very High,Very High
200,130,75,100,3,10,1,1,2,2,1,2,3,4,0,152.6,93.4,Linear,Yellow,Temperate,Very High,Very High
130,200,100,75,10,3,1,1,2,2,2,1,4,3,0,157.7,88.1,Lobed,Yellow,Temperate,Very High,Very High
200,150,75,150,3,4,1,0,2,1,1,1,3,3,0,158.5,116.2,Linear,White,Subtropical,Moderate,High
150,200,150,75,4,3,0,1,1,2,1,1,3,3,0,168.7,113.4,Intermediate,Intermediate,Temperate,Moderate,High
200,150,75,150,3,4,1,0,2,1,1,1,3,3,0,178.8,116.1,Palmate,Yellow,Temperate,Moderate,High
150,200,150,75,4,3,0,1,1,2,1,1,3,3,0,177.2,103.9,Intermediate,Yellow,Subtropical,Moderate,High
200,150,75,150,3,4,1,0,2,1,1,1,3,3,0,175.5,111.7,Linear,Intermediate,Temperate,Moderate,High
150,200,150,75,4,3,0,1,1,2,1,1,3,3,0,165.7,115.2,Intermediate,Intermediate,Temperate,Moderate,High
200,150,75,150,3,4,1,0,2,1,1,1,3,3,0,178.6,108.1,Palmate,Yellow,Temperate,Moderate,High
150,200,150,75,4,3,0,1,1,2,1,1,3,3,0,175.9,116.0,Intermediate,White,Subtropical,Moderate,High
200,150,75,150,3,4,1,0,2,1,1,1,3,3,0,173.8,98.3,Palmate,Intermediate,Subtropical,Moderate,High
150,200,150,75,4,3,0,1,1,2,1,1,3,3,0,167.0,113.5,Intermediate,Intermediate,Temperate,Moderate,High
200,150,75,150,3,4,1,0,2,1,1,1,3,3,0,179.7,115.9,Linear,White,Temperate,Moderate,High
150,200,150,75,4,3,0,1,1,2,1,1,3,3,0,176.8,112.1,Palmate,Intermediate,Subtropical,Moderate,High
200,150,75,150,3,4,1,0,2,1,1,1,3,3,0,180.8,109.9,Intermediate,Yellow,Temperate,Moderate,High
150,200,150,75,4,3,0,1,1,2,1,1,3,3,0,168.4,110.6,Linear,Intermediate,Subtropical,Moderate,High
200,150,75,150,3,4,1,0,2,1,1,1,3,3,0,185.9,124.0,Intermediate,White,Subtropical,Moderate,High
150,200,150,75,4,3,0,1,1,2,1,1,3,3,0,178.1,104.4,Linear,Intermediate,Subtropical,Moderate,High
200,200,75,170,3,4,1,1,2,0,1,2,3,1,0,196.3,125.0,Intermediate,Yellow,Temperate,Very High,High
200,200,170,75,4,3,1,1,0,2,2,1,1,3,0,214.4,118.4,Linear,Yellow,Temperate,Very High,High
200,200,75,170,3,4,1,1,2,0,1,2,3,1,0,206.4,120.0,Intermediate,Yellow,Tropical,Very High,High
200,200,170,75,4,3,1,1,0,2,2,1,1,3,0,204.6,123.0,Palmate,Yellow,Tropical,Very High,High
200,200,75,170,3,4,1,1,2,0,1,2,3,1,0,195.3,111.1,Palmate,Yellow,Temperate,Very High,High
200,200,170,75,4,3,1,1,0,2,2,1,1,3,0,181.9,128.8,Intermediate,Yellow,Tropical,Very High,High
200,200,75,170,3,4,1,1,2,0,1,2,3,1,0,179.4,124.5,Intermediate,Yellow,Temperate,Very High,High
200,200,170,75,4,3,1,1,0,2,2,1,1,3,0,190.6,128.3,Intermediate,Yellow,Tropical,Very High,High
200,200,75,170,3,4,1,1,2,0,1,2,3,1,0,199.8,112.9,Intermediate,Yellow,Tropical,Very High,High
200,200,170,75,4,3,1,1,0,2,2,1,1,3,0,203.7,114.6,Linear,Yellow,Tropical,Very High,High
200,200,75,170,3,4,1,1,2,0,1,2,3,1,0,211.8,122.9,Palmate,Yellow,Tropical,Very High,High
200,200,170,75,4,3,1,1,0,2,2,1,1,3,0,211.2,124.3,Linear,Yellow,Temperate,Very High,High
200,200,75,170,3,4,1,1,2,0,1,2,3,1,0,192.8,127.6,Intermediate,Yellow,Temperate,Very High,High
200,200,170,75,4,3,1,1,0,2,2,1,1,3,0,196.1,122.1,Intermediate,Yellow,Temperate,Very High,High
200,200,75,170,3,4,1,1,2,0,1,2,3,1,0,196.0,126.2,Intermediate,Yellow,Temperate,Very High,High
200,200,170,75,4,3,1,1,0,2,2,1,1,3,0,187.2,117.3,Intermediate,Yellow,Tropical,Very High,High
200,180,75,90,3,2,1,3,2,8,1,1,3,3,0,188.5,81.7,Intermediate,Yellow,Tropical/Subtropical,Moderate,High
180,200,90,75,2,3,3,1,8,2,1,1,3,3,0,194.5,86.0,Intermediate,Intermediate,Temperate,Moderate,High
200,180,75,90,3,2,1,3,2,8,1,1,3,3,0,183.6,79.6,Intermediate,Intermediate,Temperate,Moderate,High
180,200,90,75,2,3,3,1,8,2,1,1,3,3,0,183.4,87.9,Intermediate,Intermediate,Temperate,Moderate,High
200,180,75,90,3,2,1,3,2,8,1,1,3,3,0,188.8,84.9,Intermediate,Intermediate,Temperate,Moderate,High
180,200,90,75,2,3,3,1,8,2,1,1,3,3,0,196.8,81.3,Intermediate,Intermediate,Temperate,Moderate,High
200,180,75,90,3,2,1,3,2,8,1,1,3,3,0,184.0,87.1,Elliptical,Yellow,Tropical/Subtropical,Moderate,High
180,200,90,75,2,3,3,1,8,2,1,1,3,3,0,204.5,83.8,Intermediate,Yellow,Tropical/Subtropical,Moderate,High
200,180,75,90,3,2,1,3,2,8,1,1,3,3,0,182.7,79.7,Intermediate,Yellow,Tropical/Subtropical,Moderate,High
180,200,90,75,2,3,3,1,8,2,1,1,3,3,0,198.3,81.0,Elliptical,Pink,Temperate,Moderate,High
200,180,75,90,3,2,1,3,2,8,1,1,3,3,0,201.5,79.6,Elliptical,Pink,Tropical/Subtropical,Moderate,High
180,200,90,75,2,3,3,1,8,2,1,1,3,3,0,178.8,74.8,Linear,Yellow,Temperate,Moderate,High
200,180,75,90,3,2,1,3,2,8,1,1,3,3,0,191.8,84.2,Intermediate,Yellow,Temperate,Moderate,High
180,200,90,75,2,3,3,1,8,2,1,1,3,3,0,186.9,77.4,Intermediate,Intermediate,Tropical/Subtropical,Moderate,High
200,180,75,90,3,2,1,3,2,8,1,1,3,3,0,186.6,76.8,Intermediate,Intermediate,Temperate,Moderate,High
180,200,90,75,2,3,3,1,8,2,1,1,3,3,0,186.5,78.4,Intermediate,Intermediate,Tropical/Subtropical,Moderate,High
200,100,75,80,3,0,1,1,2,2,1,3,3,1,0,147.6,78.6,Ovate,Yellow,Temperate,Very High,High
100,200,80,75,0,3,1,1,2,2,3,1,1,3,0,145.3,69.6,Ovate,Yellow,Temperate,Very High,High
200,100,75,80,3,0,1,1,2,2,1,3,3,1,0,147.2,69.9,Intermediate,Yellow,Temperate,Very High,High
100,200,80,75,0,3,1,1,2,2,3,1,1,3,0,144.2,77.0,Linear,Yellow,Temperate,Very High,High
200,100,75,80,3,0,1,1,2,2,1,3,3,1,0,145.9,81.5,Linear,Yellow,Temperate,Very High,High
100,200,80,75,0,3,1,1,2,2,3,1,1,3,0,159.7,73.5,Intermediate,Yellow,Temperate,Very High,High
200,100,75,80,3,0,1,1,2,2,1,3,3,1,0,155.2,72.7,Intermediate,Yellow,Temperate,Very High,High
100,200,80,75,0,3,1,1,2,2,3,1,1,3,0,146.2,79.6,Intermediate,Yellow,Temperate,Very High,High
200,100,75,80,3,0,1,1,2,2,1,3,3,1,0,149.6,74.1,Intermediate,Yellow,Temperate,Very High,High
100,200,80,75,0,3,1,1,2,2,3,1,1,3,0,146.3,83.0,Linear,Yellow,Temperate,Very High,High
200,100,75,80,3,0,1,1,2,2,1,3,3,1,0,170.9,79.4,Intermediate,Yellow,Temperate,Very High,High
100,200,80,75,0,3,1,1,2,2,3,1,1,3,0,148.5,76.8,Ovate,Yellow,Temperate,Very High,High
200,100,75,80,3,0,1,1,2,2,1,3,3,1,0,143.6,79.7,Ovate,Yellow,Temperate,Very High,High
100,200,80,75,0,3,1,1,2,2,3,1,1,3,0,155.3,75.6,Intermediate,Yellow,Temperate,Very High,High
200,100,75,80,3,0,1,1,2,2,1,3,3,1,0,142.4,69.7,Intermediate,Yellow,Temperate,Very High,High
100,200,80,75,0,3,1,1,2,2,3,1,1,3,0,153.4,73.0,Intermediate,Yellow,Temperate,Very High,High
200,300,75,110,3,3,1,0,2,4,1,3,3,3,1,235.8,89.9,Linear,White,Temperate,Very High,High
300,200,110,75,3,3,0,1,4,2,3,1,3,3,1,261.3,90.0,Linear,Intermediate,Arid,Very High,High
200,300,75,110,3,3,1,0,2,4,1,3,3,3,1,256.4,92.4,Linear,White,Arid,Very High,High
300,200,110,75,3,3,0,1,4,2,3,1,3,3,1,275.2,89.3,Linear,Intermediate,Temperate,Very High,High
200,300,75,110,3,3,1,0,2,4,1,3,3,3,1,257.9,89.5,Linear,White,Arid,Very High,High
300,200,110,75,3,3,0,1,4,2,3,1,3,3,1,238.6,93.8,Linear,Intermediate,Arid,Very High,High
200,300,75,110,3,3,1,0,2,4,1,3,3,3,1,247.6,90.6,Linear,Intermediate,Temperate,Very High,High
300,200,110,75,3,3,0,1,4,2,3,1,3,3,1,259.8,89.1,Linear,Intermediate,Arid,Very High,High
200,300,75,110,3,3,1,0,2,4,1,3,3,3,1,240.1,90.5,Linear,Intermediate,Temperate,Very High,High
300,200,110,75,3,3,0,1,4,2,3,1,3,3,1,242.7,92.0,Linear,Yellow,Arid,Very High,High
200,300,75,110,3,3,1,0,2,4,1,3,3,3,1,237.9,88.5,Linear,Intermediate,Temperate,Very High,High
300,200,110,75,3,3,0,1,4,2,3,1,3,3,1,247.5,91.6,Linear,Intermediate,Temperate,Very High,High
200,300,75,110,3,3,1,0,2,4,1,3,3,3,1,264.5,90.5,Linear,Intermediate,Arid,Very High,High
300,200,110,75,3,3,0,1,4,2,3,1,3,3,1,249.4,98.7,Linear,Yellow,Arid,Very High,High
200,300,75,110,3,3,1,0,2,4,1,3,3,3,1,250.1,101.6,Linear,Intermediate,Arid,Very High,High
300,200,110,75,3,3,0,1,4,2,3,1,3,3,1,218.5,100.6,Linear,Intermediate,Arid,Very High,High
200,250,75,90,3,3,1,2,2,5,1,3,3,1,1,225.1,81.2,Linear,Intermediate,Semi-Arid,Very High,High
250,200,90,75,3,3,2,1,5,2,3,1,1,3,1,238.2,79.8,Linear,Intermediate,Temperate,Very High,High
200,250,75,90,3,3,1,2,2,5,1,3,3,1,1,218.6,76.8,Linear,Yellow,Temperate,Very High,High
250,200,90,75,3,3,2,1,5,2,3,1,1,3,1,225.0,86.3,Linear,Intermediate,Temperate,Very High,High
200,250,75,90,3,3,1,2,2,5,1,3,3,1,1,222.9,79.3,Linear,Yellow,Semi-Arid,Very High,High
250,200,90,75,3,3,2,1,5,2,3,1,1,3,1,212.3,76.1,Linear,Purple,Temperate,Very High,High
200,250,75,90,3,3,1,2,2,5,1,3,3,1,1,236.5,80.3,Linear,Intermediate,Semi-Arid,Very High,High
250,200,90,75,3,3,2,1,5,2,3,1,1,3,1,219.7,79.9,Linear,Yellow,Semi-Arid,Very High,High
200,250,75,90,3,3,1,2,2,5,1,3,3,1,1,214.9,84.5,Linear,Purple,Semi-Arid,Very High,High
250,200,90,75,3,3,2,1,5,2,3,1,1,3,1,209.3,81.0,Linear,Purple,Temperate,Very High,High
200,250,75,90,3,3,1,2,2,5,1,3,3,1,1,232.4,87.8,Linear,Intermediate,Semi-Arid,Very High,High
250,200,90,75,3,3,2,1,5,2,3,1,1,3,1,210.5,84.0,Linear,Yellow,Temperate,Very High,High
200,250,75,90,3,3,1,2,2,5,1,3,3,1,1,216.8,84.2,Linear,Intermediate,Semi-Arid,Very High,High
250,200,90,75,3,3,2,1,5,2,3,1,1,3,1,214.4,79.8,Linear,Yellow,Temperate,Very High,High
200,250,75,90,3,3,1,2,2,5,1,3,3,1,1,226.5,82.5,Linear,Intermediate,Semi-Arid,Very High,High
250,200,90,75,3,3,2,1,5,2,3,1,1,3,1,229.2,84.8,Linear,Purple,Semi-Arid,Very High,High
200,100,75,65,3,7,1,1,2,0,1,2,3,3,0,158.1,66.6,Linear,Yellow,Temperate,Very High,High
100,200,65,75,7,3,1,1,0,2,2,1,3,3,0,148.7,70.1,Pinnate,Yellow,Tropical,Very High,High
200,100,75,65,3,7,1,1,2,0,1,2,3,3,0,156.8,69.3,Intermediate,Yellow,Temperate,Very High,High
100,200,65,75,7,3,1,1,0,2,2,1,3,3,0,142.9,74.4,Linear,Yellow,Tropical,Very High,High
200,100,75,65,3,7,1,1,2,0,1,2,3,3,0,156.2,70.4,Pinnate,Yellow,Temperate,Very High,High
100,200,65,75,7,3,1,1,0,2,2,1,3,3,0,150.1,66.0,Intermediate,Yellow,Tropical,Very High,High
200,100,75,65,3,7,1,1,2,0,1,2,3,3,0,145.0,68.7,Linear,Yellow,Temperate,Very High,High
100,200,65,75,7,3,1,1,0,2,2,1,3,3,0,154.7,69.6,Intermediate,Yellow,Tropical,Very High,High
200,100,75,65,3,7,1,1,2,0,1,2,3,3,0,156.9,68.7,Intermediate,Yellow,Temperate,Very High,High
100,200,65,75,7,3,1,1,0,2,2,1,3,3,0,148.2,73.7,Intermediate,Yellow,Tropical,Very High,High
200,100,75,65,3,7,1,1,2,0,1,2,3,3,0,157.8,69.0,Intermediate,Yellow,Tropical,Very High,High
100,200,65,75,7,3,1,1,0,2,2,1,3,3,0,154.7,70.1,Pinnate,Yellow,Temperate,Very High,High
200,100,75,65,3,7,1,1,2,0,1,2,3,3,0,164.2,63.7,Intermediate,Yellow,Temperate,Very High,High
100,200,65,75,7,3,1,1,0,2,2,1,3,3,0,151.4,67.0,Intermediate,Yellow,Tropical,Very High,High
200,100,75,65,3,7,1,1,2,0,1,2,3,3,0,145.0,70.8,Intermediate,Yellow,Tropical,Very High,High
100,200,65,75,7,3,1,1,0,2,2,1,3,3,0,141.6,69.1,Linear,Yellow,Temperate,Very High,High
200,30,75,75,3,7,1,0,2,6,1,1,3,3,0,111.6,79.5,Intermediate,Intermediate,Temperate,Moderate,High
30,200,75,75,7,3,0,1,6,2,1,1,3,3,0,122.2,73.9,Linear,Intermediate,Temperate,Moderate,High
200,30,75,75,3,7,1,0,2,6,1,1,3,3,0,124.3,75.0,Intermediate,Intermediate,Cool Temperate,Moderate,High
30,200,75,75,7,3,0,1,6,2,1,1,3,3,0,110.2,78.9,Intermediate,Intermediate,Temperate,Moderate,High
200,30,75,75,3,7,1,0,2,6,1,1,3,3,0,117.6,78.5,Intermediate,Yellow,Cool Temperate,Moderate,High
30,200,75,75,7,3,0,1,6,2,1,1,3,3,0,120.2,72.7,Linear,Intermediate,Temperate,Moderate,High
200,30,75,75,3,7,1,0,2,6,1,1,3,3,0,113.9,79.8,Intermediate,Intermediate,Cool Temperate,Moderate,High
30,200,75,75,7,3,0,1,6,2,1,1,3,3,0,116.4,80.7,Pinnate,White,Temperate,Moderate,High
200,30,75,75,3,7,1,0,2,6,1,1,3,3,0,114.6,75.4,Intermediate,Intermediate,Cool Temperate,Moderate,High
30,200,75,75,7,3,0,1,6,2,1,1,3,3,0,115.0,75.0,Intermediate,Intermediate,Temperate,Moderate,High
200,30,75,75,3,7,1,0,2,6,1,1,3,3,0,109.6,72.7,Intermediate,Yellow,Temperate,Moderate,High
30,200,75,75,7,3,0,1,6,2,1,1,3,3,0,114.7,77.1,Intermediate,Intermediate,Cool Temperate,Moderate,High
200,30,75,75,3,7,1,0,2,6,1,1,3,3,0,115.3,76.8,Intermediate,Intermediate,Temperate,Moderate,High
30,200,75,75,7,3,0,1,6,2,1,1,3,3,0,121.8,69.8,Pinnate,Intermediate,Cool Temperate,Moderate,High
200,30,75,75,3,7,1,0,2,6,1,1,3,3,0,122.2,82.5,Intermediate,Intermediate,Cool Temperate,Moderate,High
30,200,75,75,7,3,0,1,6,2,1,1,3,3,0,112.7,74.1,Intermediate,Yellow,Cool Temperate,Moderate,High
200,300,120,150,7,7,3,3,2,6,1,2,1,1,1,251.0,132.5,Pinnate,Pink,Temperate,Very High,Moderate
300,200,150,120,7,7,3,3,6,2,2,1,1,1,1,263.0,138.5,Pinnate,Pink,Cool Temperate,Very High,Moderate
200,300,120,150,7,7,3,3,2,6,1,2,1,1,1,250.6,133.6,Pinnate,Pink,Cool Temperate,Very High,Moderate
300,200,150,120,7,7,3,3,6,2,2,1,1,1,1,233.6,126.1,Pinnate,Pink,Cool Temperate,Very High,Moderate
200,300,120,150,7,7,3,3,2,6,1,2,1,1,1,236.1,140.1,Pinnate,Pink,Cool Temperate,Very High,Moderate
300,200,150,120,7,7,3,3,6,2,2,1,1,1,1,274.8,129.9,Pinnate,Pink,Temperate,Very High,Moderate
200,300,120,150,7,7,3,3,2,6,1,2,1,1,1,234.8,136.9,Pinnate,Pink,Cool Temperate,Very High,Moderate
300,200,150,120,7,7,3,3,6,2,2,1,1,1,1,265.0,125.8,Pinnate,Pink,Temperate,Very High,Moderate
200,300,120,150,7,7,3,3,2,6,1,2,1,1,1,258.3,135.4,Pinnate,Pink,Temperate,Very High,Moderate
300,200,150,120,7,7,3,3,6,2,2,1,1,1,1,234.6,138.6,Pinnate,Pink,Cool Temperate,Very High,Moderate
200,300,120,150,7,7,3,3,2,6,1,2,1,1,1,238.1,134.7,Pinnate,Pink,Cool Temperate,Very High,Moderate
300,200,150,120,7,7,3,3,6,2,2,1,1,1,1,252.6,143.9,Pinnate,Pink,Cool Temperate,Very High,Moderate
200,300,120,150,7,7,3,3,2,6,1,2,1,1,1,240.6,126.9,Pinnate,Pink,Temperate,Very High,Moderate
300,200,150,120,7,7,3,3,6,2,2,1,1,1,1,242.4,138.3,Pinnate,Pink,Cool Temperate,Very High,Moderate
200,300,120,150,7,7,3,3,2,6,1,2,1,1,1,242.2,135.3,Pinnate,Pink,Cool Temperate,Very High,Moderate
300,200,150,120,7,7,3,3,6,2,2,1,1,1,1,249.7,139.3,Pinnate,Pink,Cool Temperate,Very High,Moderate
200,300,120,80,7,5,3,1,2,2,1,2,1,4,0,263.3,99.5,Cordate,Intermediate,Temperate,Very High,High
300,200,80,120,5,7,1,3,2,2,2,1,4,1,0,232.5,98.4,Cordate,Yellow,Temperate,Very High,High
200,300,120,80,7,5,3,1,2,2,1,2,1,4,0,256.6,99.5,Pinnate,Intermediate,Temperate,Very High,High
300,200,80,120,5,7,1,3,2,2,2,1,4,1,0,236.8,97.6,Cordate,Intermediate,Temperate,Very High,High
200,300,120,80,7,5,3,1,2,2,1,2,1,4,0,246.3,96.7,Intermediate,Yellow,Temperate,Very High,High
300,200,80,120,5,7,1,3,2,2,2,1,4,1,0,257.2,95.3,Intermediate,Pink,Temperate,Very High,High
200,300,120,80,7,5,3,1,2,2,1,2,1,4,0,264.0,101.6,Cordate,Pink,Temperate,Very High,High
300,200,80,120,5,7,1,3,2,2,2,1,4,1,0,244.6,97.8,Cordate,Yellow,Temperate,Very High,High
200,300,120,80,7,5,3,1,2,2,1,2,1,4,0,250.6,104.8,Pinnate,Yellow,Temperate,Very High,High
300,200,80,120,5,7,1,3,2,2,2,1,4,1,0,241.1,107.0,Cordate,Intermediate,Temperate,Very High,High
200,300,120,80,7,5,3,1,2,2,1,2,1,4,0,259.2,101.9,Intermediate,Intermediate,Temperate,Very High,High
300,200,80,120,5,7,1,3,2,2,2,1,4,1,0,253.8,85.2,Cordate,Pink,Temperate,Very High,High
200,300,120,80,7,5,3,1,2,2,1,2,1,4,0,250.9,109.6,Pinnate,Intermediate,Temperate,Very High,High
300,200,80,120,5,7,1,3,2,2,2,1,4,1,0,253.2,99.6,Intermediate,Pink,Temperate,Very High,High
200,300,120,80,7,5,3,1,2,2,1,2,1,4,0,251.7,98.5,Intermediate,Pink,Temperate,Very High,High
300,200,80,120,5,7,1,3,2,2,2,1,4,1,0,260.0,97.2,Intermediate,Yellow,Temperate,Very High,High
200,300,120,130,7,0,3,1,2,2,1,3,1,3,0,248.6,125.7,Ovate,Intermediate,Temperate,Very High,High
300,200,130,120,0,7,1,3,2,2,3,1,3,1,0,244.2,110.6,Intermediate,Intermediate,Temperate,Very High,High
200,300,120,130,7,0,3,1,2,2,1,3,1,3,0,252.0,119.9,Intermediate,Intermediate,Temperate,Very High,High
300,200,130,120,0,7,1,3,2,2,3,1,3,1,0,257.3,133.4,Intermediate,Pink,Temperate,Very High,High
200,300,120,130,7,0,3,1,2,2,1,3,1,3,0,235.5,133.1,Ovate,Intermediate,Temperate,Very High,High
300,200,130,120,0,7,1,3,2,2,3,1,3,1,0,263.9,138.6,Ovate,Yellow,Temperate,Very High,High
200,300,120,130,7,0,3,1,2,2,1,3,1,3,0,231.4,132.1,Pinnate,Intermediate,Temperate,Very High,High
300,200,130,120,0,7,1,3,2,2,3,1,3,1,0,246.7,120.9,Pinnate,Yellow,Temperate,Very High,High
200,300,120,130,7,0,3,1,2,2,1,3,1,3,0,237.1,123.4,Intermediate,Pink,Temperate,Very High,High
300,200,130,120,0,7,1,3,2,2,3,1,3,1,0,229.3,116.9,Pinnate,Intermediate,Temperate,Very High,High
200,300,120,130,7,0,3,1,2,2,1,3,1,3,0,270.3,125.7,Intermediate,Intermediate,Temperate,Very High,High
300,200,130,120,0,7,1,3,2,2,3,1,3,1,0,251.2,118.7,Intermediate,Intermediate,Temperate,Very High,High
200,300,120,130,7,0,3,1,2,2,1,3,1,3,0,241.1,123.8,Intermediate,Pink,Temperate,Very High,High
300,200,130,120,0,7,1,3,2,2,3,1,3,1,0,243.4,126.3,Intermediate,Yellow,Temperate,Very High,High
200,300,120,130,7,0,3,1,2,2,1,3,1,3,0,228.7,117.3,Intermediate,Intermediate,Temperate,Very High,High
300,200,130,120,0,7,1,3,2,2,3,1,3,1,0,236.0,133.7,Pinnate,Yellow,Temperate,Very High,High
200,120,120,120,7,3,3,0,2,0,1,1,1,4,0,150.1,126.5,Linear,Intermediate,Temperate,Moderate,High
120,200,120,120,3,7,0,3,0,2,1,1,4,1,0,160.0,115.3,Linear,Intermediate,Temperate,Moderate,High
200,120,120,120,7,3,3,0,2,0,1,1,1,4,0,161.6,107.4,Intermediate,Intermediate,Tropical,Moderate,High
120,200,120,120,3,7,0,3,0,2,1,1,4,1,0,176.5,115.2,Intermediate,White,Temperate,Moderate,High
200,120,120,120,7,3,3,0,2,0,1,1,1,4,0,150.0,124.3,Pinnate,Intermediate,Tropical,Moderate,High
120,200,120,120,3,7,0,3,0,2,1,1,4,1,0,162.9,116.6,Pinnate,White,Tropical,Moderate,High
200,120,120,120,7,3,3,0,2,0,1,1,1,4,0,156.7,110.7,Intermediate,Intermediate,Temperate,Moderate,High
120,200,120,120,3,7,0,3,0,2,1,1,4,1,0,161.5,113.0,Pinnate,Intermediate,Tropical,Moderate,High
200,120,120,120,7,3,3,0,2,0,1,1,1,4,0,141.2,120.1,Linear,Intermediate,Temperate,Moderate,High
120,200,120,120,3,7,0,3,0,2,1,1,4,1,0,162.5,121.8,Linear,Intermediate,Tropical,Moderate,High
200,120,120,120,7,3,3,0,2,0,1,1,1,4,0,158.2,125.3,Linear,Pink,Temperate,Moderate,High
120,200,120,120,3,7,0,3,0,2,1,1,4,1,0,165.3,124.7,Pinnate,Intermediate,Temperate,Moderate,High
200,120,120,120,7,3,3,0,2,0,1,1,1,4,0,159.6,112.0,Linear,Intermediate,Temperate,Moderate,High
120,200,120,120,3,7,0,3,0,2,1,1,4,1,0,161.0,117.0,Linear,Intermediate,Temperate,Moderate,High
200,120,120,120,7,3,3,0,2,0,1,1,1,4,0,176.4,116.7,Intermediate,Intermediate,Temperate,Moderate,High
120,200,120,120,3,7,0,3,0,2,1,1,4,1,0,159.2,115.1,Intermediate,Intermediate,Tropical,Moderate,High
200,100,120,110,7,3,3,0,2,0,1,2,1,3,0,134.0,111.9,Linear,Pink,Temperate,Very High,High
100,200,110,120,3,7,0,3,0,2,2,1,3,1,0,157.7,113.4,Intermediate,White,Tropical,Very High,High
200,100,120,110,7,3,3,0,2,0,1,2,1,3,0,144.0,110.9,Intermediate,Pink,Temperate,Very High,High
100,200,110,120,3,7,0,3,0,2,2,1,3,1,0,148.7,126.7,Linear,Pink,Tropical,Very High,High
200,100,120,110,7,3,3,0,2,0,1,2,1,3,0,138.8,126.5,Pinnate,Pink,Temperate,Very High,High
100,200,110,120,3,7,0,3,0,2,2,1,3,1,0,145.9,117.0,Linear,White,Temperate,Very High,High
200,100,120,110,7,3,3,0,2,0,1,2,1,3,0,164.1,107.2,Intermediate,White,Tropical,Very High,High
100,200,110,120,3,7,0,3,0,2,2,1,3,1,0,145.8,117.2,Linear,Pink,Tropical,Very High,High
200,100,120,110,7,3,3,0,2,0,1,2,1,3,0,155.9,103.6,Intermediate,Intermediate,Tropical,Very High,High
100,200,110,120,3,7,0,3,0,2,2,1,3,1,0,151.6,120.5,Linear,Intermediate,Tropical,Very High,High
200,100,120,110,7,3,3,0,2,0,1,2,1,3,0,143.6,118.7,Pinnate,Intermediate,Temperate,Very High,High
100,200,110,120,3,7,0,3,0,2,2,1,3,1,0,156.2,117.3,Intermediate,White,Tropical,Very High,High
200,100,120,110,7,3,3,0,2,0,1,2,1,3,0,149.1,121.0,Intermediate,White,Temperate,Very High,High
100,200,110,120,3,7,0,3,0,2,2,1,3,1,0,166.7,117.7,Linear,White,Tropical,Very High,High
200,100,120,110,7,3,3,0,2,0,1,2,1,3,0,136.4,119.9,Intermediate,Pink,Tropical,Very High,High
100,200,110,120,3,7,0,3,0,2,2,1,3,1,0,146.1,118.3,Pinnate,White,Tropical,Very High,High
200,90,120,100,7,3,3,0,2,2,1,1,1,4,0,142.3,100.9,Pinnate,Intermediate,Temperate,Moderate,High
90,200,100,120,3,7,0,3,2,2,1,1,4,1,0,149.3,103.2,Intermediate,Intermediate,Temperate,Moderate,High
200,90,120,100,7,3,3,0,2,2,1,1,1,4,0,155.6,119.9,Pinnate,Pink,Temperate,Moderate,High
90,200,100,120,3,7,0,3,2,2,1,1,4,1,0,143.1,104.4,Intermediate,Intermediate,Temperate,Moderate,High
200,90,120,100,7,3,3,0,2,2,1,1,1,4,0,152.5,114.8,Linear,Intermediate,Temperate,Moderate,High
90,200,100,120,3,7,0,3,2,2,1,1,4,1,0,142.9,115.4,Linear,Intermediate,Temperate,Moderate,High
200,90,120,100,7,3,3,0,2,2,1,1,1,4,0,146.6,114.3,Intermediate,Intermediate,Temperate,Moderate,High
90,200,100,120,3,7,0,3,2,2,1,1,4,1,0,149.4,107.9,Intermediate,Intermediate,Temperate,Moderate,High
200,90,120,100,7,3,3,0,2,2,1,1,1,4,0,126.1,110.8,Linear,White,Temperate,Moderate,High
90,200,100,120,3,7,0,3,2,2,1,1,4,1,0,149.7,110.9,Pinnate,Intermediate,Temperate,Moderate,High
200,90,120,100,7,3,3,0,2,2,1,1,1,4,0,141.3,102.4,Intermediate,Intermediate,Temperate,Moderate,High
90,200,100,120,3,7,0,3,2,2,1,1,4,1,0,146.9,113.3,Pinnate,Pink,Temperate,Moderate,High
200,90,120,100,7,3,3,0,2,2,1,1,1,4,0,143.4,125.7,Intermediate,Intermediate,Temperate,Moderate,High
90,200,100,120,3,7,0,3,2,2,1,1,4,1,0,139.9,112.1,Intermediate,Intermediate,Temperate,Moderate,High
200,90,120,100,7,3,3,0,2,2,1,1,1,4,0,145.0,122.1,Intermediate,Pink,Temperate,Moderate,High
90,200,100,120,3,7,0,3,2,2,1,1,4,1,0,130.6,111.2,Intermediate,Intermediate,Temperate,Moderate,High
200,100,120,110,7,3,3,0,2,3,1,2,1,3,0,150.6,117.8,Intermediate,Pink,Mediterranean,Very High,High
100,200,110,120,3,7,0,3,3,2,2,1,3,1,0,155.0,122.1,Linear,Intermediate,Mediterranean,Very High,High
200,100,120,110,7,3,3,0,2,3,1,2,1,3,0,149.7,109.4,Intermediate,Pink,Mediterranean,Very High,High
100,200,110,120,3,7,0,3,3,2,2,1,3,1,0,153.7,113.8,Intermediate,Pink,Temperate,Very High,High
200,100,120,110,7,3,3,0,2,3,1,2,1,3,0,160.4,114.7,Intermediate,Intermediate,Mediterranean,Very High,High
100,200,110,120,3,7,0,3,3,2,2,1,3,1,0,157.8,119.3,Pinnate,Intermediate,Temperate,Very High,High
200,100,120,110,7,3,3,0,2,3,1,2,1,3,0,153.3,110.8,Linear,Intermediate,Temperate,Very High,High
100,200,110,120,3,7,0,3,3,2,2,1,3,1,0,148.2,108.3,Pinnate,Intermediate,Temperate,Very High,High
200,100,120,110,7,3,3,0,2,3,1,2,1,3,0,149.3,103.3,Pinnate,Pink,Temperate,Very High,High
100,200,110,120,3,7,0,3,3,2,2,1,3,1,0,165.8,119.3,Intermediate,White,Mediterranean,Very High,High
200,100,120,110,7,3,3,0,2,3,1,2,1,3,0,162.0,116.4,Pinnate,White,Temperate,Very High,High
100,200,110,120,3,7,0,3,3,2,2,1,3,1,0,164.4,120.5,Intermediate,Intermediate,Temperate,Very High,High
200,100,120,110,7,3,3,0,2,3,1,2,1,3,0,150.2,108.2,Linear,Pink,Temperate,Very High,High
100,200,110,120,3,7,0,3,3,2,2,1,3,1,0,148.7,103.6,Linear,White,Mediterranean,Very High,High
200,100,120,110,7,3,3,0,2,3,1,2,1,3,0,150.2,118.9,Linear,Pink,Temperate,Very High,High
100,200,110,120,3,7,0,3,3,2,2,1,3,1,0,144.1,115.9,Intermediate,Intermediate,Temperate,Very High,High
200,200,120,55,7,4,3,1,2,9,1,1,1,3,0,205.3,83.1,Palmate,Yellow,Tropical/Temperate,Moderate,High
200,200,55,120,4,7,1,3,9,2,1,1,3,1,0,205.1,97.4,Intermediate,Yellow,Tropical/Temperate,Moderate,High
200,200,120,55,7,4,3,1,2,9,1,1,1,3,0,205.2,86.9,Pinnate,Pink,Temperate,Moderate,High
200,200,55,120,4,7,1,3,9,2,1,1,3,1,0,196.0,86.3,Intermediate,Yellow,Temperate,Moderate,High
200,200,120,55,7,4,3,1,2,9,1,1,1,3,0,188.9,89.7,Intermediate,Intermediate,Temperate,Moderate,High
200,200,55,120,4,7,1,3,9,2,1,1,3,1,0,201.2,85.3,Intermediate,Yellow,Temperate,Moderate,High
200,200,120,55,7,4,3,1,2,9,1,1,1,3,0,200.7,84.9,Intermediate,Yellow,Tropical/Temperate,Moderate,High
200,200,55,120,4,7,1,3,9,2,1,1,3,1,0,214.6,87.4,Intermediate,Pink,Temperate,Moderate,High
200,200,120,55,7,4,3,1,2,9,1,1,1,3,0,193.5,88.9,Intermediate,Pink,Tropical/Temperate,Moderate,High
200,200,55,120,4,7,1,3,9,2,1,1,3,1,0,193.4,91.7,Intermediate,Intermediate,Tropical/Temperate,Moderate,High
200,200,120,55,7,4,3,1,2,9,1,1,1,3,0,200.0,94.6,Pinnate,Yellow,Tropical/Temperate,Moderate,High
200,200,55,120,4,7,1,3,9,2,1,1,3,1,0,206.8,87.1,Palmate,Intermediate,Temperate,Moderate,High
200,200,120,55,7,4,3,1,2,9,1,1,1,3,0,192.7,83.6,Intermediate,Intermediate,Tropical/Temperate,Moderate,High
200,200,55,120,4,7,1,3,9,2,1,1,3,1,0,200.3,90.6,Palmate,Pink,Tropical/Temperate,Moderate,High
200,200,120,55,7,4,3,1,2,9,1,1,1,3,0,199.8,86.3,Intermediate,Intermediate,Temperate,Moderate,High
200,200,55,120,4,7,1,3,9,2,1,1,3,1,0,203.3,82.6,Intermediate,Intermediate,Temperate,Moderate,High
200,150,120,75,7,4,3,1,2,4,1,1,1,3,0,163.6,99.7,Intermediate,Intermediate,Arid,Moderate,High
150,200,75,120,4,7,1,3,4,2,1,1,3,1,0,188.5,99.4,Pinnate,Intermediate,Arid,Moderate,High
200,150,120,75,7,4,3,1,2,4,1,1,1,3,0,175.2,96.5,Pinnate,Yellow,Arid,Moderate,High
150,200,75,120,4,7,1,3,4,2,1,1,3,1,0,159.9,93.8,Intermediate,Pink,Arid,Moderate,High
200,150,120,75,7,4,3,1,2,4,1,1,1,3,0,182.8,106.3,Palmate,Pink,Temperate,Moderate,High
150,200,75,120,4,7,1,3,4,2,1,1,3,1,0,176.5,96.8,Pinnate,Pink,Temperate,Moderate,High
200,150,120,75,7,4,3,1,2,4,1,1,1,3,0,165.7,100.6,Pinnate,Intermediate,Arid,Moderate,High
150,200,75,120,4,7,1,3,4,2,1,1,3,1,0,178.2,104.4,Pinnate,Pink,Arid,Moderate,High
200,150,120,75,7,4,3,1,2,4,1,1,1,3,0,169.8,95.6,Palmate,Intermediate,Arid,Moderate,High
150,200,75,120,4,7,1,3,4,2,1,1,3,1,0,171.1,98.7,Palmate,Intermediate,Arid,Moderate,High
200,150,120,75,7,4,3,1,2,4,1,1,1,3,0,164.9,99.0,Pinnate,Intermediate,Temperate,Moderate,High
150,200,75,120,4,7,1,3,4,2,1,1,3,1,0,192.6,100.1,Intermediate,Pink,Arid,Moderate,High
200,150,120,75,7,4,3,1,2,4,1,1,1,3,0,163.1,100.1,Pinnate,Pink,Arid,Moderate,High
150,200,75,120,4,7,1,3,4,2,1,1,3,1,0,179.4,91.6,Intermediate,Intermediate,Temperate,Moderate,High
200,150,120,75,7,4,3,1,2,4,1,1,1,3,0,179.7,99.6,Intermediate,Intermediate,Arid,Moderate,High
150,200,75,120,4,7,1,3,4,2,1,1,3,1,0,173.6,96.5,Palmate,Intermediate,Temperate,Moderate,High
200,60,120,60,7,0,3,0,2,2,1,1,1,3,0,123.3,87.2,Ovate,White,Temperate,Moderate,High
60,200,60,120,0,7,0,3,2,2,1,1,3,1,0,135.1,93.8,Intermediate,White,Temperate,Moderate,High
200,60,120,60,7,0,3,0,2,2,1,1,1,3,0,128.5,93.6,Pinnate,Intermediate,Temperate,Moderate,High
60,200,60,120,0,7,0,3,2,2,1,1,3,1,0,127.4,92.3,Pinnate,Intermediate,Temperate,Moderate,High
200,60,120,60,7,0,3,0,2,2,1,1,1,3,0,125.6,93.7,Intermediate,Intermediate,Temperate,Moderate,High
60,200,60,120,0,7,0,3,2,2,1,1,3,1,0,125.5,83.6,Ovate,Pink,Temperate,Moderate,High
200,60,120,60,7,0,3,0,2,2,1,1,1,3,0,126.5,89.2,Intermediate,Pink,Temperate,Moderate,High
60,200,60,120,0,7,0,3,2,2,1,1,3,1,0,128.1,88.7,Intermediate,Pink,Temperate,Moderate,High
200,60,120,60,7,0,3,0,2,2,1,1,1,3,0,131.6,89.0,Pinnate,Pink,Temperate,Moderate,High
60,200,60,120,0,7,0,3,2,2,1,1,3,1,0,133.5,83.1,Ovate,White,Temperate,Moderate,High
200,60,120,60,7,0,3,0,2,2,1,1,1,3,0,124.2,84.1,Intermediate,Intermediate,Temperate,Moderate,High
60,200,60,120,0,7,0,3,2,2,1,1,3,1,0,128.4,88.3,Ovate,Intermediate,Temperate,Moderate,High
200,60,120,60,7,0,3,0,2,2,1,1,1,3,0,124.1,86.3,Ovate,Intermediate,Temperate,Moderate,High
60,200,60,120,0,7,0,3,2,2,1,1,3,1,0,139.4,86.2,Intermediate,Intermediate,Temperate,Moderate,High
200,60,120,60,7,0,3,0,2,2,1,1,1,3,0,130.5,99.8,Ovate,White,Temperate,Moderate,High
60,200,60,120,0,7,0,3,2,2,1,1,3,1,0,127.3,96.7,Intermediate,White,Temperate,Moderate,High
200,180,120,80,7,0,3,0,2,0,1,2,1,3,0,187.9,104.1,Intermediate,Intermediate,Temperate,Very High,High
180,200,80,120,0,7,0,3,0,2,2,1,3,1,0,203.2,102.6,Intermediate,Intermediate,Temperate,Very High,High
200,180,120,80,7,0,3,0,2,0,1,2,1,3,0,186.6,98.0,Pinnate,White,Tropical,Very High,High
180,200,80,120,0,7,0,3,0,2,2,1,3,1,0,202.8,100.2,Intermediate,Intermediate,Tropical,Very High,High
200,180,120,80,7,0,3,0,2,0,1,2,1,3,0,172.3,99.5,Intermediate,Intermediate,Tropical,Very High,High
180,200,80,120,0,7,0,3,0,2,2,1,3,1,0,184.3,112.3,Ovate,Pink,Temperate,Very High,High
200,180,120,80,7,0,3,0,2,0,1,2,1,3,0,177.8,108.4,Ovate,Pink,Temperate,Very High,High
180,200,80,120,0,7,0,3,0,2,2,1,3,1,0,181.6,96.1,Pinnate,White,Temperate,Very High,High
200,180,120,80,7,0,3,0,2,0,1,2,1,3,0,203.1,99.2,Intermediate,Pink,Tropical,Very High,High
180,200,80,120,0,7,0,3,0,2,2,1,3,1,0,180.3,96.3,Ovate,Intermediate,Tropical,Very High,High
200,180,120,80,7,0,3,0,2,0,1,2,1,3,0,190.7,100.5,Intermediate,Intermediate,Temperate,Very High,High
180,200,80,120,0,7,0,3,0,2,2,1,3,1,0,180.3,101.1,Ovate,Intermediate,Tropical,Very High,High
200,180,120,80,7,0,3,0,2,0,1,2,1,3,0,197.3,102.3,Pinnate,Pink,Tropical,Very High,High
180,200,80,120,0,7,0,3,0,2,2,1,3,1,0,179.3,103.3,Intermediate,White,Temperate,Very High,High
200,180,120,80,7,0,3,0,2,0,1,2,1,3,0,190.6,107.6,Intermediate,Intermediate,Temperate,Very High,High
180,200,80,120,0,7,0,3,0,2,2,1,3,1,0,195.2,109.8,Intermediate,Pink,Tropical,Very High,High
200,100,120,95,7,0,3,2,2,2,1,2,1,4,0,150.5,112.9,Intermediate,Intermediate,Temperate,Very High,High
100,200,95,120,0,7,2,3,2,2,2,1,4,1,0,143.5,117.2,Ovate,Intermediate,Temperate,Very High,High
200,100,120,95,7,0,3,2,2,2,1,2,1,4,0,153.0,119.4,Intermediate,Intermediate,Temperate,Very High,High
100,200,95,120,0,7,2,3,2,2,2,1,4,1,0,151.0,120.2,Intermediate,Intermediate,Temperate,Very High,High
200,100,120,95,7,0,3,2,2,2,1,2,1,4,0,130.6,116.2,Pinnate,Purple,Temperate,Very High,High
100,200,95,120,0,7,2,3,2,2,2,1,4,1,0,157.3,115.9,Intermediate,Intermediate,Temperate,Very High,High
200,100,120,95,7,0,3,2,2,2,1,2,1,4,0,142.6,121.7,Pinnate,Intermediate,Temperate,Very High,High
100,200,95,120,0,7,2,3,2,2,2,1,4,1,0,160.5,107.4,Intermediate,Purple,Temperate,Very High,High
200,100,120,95,7,0,3,2,2,2,1,2,1,4,0,162.1,117.5,Intermediate,Intermediate,Temperate,Very High,High
100,200,95,120,0,7,2,3,2,2,2,1,4,1,0,157.3,97.4,Intermediate,Intermediate,Temperate,Very High,High
200,100,120,95,7,0,3,2,2,2,1,2,1,4,0,152.7,100.4,Intermediate,Intermediate,Temperate,Very High,High
100,200,95,120,0,7,2,3,2,2,2,1,4,1,0,147.6,108.4,Pinnate,Purple,Temperate,Very High,High
200,100,120,95,7,0,3,2,2,2,1,2,1,4,0,143.0,106.5,Intermediate,Pink,Temperate,Very High,High
100,200,95,120,0,7,2,3,2,2,2,1,4,1,0,166.9,112.8,Intermediate,Purple,Temperate,Very High,High
200,100,120,95,7,0,3,2,2,2,1,2,1,4,0,146.4,105.3,Ovate,Intermediate,Temperate,Very High,High
100,200,95,120,0,7,2,3,2,2,2,1,4,1,0,148.4,106.1,Intermediate,Purple,Temperate,Very High,High
200,50,120,130,7,9,3,1,2,8,1,1,1,3,0,128.8,141.0,Compound,Yellow,Tropical/Subtropical,Moderate,High
50,200,130,120,9,7,1,3,8,2,1,1,3,1,0,126.7,127.7,Intermediate,Intermediate,Temperate,Moderate,High
200,50,120,130,7,9,3,1,2,8,1,1,1,3,0,130.2,122.3,Compound,Yellow,Temperate,Moderate,High
50,200,130,120,9,7,1,3,8,2,1,1,3,1,0,119.6,117.7,Pinnate,Pink,Temperate,Moderate,High
200,50,120,130,7,9,3,1,2,8,1,1,1,3,0,125.4,117.6,Intermediate,Pink,Tropical/Subtropical,Moderate,High
50,200,130,120,9,7,1,3,8,2,1,1,3,1,0,127.9,131.1,Intermediate,Intermediate,Tropical/Subtropical,Moderate,High
200,50,120,130,7,9,3,1,2,8,1,1,1,3,0,115.9,125.2,Intermediate,Intermediate,Tropical/Subtropical,Moderate,High
50,200,130,120,9,7,1,3,8,2,1,1,3,1,0,118.8,122.3,Intermediate,Yellow,Tropical/Subtropical,Moderate,High
200,50,120,130,7,9,3,1,2,8,1,1,1,3,0,132.9,118.7,Pinnate,Yellow,Tropical/Subtropical,Moderate,High
50,200,130,120,9,7,1,3,8,2,1,1,3,1,0,132.0,134.3,Intermediate,Intermediate,Tropical/Subtropical,Moderate,High
200,50,120,130,7,9,3,1,2,8,1,1,1,3,0,128.6,123.4,Compound,Yellow,Temperate,Moderate,High
50,200,130,120,9,7,1,3,8,2,1,1,3,1,0,118.2,142.6,Intermediate,Pink,Tropical/Subtropical,Moderate,High
200,50,120,130,7,9,3,1,2,8,1,1,1,3,0,116.0,124.7,Compound,Pink,Temperate,Moderate,High
50,200,130,120,9,7,1,3,8,2,1,1,3,1,0,134.1,115.6,Intermediate,Intermediate,Temperate,Moderate,High
200,50,120,130,7,9,3,1,2,8,1,1,1,3,0,121.6,126.6,Intermediate,Intermediate,Tropical/Subtropical,Moderate,High
50,200,130,120,9,7,1,3,8,2,1,1,3,1,0,131.5,118.2,Intermediate,Intermediate,Tropical/Subtropical,Moderate,High
200,70,120,90,7,7,3,0,2,6,1,1,1,4,0,135.9,115.8,Pinnate,Intermediate,Cool Temperate,Moderate,High
70,200,90,120,7,7,0,3,6,2,1,1,4,1,0,138.6,109.1,Pinnate,White,Temperate,Moderate,High
200,70,120,90,7,7,3,0,2,6,1,1,1,4,0,137.0,105.9,Pinnate,Pink,Cool Temperate,Moderate,High
70,200,90,120,7,7,0,3,6,2,1,1,4,1,0,127.0,103.3,Pinnate,Pink,Cool Temperate,Moderate,High
200,70,120,90,7,7,3,0,2,6,1,1,1,4,0,122.8,106.7,Pinnate,Pink,Temperate,Moderate,High
70,200,90,120,7,7,0,3,6,2,1,1,4,1,0,132.6,105.5,Pinnate,Intermediate,Temperate,Moderate,High
200,70,120,90,7,7,3,0,2,6,1,1,1,4,0,133.8,102.8,Pinnate,Intermediate,Cool Temperate,Moderate,High
70,200,90,120,7,7,0,3,6,2,1,1,4,1,0,142.2,106.9,Pinnate,Intermediate,Cool Temperate,Moderate,High
200,70,120,90,7,7,3,0,2,6,1,1,1,4,0,133.3,96.1,Pinnate,Pink,Cool Temperate,Moderate,High
70,200,90,120,7,7,0,3,6,2,1,1,4,1,0,135.5,99.0,Pinnate,White,Cool Temperate,Moderate,High
200,70,120,90,7,7,3,0,2,6,1,1,1,4,0,133.5,109.0,Pinnate,White,Cool Temperate,Moderate,High
70,200,90,120,7,7,0,3,6,2,1,1,4,1,0,131.0,106.5,Pinnate,Pink,Temperate,Moderate,High
200,70,120,90,7,7,3,0,2,6,1,1,1,4,0,141.3,100.7,Pinnate,Pink,Temperate,Moderate,High
70,200,90,120,7,7,0,3,6,2,1,1,4,1,0,134.9,100.1,Pinnate,Intermediate,Cool Temperate,Moderate,High
200,70,120,90,7,7,3,0,2,6,1,1,1,4,0,133.1,108.5,Pinnate,Intermediate,Cool Temperate,Moderate,High
70,200,90,120,7,7,0,3,6,2,1,1,4,1,0,135.2,104.3,Pinnate,Intermediate,Cool Temperate,Moderate,High
200,30,120,100,7,5,3,2,2,8,1,2,1,3,0,109.9,115.8,Cordate,Intermediate,Tropical/Subtropical,Very High,High
30,200,100,120,5,7,2,3,8,2,2,1,3,1,0,118.5,101.9,Pinnate,Purple,Tropical/Subtropical,Very High,High
200,30,120,100,7,5,3,2,2,8,1,2,1,3,0,108.3,103.3,Intermediate,Intermediate,Temperate,Very High,High
30,200,100,120,5,7,2,3,8,2,2,1,3,1,0,108.3,106.1,Intermediate,Intermediate,Tropical/Subtropical,Very High,High
200,30,120,100,7,5,3,2,2,8,1,2,1,3,0,120.3,108.3,Intermediate,Pink,Tropical/Subtropical,Very High,High
30,200,100,120,5,7,2,3,8,2,2,1,3,1,0,118.4,114.8,Intermediate,Intermediate,Tropical/Subtropical,Very High,High
200,30,120,100,7,5,3,2,2,8,1,2,1,3,0,122.5,109.6,Cordate,Intermediate,Temperate,Very High,High
30,200,100,120,5,7,2,3,8,2,2,1,3,1,0,109.2,113.6,Pinnate,Intermediate,Tropical/Subtropical,Very High,High
200,30,120,100,7,5,3,2,2,8,1,2,1,3,0,109.3,114.8,Intermediate,Intermediate,Tropical/Subtropical,Very High,High
30,200,100,120,5,7,2,3,8,2,2,1,3,1,0,119.7,116.3,Pinnate,Intermediate,Tropical/Subtropical,Very High,High
200,30,120,100,7,5,3,2,2,8,1,2,1,3,0,118.3,115.3,Intermediate,Intermediate,Tropical/Subtropical,Very High,High
30,200,100,120,5,7,2,3,8,2,2,1,3,1,0,111.2,106.1,Intermediate,Purple,Tropical/Subtropical,Very High,High
200,30,120,100,7,5,3,2,2,8,1,2,1,3,0,115.0,104.1,Pinnate,Intermediate,Tropical/Subtropical,Very High,High
30,200,100,120,5,7,2,3,8,2,2,1,3,1,0,120.9,106.6,Intermediate,Intermediate,Tropical/Subtropical,Very High,High
200,30,120,100,7,5,3,2,2,8,1,2,1,3,0,117.6,110.8,Pinnate,Purple,Tropical/Subtropical,Very High,High
30,200,100,120,5,7,2,3,8,2,2,1,3,1,0,118.7,112.8,Cordate,Purple,Tropical/Subtropical,Very High,High
200,300,120,270,7,4,3,0,2,0,1,3,1,4,0,227.8,189.5,Palmate,Intermediate,Temperate,Very High,High
300,200,270,120,4,7,0,3,0,2,3,1,4,1,0,243.3,190.6,Intermediate,Intermediate,Temperate,Very High,High
200,300,120,270,7,4,3,0,2,0,1,3,1,4,0,250.0,198.1,Pinnate,Pink,Tropical,Very High,High
300,200,270,120,4,7,0,3,0,2,3,1,4,1,0,259.4,191.3,Palmate,White,Temperate,Very High,High
200,300,120,270,7,4,3,0,2,0,1,3,1,4,0,257.3,190.1,Palmate,Pink,Temperate,Very High,High
300,200,270,120,4,7,0,3,0,2,3,1,4,1,0,255.3,197.2,Pinnate,Pink,Tropical,Very High,High
200,300,120,270,7,4,3,0,2,0,1,3,1,4,0,240.6,196.9,Palmate,Intermediate,Temperate,Very High,High
300,200,270,120,4,7,0,3,0,2,3,1,4,1,0,254.1,201.1,Palmate,Intermediate,Tropical,Very High,High
200,300,120,270,7,4,3,0,2,0,1,3,1,4,0,259.2,194.5,Intermediate,White,Tropical,Very High,High
300,200,270,120,4,7,0,3,0,2,3,1,4,1,0,241.3,196.6,Intermediate,Intermediate,Temperate,Very High,High
200,300,120,270,7,4,3,0,2,0,1,3,1,4,0,250.3,204.0,Intermediate,Pink,Tropical,Very High,High
300,200,270,120,4,7,0,3,0,2,3,1,4,1,0,245.9,195.4,Intermediate,Pink,Tropical,Very High,High
200,300,120,270,7,4,3,0,2,0,1,3,1,4,0,270.5,188.5,Intermediate,Intermediate,Temperate,Very High,High
300,200,270,120,4,7,0,3,0,2,3,1,4,1,0,228.7,190.1,Intermediate,White,Temperate,Very High,High
200,300,120,270,7,4,3,0,2,0,1,3,1,4,0,234.1,193.0,Pinnate,Pink,Tropical,Very High,High
300,200,270,120,4,7,0,3,0,2,3,1,4,1,0,262.0,177.8,Palmate,Pink,Tropical,Very High,High
200,50,120,70,7,6,3,1,2,6,1,1,1,3,0,133.1,92.5,Pinnate,Intermediate,Cool Temperate,Moderate,High
50,200,70,120,6,7,1,3,6,2,1,1,3,1,0,126.1,93.1,Intermediate,Intermediate,Temperate,Moderate,High
200,50,120,70,7,6,3,1,2,6,1,1,1,3,0,125.2,84.9,Intermediate,Pink,Cool Temperate,Moderate,High
50,200,70,120,6,7,1,3,6,2,1,1,3,1,0,120.0,102.7,Pinnate,Yellow,Cool Temperate,Moderate,High
200,50,120,70,7,6,3,1,2,6,1,1,1,3,0,128.2,98.1,Oblong,Intermediate,Cool Temperate,Moderate,High
50,200,70,120,6,7,1,3,6,2,1,1,3,1,0,129.3,97.0,Intermediate,Yellow,Cool Temperate,Moderate,High
200,50,120,70,7,6,3,1,2,6,1,1,1,3,0,121.8,92.2,Oblong,Intermediate,Temperate,Moderate,High
50,200,70,120,6,7,1,3,6,2,1,1,3,1,0,111.6,98.7,Pinnate,Pink,Temperate,Moderate,High
200,50,120,70,7,6,3,1,2,6,1,1,1,3,0,127.1,94.6,Intermediate,Pink,Cool Temperate,Moderate,High
50,200,70,120,6,7,1,3,6,2,1,1,3,1,0,119.7,97.7,Pinnate,Intermediate,Cool Temperate,Moderate,High
200,50,120,70,7,6,3,1,2,6,1,1,1,3,0,116.9,95.6,Intermediate,Yellow,Temperate,Moderate,High
50,200,70,120,6,7,1,3,6,2,1,1,3,1,0,123.3,97.0,Intermediate,Pink,Cool Temperate,Moderate,High
200,50,120,70,7,6,3,1,2,6,1,1,1,3,0,116.9,102.2,Intermediate,Intermediate,Cool Temperate,Moderate,High
50,200,70,120,6,7,1,3,6,2,1,1,3,1,0,134.8,96.9,Intermediate,Yellow,Cool Temperate,Moderate,High
200,50,120,70,7,6,3,1,2,6,1,1,1,3,0,121.6,95.4,Intermediate,Intermediate,Cool Temperate,Moderate,High
50,200,70,120,6,7,1,3,6,2,1,1,3,1,0,130.3,98.9,Intermediate,Yellow,Cool Temperate,Moderate,High
200,130,120,100,7,10,3,1,2,2,1,2,1,4,0,170.1,112.3,Intermediate,Pink,Temperate,Very High,High
130,200,100,120,10,7,1,3,2,2,2,1,4,1,0,177.5,110.0,Intermediate,Yellow,Temperate,Very High,High
200,130,120,100,7,10,3,1,2,2,1,2,1,4,0,164.4,114.2,Pinnate,Intermediate,Temperate,Very High,High
130,200,100,120,10,7,1,3,2,2,2,1,4,1,0,152.3,113.9,Intermediate,Intermediate,Temperate,Very High,High
200,130,120,100,7,10,3,1,2,2,1,2,1,4,0,170.2,91.1,Intermediate,Intermediate,Temperate,Very High,High
130,200,100,120,10,7,1,3,2,2,2,1,4,1,0,179.5,93.4,Intermediate,Pink,Temperate,Very High,High
200,130,120,100,7,10,3,1,2,2,1,2,1,4,0,161.7,113.6,Pinnate,Yellow,Temperate,Very High,High
130,200,100,120,10,7,1,3,2,2,2,1,4,1,0,159.7,116.5,Lobed,Pink,Temperate,Very High,High
200,130,120,100,7,10,3,1,2,2,1,2,1,4,0,165.8,118.7,Intermediate,Pink,Temperate,Very High,High
130,200,100,120,10,7,1,3,2,2,2,1,4,1,0,170.1,112.4,Lobed,Intermediate,Temperate,Very High,High
200,130,120,100,7,10,3,1,2,2,1,2,1,4,0,154.1,101.6,Pinnate,Intermediate,Temperate,Very High,High
130,200,100,120,10,7,1,3,2,2,2,1,4,1,0,162.9,116.9,Intermediate,Pink,Temperate,Very High,High
200,130,120,100,7,10,3,1,2,2,1,2,1,4,0,152.6,108.1,Lobed,Intermediate,Temperate,Very High,High
130,200,100,120,10,7,1,3,2,2,2,1,4,1,0,162.4,108.7,Intermediate,Yellow,Temperate,Very High,High
200,130,120,100,7,10,3,1,2,2,1,2,1,4,0,158.4,112.3,Pinnate,Yellow,Temperate,Very High,High
130,200,100,120,10,7,1,3,2,2,2,1,4,1,0,151.8,101.3,Pinnate,Pink,Temperate,Very High,High
200,150,120,150,7,4,3,0,2,1,1,1,1,3,0,176.5,133.8,Intermediate,Intermediate,Subtropical,Moderate,High
150,200,150,120,4,7,0,3,1,2,1,1,3,1,0,171.6,137.7,Palmate,Pink,Subtropical,Moderate,High
200,150,120,150,7,4,3,0,2,1,1,1,1,3,0,174.9,142.7,Intermediate,Intermediate,Temperate,Moderate,High
150,200,150,120,4,7,0,3,1,2,1,1,3,1,0,178.1,135.9,Palmate,White,Subtropical,Moderate,High
200,150,120,150,7,4,3,0,2,1,1,1,1,3,0,165.6,120.8,Intermediate,Intermediate,Temperate,Moderate,High
150,200,150,120,4,7,0,3,1,2,1,1,3,1,0,170.8,120.5,Intermediate,Intermediate,Subtropical,Moderate,High
200,150,120,150,7,4,3,0,2,1,1,1,1,3,0,172.3,129.1,Intermediate,White,Temperate,Moderate,High
150,200,150,120,4,7,0,3,1,2,1,1,3,1,0,182.0,143.1,Intermediate,Intermediate,Temperate,Moderate,High
200,150,120,150,7,4,3,0,2,1,1,1,1,3,0,171.2,136.6,Palmate,Intermediate,Subtropical,Moderate,High
150,200,150,120,4,7,0,3,1,2,1,1,3,1,0,179.3,134.6,Pinnate,White,Subtropical,Moderate,High
200,150,120,150,7,4,3,0,2,1,1,1,1,3,0,172.1,143.5,Pinnate,White,Temperate,Moderate,High
150,200,150,120,4,7,0,3,1,2,1,1,3,1,0,167.4,134.1,Palmate,Pink,Temperate,Moderate,High
200,150,120,150,7,4,3,0,2,1,1,1,1,3,0,184.0,134.7,Pinnate,Intermediate,Temperate,Moderate,High
150,200,150,120,4,7,0,3,1,2,1,1,3,1,0,184.3,125.9,Intermediate,Pink,Temperate,Moderate,High
200,150,120,150,7,4,3,0,2,1,1,1,1,3,0,178.5,125.7,Intermediate,Intermediate,Temperate,Moderate,High
150,200,150,120,4,7,0,3,1,2,1,1,3,1,0,173.4,137.0,Intermediate,Intermediate,Subtropical,Moderate,High
200,200,120,170,7,4,3,1,2,0,1,2,1,1,0,213.2,146.9,Intermediate,Pink,Temperate,Very High,Moderate
200,200,170,120,4,7,1,3,0,2,2,1,1,1,0,211.7,149.0,Pinnate,Intermediate,Tropical,Very High,Moderate
200,200,120,170,7,4,3,1,2,0,1,2,1,1,0,225.7,150.7,Palmate,Intermediate,Temperate,Very High,Moderate
200,200,170,120,4,7,1,3,0,2,2,1,1,1,0,215.7,139.5,Intermediate,Pink,Tropical,Very High,Moderate
200,200,120,170,7,4,3,1,2,0,1,2,1,1,0,206.5,147.7,Pinnate,Intermediate,Temperate,Very High,Moderate
200,200,170,120,4,7,1,3,0,2,2,1,1,1,0,192.0,138.6,Pinnate,Intermediate,Tropical,Very High,Moderate
200,200,120,170,7,4,3,1,2,0,1,2,1,1,0,210.0,140.2,Intermediate,Intermediate,Tropical,Very High,Moderate
200,200,170,120,4,7,1,3,0,2,2,1,1,1,0,185.1,140.0,Intermediate,Pink,Temperate,Very High,Moderate
200,200,120,170,7,4,3,1,2,0,1,2,1,1,0,187.9,158.5,Pinnate,Pink,Tropical,Very High,Moderate
200,200,170,120,4,7,1,3,0,2,2,1,1,1,0,224.4,138.0,Pinnate,Intermediate,Tropical,Very High,Moderate
200,200,120,170,7,4,3,1,2,0,1,2,1,1,0,204.1,129.8,Intermediate,Intermediate,Tropical,Very High,Moderate
200,200,170,120,4,7,1,3,0,2,2,1,1,1,0,197.6,133.0,Palmate,Pink,Tropical,Very High,Moderate
200,200,120,170,7,4,3,1,2,0,1,2,1,1,0,210.2,145.8,Intermediate,Yellow,Temperate,Very High,Moderate
200,200,170,120,4,7,1,3,0,2,2,1,1,1,0,197.5,149.8,Intermediate,Intermediate,Tropical,Very High,Moderate
200,200,120,170,7,4,3,1,2,0,1,2,1,1,0,202.4,142.6,Intermediate,Intermediate,Temperate,Very High,Moderate
200,200,170,120,4,7,1,3,0,2,2,1,1,1,0,188.9,144.5,Palmate,Intermediate,Temperate,Very High,Moderate
200,180,120,90,7,2,3,3,2,8,1,1,1,3,0,180.2,105.9,Intermediate,Pink,Tropical/Subtropical,Moderate,High
180,200,90,120,2,7,3,3,8,2,1,1,3,1,0,163.2,102.5,Intermediate,Pink,Temperate,Moderate,High
200,180,120,90,7,2,3,3,2,8,1,1,1,3,0,191.2,104.4,Intermediate,Pink,Tropical/Subtropical,Moderate,High
180,200,90,120,2,7,3,3,8,2,1,1,3,1,0,194.1,106.8,Intermediate,Pink,Temperate,Moderate,High
200,180,120,90,7,2,3,3,2,8,1,1,1,3,0,190.8,109.9,Intermediate,Pink,Tropical/Subtropical,Moderate,High
180,200,90,120,2,7,3,3,8,2,1,1,3,1,0,194.2,103.0,Pinnate,Pink,Tropical/Subtropical,Moderate,High
200,180,120,90,7,2,3,3,2,8,1,1,1,3,0,186.5,105.4,Intermediate,Pink,Temperate,Moderate,High
180,200,90,120,2,7,3,3,8,2,1,1,3,1,0,171.7,110.2,Intermediate,Pink,Temperate,Moderate,High
200,180,120,90,7,2,3,3,2,8,1,1,1,3,0,175.6,101.7,Pinnate,Pink,Temperate,Moderate,High
180,200,90,120,2,7,3,3,8,2,1,1,3,1,0,184.9,104.3,Pinnate,Pink,Temperate,Moderate,High
200,180,120,90,7,2,3,3,2,8,1,1,1,3,0,200.5,108.3,Intermediate,Pink,Tropical/Subtropical,Moderate,High
180,200,90,120,2,7,3,3,8,2,1,1,3,1,0,192.8,110.6,Intermediate,Pink,Tropical/Subtropical,Moderate,High
200,180,120,90,7,2,3,3,2,8,1,1,1,3,0,177.8,104.8,Pinnate,Pink,Temperate,Moderate,High
180,200,90,120,2,7,3,3,8,2,1,1,3,1,0,202.6,115.2,Elliptical,Pink,Temperate,Moderate,High
200,180,120,90,7,2,3,3,2,8,1,1,1,3,0,186.9,105.2,Pinnate,Pink,Temperate,Moderate,High
180,200,90,120,2,7,3,3,8,2,1,1,3,1,0,194.3,102.9,Pinnate,Pink,Tropical/Subtropical,Moderate,High
200,100,120,80,7,0,3,1,2,2,1,3,1,1,0,148.6,102.5,Pinnate,Pink,Temperate,Very High,Moderate
100,200,80,120,0,7,1,3,2,2,3,1,1,1,0,156.6,94.7,Intermediate,Intermediate,Temperate,Very High,Moderate
200,100,120,80,7,0,3,1,2,2,1,3,1,1,0,160.9,104.1,Intermediate,Intermediate,Temperate,Very High,Moderate
100,200,80,120,0,7,1,3,2,2,3,1,1,1,0,143.9,98.4,Intermediate,Pink,Temperate,Very High,Moderate
200,100,120,80,7,0,3,1,2,2,1,3,1,1,0,153.8,98.6,Ovate,Pink,Temperate,Very High,Moderate
100,200,80,120,0,7,1,3,2,2,3,1,1,1,0,152.2,93.6,Intermediate,Intermediate,Temperate,Very High,Moderate
200,100,120,80,7,0,3,1,2,2,1,3,1,1,0,161.4,102.7,Ovate,Yellow,Temperate,Very High,Moderate
100,200,80,120,0,7,1,3,2,2,3,1,1,1,0,147.2,101.0,Ovate,Intermediate,Temperate,Very High,Moderate
200,100,120,80,7,0,3,1,2,2,1,3,1,1,0,139.9,100.3,Pinnate,Pink,Temperate,Very High,Moderate
100,200,80,120,0,7,1,3,2,2,3,1,1,1,0,147.4,94.6,Intermediate,Intermediate,Temperate,Very High,Moderate
200,100,120,80,7,0,3,1,2,2,1,3,1,1,0,147.4,99.9,Intermediate,Yellow,Temperate,Very High,Moderate
100,200,80,120,0,7,1,3,2,2,3,1,1,1,0,151.4,98.6,Ovate,Intermediate,Temperate,Very High,Moderate
200,100,120,80,7,0,3,1,2,2,1,3,1,1,0,157.6,103.6,Intermediate,Pink,Temperate,Very High,Moderate
100,200,80,120,0,7,1,3,2,2,3,1,1,1,0,142.1,102.0,Pinnate,Yellow,Temperate,Very High,Moderate
200,100,120,80,7,0,3,1,2,2,1,3,1,1,0,143.0,103.6,Intermediate,Intermediate,Temperate,Very High,Moderate
100,200,80,120,0,7,1,3,2,2,3,1,1,1,0,150.8,94.0,Intermediate,Pink,Temperate,Very High,Moderate
200,300,120,110,7,3,3,0,2,4,1,3,1,3,0,248.7,108.8,Intermediate,Intermediate,Arid,Very High,High
300,200,110,120,3,7,0,3,4,2,3,1,3,1,0,258.8,113.8,Pinnate,Intermediate,Temperate,Very High,High
200,300,120,110,7,3,3,0,2,4,1,3,1,3,0,240.2,109.5,Intermediate,Intermediate,Arid,Very High,High
300,200,110,120,3,7,0,3,4,2,3,1,3,1,0,257.9,114.9,Intermediate,Pink,Arid,Very High,High
200,300,120,110,7,3,3,0,2,4,1,3,1,3,0,259.7,134.6,Pinnate,Intermediate,Arid,Very High,High
300,200,110,120,3,7,0,3,4,2,3,1,3,1,0,239.0,111.8,Pinnate,White,Arid,Very High,High
200,300,120,110,7,3,3,0,2,4,1,3,1,3,0,264.6,121.1,Intermediate,Intermediate,Temperate,Very High,High
300,200,110,120,3,7,0,3,4,2,3,1,3,1,0,270.6,126.2,Linear,Pink,Arid,Very High,High
200,300,120,110,7,3,3,0,2,4,1,3,1,3,0,272.3,118.7,Intermediate,Pink,Arid,Very High,High
300,200,110,120,3,7,0,3,4,2,3,1,3,1,0,239.6,120.3,Linear,Pink,Temperate,Very High,High
200,300,120,110,7,3,3,0,2,4,1,3,1,3,0,254.5,115.7,Linear,White,Temperate,Very High,High
300,200,110,120,3,7,0,3,4,2,3,1,3,1,0,263.0,118.9,Linear,Intermediate,Temperate,Very High,High
200,300,120,110,7,3,3,0,2,4,1,3,1,3,0,237.2,112.7,Pinnate,Pink,Temperate,Very High,High
300,200,110,120,3,7,0,3,4,2,3,1,3,1,0,241.0,119.2,Pinnate,Intermediate,Temperate,Very High,High
200,300,120,110,7,3,3,0,2,4,1,3,1,3,0,260.3,122.6,Intermediate,Intermediate,Arid,Very High,High
300,200,110,120,3,7,0,3,4,2,3,1,3,1,0,220.4,116.8,Intermediate,Intermediate,Temperate,Very High,High
200,250,120,90,7,3,3,2,2,5,1,3,1,1,0,214.2,104.3,Linear,Purple,Temperate,Very High,Moderate
250,200,90,120,3,7,2,3,5,2,3,1,1,1,0,221.8,109.6,Linear,Intermediate,Temperate,Very High,Moderate
200,250,120,90,7,3,3,2,2,5,1,3,1,1,0,218.2,96.6,Intermediate,Purple,Semi-Arid,Very High,Moderate
250,200,90,120,3,7,2,3,5,2,3,1,1,1,0,225.3,112.2,Intermediate,Purple,Semi-Arid,Very High,Moderate
200,250,120,90,7,3,3,2,2,5,1,3,1,1,0,230.9,115.2,Linear,Pink,Semi-Arid,Very High,Moderate
250,200,90,120,3,7,2,3,5,2,3,1,1,1,0,221.3,106.1,Intermediate,Intermediate,Semi-Arid,Very High,Moderate
200,250,120,90,7,3,3,2,2,5,1,3,1,1,0,211.2,99.7,Linear,Intermediate,Temperate,Very High,Moderate
250,200,90,120,3,7,2,3,5,2,3,1,1,1,0,211.8,105.2,Intermediate,Intermediate,Temperate,Very High,Moderate
200,250,120,90,7,3,3,2,2,5,1,3,1,1,0,246.8,107.4,Pinnate,Intermediate,Temperate,Very High,Moderate
250,200,90,120,3,7,2,3,5,2,3,1,1,1,0,226.9,111.2,Intermediate,Purple,Temperate,Very High,Moderate
200,250,120,90,7,3,3,2,2,5,1,3,1,1,0,237.4,113.7,Intermediate,Pink,Semi-Arid,Very High,Moderate
250,200,90,120,3,7,2,3,5,2,3,1,1,1,0,217.5,103.8,Pinnate,Intermediate,Temperate,Very High,Moderate
200,250,120,90,7,3,3,2,2,5,1,3,1,1,0,214.7,105.9,Intermediate,Purple,Temperate,Very High,Moderate
250,200,90,120,3,7,2,3,5,2,3,1,1,1,0,236.9,106.8,Intermediate,Purple,Temperate,Very High,Moderate
200,250,120,90,7,3,3,2,2,5,1,3,1,1,0,221.9,94.8,Linear,Pink,Semi-Arid,Very High,Moderate
250,200,90,120,3,7,2,3,5,2,3,1,1,1,0,212.0,112.5,Intermediate,Pink,Semi-Arid,Very High,Moderate
200,100,120,65,7,7,3,1,2,0,1,2,1,3,0,149.4,92.2,Pinnate,Pink,Tropical,Very High,High
100,200,65,120,7,7,1,3,0,2,2,1,3,1,0,156.8,94.5,Pinnate,Intermediate,Tropical,Very High,High
200,100,120,65,7,7,3,1,2,0,1,2,1,3,0,145.6,89.4,Pinnate,Intermediate,Tropical,Very High,High
100,200,65,120,7,7,1,3,0,2,2,1,3,1,0,139.3,84.1,Pinnate,Intermediate,Tropical,Very High,High
200,100,120,65,7,7,3,1,2,0,1,2,1,3,0,150.0,93.6,Pinnate,Pink,Tropical,Very High,High
100,200,65,120,7,7,1,3,0,2,2,1,3,1,0,147.8,88.5,Pinnate,Intermediate,Tropical,Very High,High
200,100,120,65,7,7,3,1,2,0,1,2,1,3,0,140.4,87.4,Pinnate,Pink,Tropical,Very High,High
100,200,65,120,7,7,1,3,0,2,2,1,3,1,0,149.9,92.5,Pinnate,Intermediate,Tropical,Very High,High
200,100,120,65,7,7,3,1,2,0,1,2,1,3,0,148.0,87.8,Pinnate,Pink,Tropical,Very High,High
100,200,65,120,7,7,1,3,0,2,2,1,3,1,0,164.2,91.4,Pinnate,Yellow,Temperate,Very High,High
200,100,120,65,7,7,3,1,2,0,1,2,1,3,0,150.5,84.0,Pinnate,Intermediate,Tropical,Very High,High
100,200,65,120,7,7,1,3,0,2,2,1,3,1,0,158.0,89.0,Pinnate,Yellow,Tropical,Very High,High
200,100,120,65,7,7,3,1,2,0,1,2,1,3,0,144.1,97.0,Pinnate,Pink,Temperate,Very High,High
100,200,65,120,7,7,1,3,0,2,2,1,3,1,0,144.4,98.3,Pinnate,Intermediate,Tropical,Very High,High
200,100,120,65,7,7,3,1,2,0,1,2,1,3,0,143.8,93.6,Pinnate,Yellow,Temperate,Very High,High
100,200,65,120,7,7,1,3,0,2,2,1,3,1,0,153.3,94.4,Pinnate,Intermediate,Temperate,Very High,High
200,30,120,75,7,7,3,0,2,6,1,1,1,3,0,117.2,100.7,Pinnate,Intermediate,Cool Temperate,Moderate,High
30,200,75,120,7,7,0,3,6,2,1,1,3,1,0,115.9,98.5,Pinnate,Pink,Cool Temperate,Moderate,High
200,30,120,75,7,7,3,0,2,6,1,1,1,3,0,121.1,97.4,Pinnate,Intermediate,Cool Temperate,Moderate,High
30,200,75,120,7,7,0,3,6,2,1,1,3,1,0,122.6,89.4,Pinnate,White,Temperate,Moderate,High
200,30,120,75,7,7,3,0,2,6,1,1,1,3,0,107.8,100.6,Pinnate,Intermediate,Temperate,Moderate,High
30,200,75,120,7,7,0,3,6,2,1,1,3,1,0,106.1,96.9,Pinnate,Intermediate,Cool Temperate,Moderate,High
200,30,120,75,7,7,3,0,2,6,1,1,1,3,0,116.7,111.1,Pinnate,Intermediate,Temperate,Moderate,High
30,200,75,120,7,7,0,3,6,2,1,1,3,1,0,118.1,97.5,Pinnate,Pink,Cool Temperate,Moderate,High
200,30,120,75,7,7,3,0,2,6,1,1,1,3,0,111.4,99.6,Pinnate,Intermediate,Cool Temperate,Moderate,High
30,200,75,120,7,7,0,3,6,2,1,1,3,1,0,119.5,105.0,Pinnate,Pink,Temperate,Moderate,High
200,30,120,75,7,7,3,0,2,6,1,1,1,3,0,109.5,98.2,Pinnate,Intermediate,Temperate,Moderate,High
30,200,75,120,7,7,0,3,6,2,1,1,3,1,0,113.0,93.6,Pinnate,Intermediate,Cool Temperate,Moderate,High
200,30,120,75,7,7,3,0,2,6,1,1,1,3,0,115.5,95.7,Pinnate,Pink,Cool Temperate,Moderate,High
30,200,75,120,7,7,0,3,6,2,1,1,3,1,0,105.4,99.2,Pinnate,White,Cool Temperate,Moderate,High
200,30,120,75,7,7,3,0,2,6,1,1,1,3,0,109.3,96.6,Pinnate,Intermediate,Temperate,Moderate,High
30,200,75,120,7,7,0,3,6,2,1,1,3,1,0,112.6,94.7,Pinnate,Pink,Cool Temperate,Moderate,High
300,300,150,80,7,5,3,1,6,2,2,2,1,4,0,299.0,121.9,Pinnate,Yellow,Temperate,High,High
300,300,80,150,5,7,1,3,2,6,2,2,4,1,0,326.1,112.0,Intermediate,Intermediate,Temperate,High,High
300,300,150,80,7,5,3,1,6,2,2,2,1,4,0,290.0,103.5,Intermediate,Intermediate,Temperate,High,High
300,300,80,150,5,7,1,3,2,6,2,2,4,1,0,299.1,109.0,Intermediate,Yellow,Cool Temperate,High,High
300,300,150,80,7,5,3,1,6,2,2,2,1,4,0,301.2,104.0,Intermediate,Intermediate,Cool Temperate,High,High
300,300,80,150,5,7,1,3,2,6,2,2,4,1,0,289.3,112.6,Cordate,Yellow,Cool Temperate,High,High
300,300,150,80,7,5,3,1,6,2,2,2,1,4,0,294.9,125.7,Intermediate,Yellow,Temperate,High,High
300,300,80,150,5,7,1,3,2,6,2,2,4,1,0,285.1,117.7,Intermediate,Intermediate,Temperate,High,High
300,300,150,80,7,5,3,1,6,2,2,2,1,4,0,315.9,125.1,Intermediate,Yellow,Temperate,High,High
300,300,80,150,5,7,1,3,2,6,2,2,4,1,0,289.1,107.7,Cordate,Intermediate,Temperate,High,High
300,300,150,80,7,5,3,1,6,2,2,2,1,4,0,296.2,114.7,Pinnate,Yellow,Temperate,High,High
300,300,80,150,5,7,1,3,2,6,2,2,4,1,0,291.6,122.4,Pinnate,Yellow,Temperate,High,High
300,300,150,80,7,5,3,1,6,2,2,2,1,4,0,300.2,116.9,Intermediate,Yellow,Temperate,High,High
300,300,80,150,5,7,1,3,2,6,2,2,4,1,0,291.9,109.6,Intermediate,Intermediate,Temperate,High,High
300,300,150,80,7,5,3,1,6,2,2,2,1,4,0,312.9,115.4,Intermediate,Intermediate,Temperate,High,High
300,300,80,150,5,7,1,3,2,6,2,2,4,1,0,298.1,116.2,Intermediate,Intermediate,Cool Temperate,High,High
300,300,150,130,7,0,3,1,6,2,2,3,1,3,0,296.3,130.9,Ovate,Yellow,Cool Temperate,Very High,High
300,300,130,150,0,7,1,3,2,6,3,2,3,1,0,302.4,139.5,Intermediate,Pink,Temperate,Very High,High
300,300,150,130,7,0,3,1,6,2,2,3,1,3,0,282.1,137.3,Intermediate,Intermediate,Cool Temperate,Very High,High
300,300,130,150,0,7,1,3,2,6,3,2,3,1,0,306.8,149.1,Intermediate,Intermediate,Temperate,Very High,High
300,300,150,130,7,0,3,1,6,2,2,3,1,3,0,278.9,144.4,Ovate,Intermediate,Temperate,Very High,High
300,300,130,150,0,7,1,3,2,6,3,2,3,1,0,294.0,139.2,Intermediate,Pink,Cool Temperate,Very High,High
300,300,150,130,7,0,3,1,6,2,2,3,1,3,0,301.4,146.3,Ovate,Yellow,Temperate,Very High,High
300,300,130,150,0,7,1,3,2,6,3,2,3,1,0,292.1,152.4,Intermediate,Pink,Cool Temperate,Very High,High
300,300,150,130,7,0,3,1,6,2,2,3,1,3,0,294.8,156.1,Intermediate,Yellow,Temperate,Very High,High
300,300,130,150,0,7,1,3,2,6,3,2,3,1,0,318.1,147.7,Ovate,Intermediate,Cool Temperate,Very High,High
300,300,150,130,7,0,3,1,6,2,2,3,1,3,0,300.9,138.2,Intermediate,Intermediate,Cool Temperate,Very High,High
300,300,130,150,0,7,1,3,2,6,3,2,3,1,0,318.4,146.0,Intermediate,Intermediate,Temperate,Very High,High
300,300,150,130,7,0,3,1,6,2,2,3,1,3,0,304.6,143.4,Intermediate,Pink,Cool Temperate,Very High,High
300,300,130,150,0,7,1,3,2,6,3,2,3,1,0,308.0,136.6,Intermediate,Intermediate,Cool Temperate,Very High,High
300,300,150,130,7,0,3,1,6,2,2,3,1,3,0,310.1,140.6,Intermediate,Pink,Cool Temperate,Very High,High
300,300,130,150,0,7,1,3,2,6,3,2,3,1,0,315.3,136.4,Ovate,Intermediate,Cool Temperate,Very High,High
300,120,150,120,7,3,3,0,6,0,2,1,1,4,0,200.1,128.8,Intermediate,Pink,Cool Temperate,Very High,High
120,300,120,150,3,7,0,3,0,6,1,2,4,1,0,203.0,135.5,Intermediate,White,Cool Temperate,Very High,High
300,120,150,120,7,3,3,0,6,0,2,1,1,4,0,209.9,122.5,Intermediate,Intermediate,Tropical,Very High,High
120,300,120,150,3,7,0,3,0,6,1,2,4,1,0,238.1,135.5,Intermediate,Pink,Cool Temperate,Very High,High
300,120,150,120,7,3,3,0,6,0,2,1,1,4,0,207.5,139.5,Linear,Intermediate,Cool Temperate,Very High,High
120,300,120,150,3,7,0,3,0,6,1,2,4,1,0,204.5,129.2,Pinnate,Pink,Tropical,Very High,High
300,120,150,120,7,3,3,0,6,0,2,1,1,4,0,198.2,139.0,Intermediate,Pink,Tropical,Very High,High
120,300,120,150,3,7,0,3,0,6,1,2,4,1,0,218.0,127.8,Intermediate,Intermediate,Cool Temperate,Very High,High
300,120,150,120,7,3,3,0,6,0,2,1,1,4,0,213.4,150.3,Linear,Intermediate,Cool Temperate,Very High,High
120,300,120,150,3,7,0,3,0,6,1,2,4,1,0,233.6,139.7,Linear,Intermediate,Cool Temperate,Very High,High
300,120,150,120,7,3,3,0,6,0,2,1,1,4,0,216.2,143.4,Linear,Intermediate,Tropical,Very High,High
120,300,120,150,3,7,0,3,0,6,1,2,4,1,0,200.6,133.8,Intermediate,White,Cool Temperate,Very High,High
300,120,150,120,7,3,3,0,6,0,2,1,1,4,0,206.6,142.7,Intermediate,Intermediate,Tropical,Very High,High
120,300,120,150,3,7,0,3,0,6,1,2,4,1,0,197.8,136.7,Intermediate,Pink,Cool Temperate,Very High,High
300,120,150,120,7,3,3,0,6,0,2,1,1,4,0,215.6,140.9,Linear,White,Tropical,Very High,High
120,300,120,150,3,7,0,3,0,6,1,2,4,1,0,218.1,125.6,Pinnate,White,Cool Temperate,Very High,High
300,100,150,110,7,3,3,0,6,0,2,2,1,3,0,184.3,130.9,Intermediate,Intermediate,Tropical,High,High
100,300,110,150,3,7,0,3,0,6,2,2,3,1,0,188.7,124.0,Intermediate,Intermediate,Cool Temperate,High,High
300,100,150,110,7,3,3,0,6,0,2,2,1,3,0,219.2,130.5,Pinnate,Intermediate,Cool Temperate,High,High
100,300,110,150,3,7,0,3,0,6,2,2,3,1,0,188.3,132.2,Intermediate,White,Tropical,High,High
300,100,150,110,7,3,3,0,6,0,2,2,1,3,0,188.2,119.7,Intermediate,White,Tropical,High,High
100,300,110,150,3,7,0,3,0,6,2,2,3,1,0,197.8,135.2,Pinnate,White,Tropical,High,High
300,100,150,110,7,3,3,0,6,0,2,2,1,3,0,187.5,130.3,Linear,White,Tropical,High,High
100,300,110,150,3,7,0,3,0,6,2,2,3,1,0,210.3,127.7,Intermediate,Intermediate,Cool Temperate,High,High
300,100,150,110,7,3,3,0,6,0,2,2,1,3,0,197.8,130.4,Intermediate,Intermediate,Cool Temperate,High,High
100,300,110,150,3,7,0,3,0,6,2,2,3,1,0,202.5,128.4,Intermediate,White,Cool Temperate,High,High
300,100,150,110,7,3,3,0,6,0,2,2,1,3,0,208.4,135.0,Linear,Intermediate,Cool Temperate,High,High
100,300,110,150,3,7,0,3,0,6,2,2,3,1,0,208.6,147.5,Pinnate,Intermediate,Tropical,High,High
300,100,150,110,7,3,3,0,6,0,2,2,1,3,0,187.4,135.4,Linear,Pink,Tropical,High,High
100,300,110,150,3,7,0,3,0,6,2,2,3,1,0,180.2,130.5,Linear,Intermediate,Tropical,High,High
300,100,150,110,7,3,3,0,6,0,2,2,1,3,0,196.0,134.7,Linear,White,Cool Temperate,High,High
100,300,110,150,3,7,0,3,0,6,2,2,3,1,0,194.7,122.0,Linear,Intermediate,Tropical,High,High
300,90,150,100,7,3,3,0,6,2,2,1,1,4,0,196.1,127.4,Intermediate,White,Temperate,Very High,High
90,300,100,150,3,7,0,3,2,6,1,2,4,1,0,192.4,122.5,Intermediate,Intermediate,Cool Temperate,Very High,High
300,90,150,100,7,3,3,0,6,2,2,1,1,4,0,189.4,133.7,Intermediate,Pink,Cool Temperate,Very High,High
90,300,100,150,3,7,0,3,2,6,1,2,4,1,0,178.4,130.8,Intermediate,Pink,Temperate,Very High,High
300,90,150,100,7,3,3,0,6,2,2,1,1,4,0,184.8,122.1,Intermediate,White,Temperate,Very High,High
90,300,100,150,3,7,0,3,2,6,1,2,4,1,0,186.2,127.3,Pinnate,Intermediate,Temperate,Very High,High
300,90,150,100,7,3,3,0,6,2,2,1,1,4,0,186.2,126.9,Pinnate,Intermediate,Temperate,Very High,High
90,300,100,150,3,7,0,3,2,6,1,2,4,1,0,202.0,116.2,Intermediate,White,Cool Temperate,Very High,High
300,90,150,100,7,3,3,0,6,2,2,1,1,4,0,196.4,124.7,Intermediate,Pink,Cool Temperate,Very High,High
90,300,100,150,3,7,0,3,2,6,1,2,4,1,0,194.3,134.9,Pinnate,Pink,Temperate,Very High,High
300,90,150,100,7,3,3,0,6,2,2,1,1,4,0,204.6,143.9,Intermediate,Intermediate,Cool Temperate,Very High,High
90,300,100,150,3,7,0,3,2,6,1,2,4,1,0,184.8,127.4,Intermediate,Intermediate,Cool Temperate,Very High,High
300,90,150,100,7,3,3,0,6,2,2,1,1,4,0,196.5,121.6,Pinnate,Intermediate,Cool Temperate,Very High,High
90,300,100,150,3,7,0,3,2,6,1,2,4,1,0,194.3,124.5,Intermediate,Pink,Temperate,Very High,High
300,90,150,100,7,3,3,0,6,2,2,1,1,4,0,198.5,133.6,Pinnate,White,Cool Temperate,Very High,High
90,300,100,150,3,7,0,3,2,6,1,2,4,1,0,201.0,115.9,Pinnate,Intermediate,Cool Temperate,Very High,High
300,100,150,110,7,3,3,0,6,3,2,2,1,3,0,202.7,133.4,Intermediate,White,Mediterranean,High,High
100,300,110,150,3,7,0,3,3,6,2,2,3,1,0,190.4,120.4,Pinnate,White,Mediterranean,High,High
300,100,150,110,7,3,3,0,6,3,2,2,1,3,0,189.0,128.1,Intermediate,Pink,Cool Temperate,High,High
100,300,110,150,3,7,0,3,3,6,2,2,3,1,0,183.5,132.6,Intermediate,White,Cool Temperate,High,High
300,100,150,110,7,3,3,0,6,3,2,2,1,3,0,193.2,129.0,Intermediate,Pink,Cool Temperate,High,High
100,300,110,150,3,7,0,3,3,6,2,2,3,1,0,188.8,122.6,Intermediate,Intermediate,Mediterranean,High,High
300,100,150,110,7,3,3,0,6,3,2,2,1,3,0,202.6,114.1,Linear,Intermediate,Cool Temperate,High,High
100,300,110,150,3,7,0,3,3,6,2,2,3,1,0,194.8,129.5,Intermediate,Intermediate,Mediterranean,High,High
300,100,150,110,7,3,3,0,6,3,2,2,1,3,0,210.2,118.6,Intermediate,Intermediate,Cool Temperate,High,High
100,300,110,150,3,7,0,3,3,6,2,2,3,1,0,178.2,131.4,Pinnate,Intermediate,Cool Temperate,High,High
300,100,150,110,7,3,3,0,6,3,2,2,1,3,0,165.1,131.8,Linear,White,Mediterranean,High,High
100,300,110,150,3,7,0,3,3,6,2,2,3,1,0,187.2,135.5,Intermediate,Intermediate,Mediterranean,High,High
300,100,150,110,7,3,3,0,6,3,2,2,1,3,0,206.5,129.4,Linear,White,Cool Temperate,High,High
100,300,110,150,3,7,0,3,3,6,2,2,3,1,0,210.3,142.1,Pinnate,Pink,Cool Temperate,High,High
300,100,150,110,7,3,3,0,6,3,2,2,1,3,0,202.1,123.9,Linear,Intermediate,Cool Temperate,High,High
100,300,110,150,3,7,0,3,3,6,2,2,3,1,0,193.4,134.2,Linear,White,Cool Temperate,High,High
300,200,150,55,7,4,3,1,6,9,2,1,1,3,0,243.8,99.6,Intermediate,Yellow,Cool Temperate,Very High,High
200,300,55,150,4,7,1,3,9,6,1,2,3,1,0,249.6,94.1,Intermediate,Intermediate,Cool Temperate,Very High,High
300,200,150,55,7,4,3,1,6,9,2,1,1,3,0,241.7,98.3,Pinnate,Pink,Cool Temperate,Very High,High
200,300,55,150,4,7,1,3,9,6,1,2,3,1,0,220.2,104.5,Palmate,Yellow,Cool Temperate,Very High,High
300,200,150,55,7,4,3,1,6,9,2,1,1,3,0,236.6,102.0,Palmate,Pink,Cool Temperate,Very High,High
200,300,55,150,4,7,1,3,9,6,1,2,3,1,0,241.9,90.6,Pinnate,Intermediate,Cool Temperate,Very High,High
300,200,150,55,7,4,3,1,6,9,2,1,1,3,0,260.6,98.8,Pinnate,Intermediate,Cool Temperate,Very High,High
200,300,55,150,4,7,1,3,9,6,1,2,3,1,0,248.3,97.5,Intermediate,Intermediate,Cool Temperate,Very High,High
300,200,150,55,7,4,3,1,6,9,2,1,1,3,0,244.2,112.5,Palmate,Intermediate,Tropical/Temperate,Very High,High
200,300,55,150,4,7,1,3,9,6,1,2,3,1,0,248.3,101.1,Intermediate,Pink,Cool Temperate,Very High,High
300,200,150,55,7,4,3,1,6,9,2,1,1,3,0,237.7,108.6,Pinnate,Intermediate,Cool Temperate,Very High,High
200,300,55,150,4,7,1,3,9,6,1,2,3,1,0,233.6,108.1,Intermediate,Pink,Cool Temperate,Very High,High
300,200,150,55,7,4,3,1,6,9,2,1,1,3,0,263.9,101.8,Intermediate,Intermediate,Cool Temperate,Very High,High
200,300,55,150,4,7,1,3,9,6,1,2,3,1,0,253.9,100.4,Intermediate,Yellow,Cool Temperate,Very High,High
300,200,150,55,7,4,3,1,6,9,2,1,1,3,0,238.6,96.6,Intermediate,Intermediate,Cool Temperate,Very High,High
200,300,55,150,4,7,1,3,9,6,1,2,3,1,0,253.3,103.7,Intermediate,Pink,Cool Temperate,Very High,High
300,150,150,75,7,4,3,1,6,4,2,1,1,3,0,213.4,110.6,Intermediate,Intermediate,Cool Temperate,Very High,High
150,300,75,150,4,7,1,3,4,6,1,2,3,1,0,239.0,122.7,Intermediate,Pink,Cool Temperate,Very High,High
300,150,150,75,7,4,3,1,6,4,2,1,1,3,0,227.2,105.0,Intermediate,Yellow,Arid,Very High,High
150,300,75,150,4,7,1,3,4,6,1,2,3,1,0,231.5,114.8,Intermediate,Intermediate,Cool Temperate,Very High,High
300,150,150,75,7,4,3,1,6,4,2,1,1,3,0,232.1,122.5,Intermediate,Intermediate,Cool Temperate,Very High,High
150,300,75,150,4,7,1,3,4,6,1,2,3,1,0,220.4,107.0,Pinnate,Intermediate,Arid,Very High,High
300,150,150,75,7,4,3,1,6,4,2,1,1,3,0,215.8,113.7,Pinnate,Intermediate,Cool Temperate,Very High,High
150,300,75,150,4,7,1,3,4,6,1,2,3,1,0,207.7,113.9,Intermediate,Intermediate,Cool Temperate,Very High,High
300,150,150,75,7,4,3,1,6,4,2,1,1,3,0,229.6,113.4,Intermediate,Intermediate,Cool Temperate,Very High,High
150,300,75,150,4,7,1,3,4,6,1,2,3,1,0,227.1,110.5,Palmate,Pink,Cool Temperate,Very High,High
300,150,150,75,7,4,3,1,6,4,2,1,1,3,0,211.6,118.3,Palmate,Pink,Arid,Very High,High
150,300,75,150,4,7,1,3,4,6,1,2,3,1,0,224.4,111.6,Intermediate,Pink,Cool Temperate,Very High,High
300,150,150,75,7,4,3,1,6,4,2,1,1,3,0,240.1,109.8,Intermediate,Intermediate,Arid,Very High,High
150,300,75,150,4,7,1,3,4,6,1,2,3,1,0,235.1,118.5,Intermediate,Intermediate,Cool Temperate,Very High,High
300,150,150,75,7,4,3,1,6,4,2,1,1,3,0,223.9,110.9,Palmate,Intermediate,Arid,Very High,High
150,300,75,150,4,7,1,3,4,6,1,2,3,1,0,234.5,108.6,Intermediate,Intermediate,Arid,Very High,High
300,60,150,60,7,0,3,0,6,2,2,1,1,3,0,185.7,97.4,Intermediate,Pink,Temperate,Very High,High
60,300,60,150,0,7,0,3,2,6,1,2,3,1,0,173.5,101.1,Ovate,Pink,Cool Temperate,Very High,High
300,60,150,60,7,0,3,0,6,2,2,1,1,3,0,181.8,109.2,Pinnate,Pink,Cool Temperate,Very High,High
60,300,60,150,0,7,0,3,2,6,1,2,3,1,0,173.2,114.2,Pinnate,Intermediate,Cool Temperate,Very High,High
300,60,150,60,7,0,3,0,6,2,2,1,1,3,0,177.0,104.3,Intermediate,White,Cool Temperate,Very High,High
60,300,60,150,0,7,0,3,2,6,1,2,3,1,0,172.8,114.8,Intermediate,Intermediate,Cool Temperate,Very High,High
300,60,150,60,7,0,3,0,6,2,2,1,1,3,0,189.4,109.3,Ovate,White,Cool Temperate,Very High,High
60,300,60,150,0,7,0,3,2,6,1,2,3,1,0,159.1,115.1,Intermediate,Pink,Temperate,Very High,High
300,60,150,60,7,0,3,0,6,2,2,1,1,3,0,167.6,101.6,Intermediate,Pink,Cool Temperate,Very High,High
60,300,60,150,0,7,0,3,2,6,1,2,3,1,0,178.2,100.1,Ovate,White,Temperate,Very High,High
300,60,150,60,7,0,3,0,6,2,2,1,1,3,0,181.7,104.9,Intermediate,Intermediate,Temperate,Very High,High
60,300,60,150,0,7,0,3,2,6,1,2,3,1,0,165.4,113.9,Intermediate,Intermediate,Temperate,Very High,High
300,60,150,60,7,0,3,0,6,2,2,1,1,3,0,214.5,103.8,Ovate,Pink,Temperate,Very High,High
60,300,60,150,0,7,0,3,2,6,1,2,3,1,0,184.2,119.2,Intermediate,Pink,Temperate,Very High,High
300,60,150,60,7,0,3,0,6,2,2,1,1,3,0,185.0,95.3,Intermediate,Intermediate,Cool Temperate,Very High,High
60,300,60,150,0,7,0,3,2,6,1,2,3,1,0,177.6,103.5,Ovate,Intermediate,Temperate,Very High,High
300,180,150,80,7,0,3,0,6,0,2,2,1,3,0,244.7,109.9,Ovate,Pink,Cool Temperate,High,High
180,300,80,150,0,7,0,3,0,6,2,2,3,1,0,242.9,102.5,Intermediate,Intermediate,Tropical,High,High
300,180,150,80,7,0,3,0,6,0,2,2,1,3,0,253.3,107.8,Intermediate,White,Cool Temperate,High,High
180,300,80,150,0,7,0,3,0,6,2,2,3,1,0,260.5,114.6,Pinnate,Pink,Tropical,High,High
300,180,150,80,7,0,3,0,6,0,2,2,1,3,0,234.0,117.3,Ovate,Pink,Tropical,High,High
180,300,80,150,0,7,0,3,0,6,2,2,3,1,0,227.5,113.8,Intermediate,White,Tropical,High,High
300,180,150,80,7,0,3,0,6,0,2,2,1,3,0,235.1,106.3,Ovate,White,Tropical,High,High
180,300,80,150,0,7,0,3,0,6,2,2,3,1,0,259.0,126.2,Intermediate,White,Cool Temperate,High,High
300,180,150,80,7,0,3,0,6,0,2,2,1,3,0,244.1,107.6,Intermediate,Intermediate,Tropical,High,High
180,300,80,150,0,7,0,3,0,6,2,2,3,1,0,241.9,109.2,Intermediate,White,Tropical,High,High
300,180,150,80,7,0,3,0,6,0,2,2,1,3,0,230.2,111.3,Intermediate,Intermediate,Cool Temperate,High,High
180,300,80,150,0,7,0,3,0,6,2,2,3,1,0,223.8,116.3,Pinnate,Pink,Cool Temperate,High,High
300,180,150,80,7,0,3,0,6,0,2,2,1,3,0,262.6,123.5,Pinnate,Intermediate,Tropical,High,High
180,300,80,150,0,7,0,3,0,6,2,2,3,1,0,244.0,109.9,Ovate,Pink,Tropical,High,High
300,180,150,80,7,0,3,0,6,0,2,2,1,3,0,241.3,104.9,Intermediate,Intermediate,Cool Temperate,High,High
180,300,80,150,0,7,0,3,0,6,2,2,3,1,0,210.4,119.4,Intermediate,Intermediate,Tropical,High,High
300,100,150,95,7,0,3,2,6,2,2,2,1,4,0,187.0,127.4,Intermediate,Intermediate,Temperate,High,High
100,300,95,150,0,7,2,3,2,6,2,2,4,1,0,216.3,135.1,Intermediate,Intermediate,Cool Temperate,High,High
300,100,150,95,7,0,3,2,6,2,2,2,1,4,0,199.1,121.8,Pinnate,Intermediate,Cool Temperate,High,High
100,300,95,150,0,7,2,3,2,6,2,2,4,1,0,195.9,126.4,Intermediate,Intermediate,Cool Temperate,High,High
300,100,150,95,7,0,3,2,6,2,2,2,1,4,0,216.3,130.3,Intermediate,Intermediate,Cool Temperate,High,High
100,300,95,150,0,7,2,3,2,6,2,2,4,1,0,204.6,123.8,Intermediate,Purple,Temperate,High,High
300,100,150,95,7,0,3,2,6,2,2,2,1,4,0,211.1,114.4,Pinnate,Intermediate,Cool Temperate,High,High
100,300,95,150,0,7,2,3,2,6,2,2,4,1,0,186.3,118.1,Ovate,Pink,Temperate,High,High
300,100,150,95,7,0,3,2,6,2,2,2,1,4,0,192.5,120.0,Intermediate,Pink,Temperate,High,High
100,300,95,150,0,7,2,3,2,6,2,2,4,1,0,183.1,127.4,Pinnate,Pink,Temperate,High,High
300,100,150,95,7,0,3,2,6,2,2,2,1,4,0,213.4,127.1,Ovate,Intermediate,Cool Temperate,High,High
100,300,95,150,0,7,2,3,2,6,2,2,4,1,0,195.7,126.6,Intermediate,Intermediate,Cool Temperate,High,High
300,100,150,95,7,0,3,2,6,2,2,2,1,4,0,212.3,129.6,Intermediate,Intermediate,Temperate,High,High
100,300,95,150,0,7,2,3,2,6,2,2,4,1,0,204.4,112.9,Pinnate,Pink,Cool Temperate,High,High
300,100,150,95,7,0,3,2,6,2,2,2,1,4,0,213.7,117.3,Ovate,Pink,Cool Temperate,High,High
100,300,95,150,0,7,2,3,2,6,2,2,4,1,0,193.7,124.1,Ovate,Purple,Cool Temperate,High,High
300,50,150,130,7,9,3,1,6,8,2,1,1,3,0,175.8,135.0,Pinnate,Pink,Cool Temperate,Very High,High
50,300,130,150,9,7,1,3,8,6,1,2,3,1,0,165.5,138.3,Pinnate,Pink,Tropical/Subtropical,Very High,High
300,50,150,130,7,9,3,1,6,8,2,1,1,3,0,168.6,152.6,Intermediate,Intermediate,Tropical/Subtropical,Very High,High
50,300,130,150,9,7,1,3,8,6,1,2,3,1,0,161.8,145.2,Compound,Intermediate,Tropical/Subtropical,Very High,High
300,50,150,130,7,9,3,1,6,8,2,1,1,3,0,167.8,131.9,Pinnate,Intermediate,Tropical/Subtropical,Very High,High
50,300,130,150,9,7,1,3,8,6,1,2,3,1,0,173.8,138.5,Intermediate,Intermediate,Tropical/Subtropical,Very High,High
300,50,150,130,7,9,3,1,6,8,2,1,1,3,0,187.8,140.3,Intermediate,Yellow,Cool Temperate,Very High,High
50,300,130,150,9,7,1,3,8,6,1,2,3,1,0,173.2,145.6,Intermediate,Yellow,Tropical/Subtropical,Very High,High
300,50,150,130,7,9,3,1,6,8,2,1,1,3,0,182.2,151.7,Intermediate,Intermediate,Tropical/Subtropical,Very High,High
50,300,130,150,9,7,1,3,8,6,1,2,3,1,0,187.9,145.9,Pinnate,Intermediate,Tropical/Subtropical,Very High,High
300,50,150,130,7,9,3,1,6,8,2,1,1,3,0,178.8,142.3,Intermediate,Intermediate,Cool Temperate,Very High,High
50,300,130,150,9,7,1,3,8,6,1,2,3,1,0,168.5,135.8,Intermediate,Intermediate,Cool Temperate,Very High,High
300,50,150,130,7,9,3,1,6,8,2,1,1,3,0,172.6,136.8,Compound,Intermediate,Tropical/Subtropical,Very High,High
50,300,130,150,9,7,1,3,8,6,1,2,3,1,0,167.3,147.6,Compound,Pink,Tropical/Subtropical,Very High,High
300,50,150,130,7,9,3,1,6,8,2,1,1,3,0,182.7,146.7,Intermediate,Pink,Cool Temperate,Very High,High
50,300,130,150,9,7,1,3,8,6,1,2,3,1,0,175.8,142.4,Compound,Yellow,Cool Temperate,Very High,High
300,70,150,90,7,7,3,0,6,6,2,1,1,4,0,173.1,117.0,Pinnate,White,Cool Temperate,Very High,High
70,300,90,150,7,7,0,3,6,6,1,2,4,1,0,185.3,125.9,Pinnate,Intermediate,Cool Temperate,Very High,High
300,70,150,90,7,7,3,0,6,6,2,1,1,4,0,183.3,120.8,Pinnate,Intermediate,Cool Temperate,Very High,High
70,300,90,150,7,7,0,3,6,6,1,2,4,1,0,187.8,122.4,Pinnate,White,Cool Temperate,Very High,High
300,70,150,90,7,7,3,0,6,6,2,1,1,4,0,190.8,123.2,Pinnate,White,Cool Temperate,Very High,High
70,300,90,150,7,7,0,3,6,6,1,2,4,1,0,172.7,130.2,Pinnate,Intermediate,Cool Temperate,Very High,High
300,70,150,90,7,7,3,0,6,6,2,1,1,4,0,195.0,122.7,Pinnate,Pink,Cool Temperate,Very High,High
70,300,90,150,7,7,0,3,6,6,1,2,4,1,0,189.9,127.5,Pinnate,Intermediate,Cool Temperate,Very High,High
300,70,150,90,7,7,3,0,6,6,2,1,1,4,0,188.5,118.4,Pinnate,Pink,Cool Temperate,Very High,High
70,300,90,150,7,7,0,3,6,6,1,2,4,1,0,202.3,111.8,Pinnate,Intermediate,Cool Temperate,Very High,High
300,70,150,90,7,7,3,0,6,6,2,1,1,4,0,199.9,105.9,Pinnate,White,Cool Temperate,Very High,High
70,300,90,150,7,7,0,3,6,6,1,2,4,1,0,171.6,110.7,Pinnate,White,Cool Temperate,Very High,High
300,70,150,90,7,7,3,0,6,6,2,1,1,4,0,185.0,115.1,Pinnate,Intermediate,Cool Temperate,Very High,High
70,300,90,150,7,7,0,3,6,6,1,2,4,1,0,205.2,126.8,Pinnate,Pink,Cool Temperate,Very High,High
300,70,150,90,7,7,3,0,6,6,2,1,1,4,0,166.0,120.6,Pinnate,Intermediate,Cool Temperate,Very High,High
70,300,90,150,7,7,0,3,6,6,1,2,4,1,0,179.7,116.7,Pinnate,White,Cool Temperate,Very High,High
300,30,150,100,7,5,3,2,6,8,2,2,1,3,0,187.2,120.3,Cordate,Intermediate,Cool Temperate,High,High
30,300,100,150,5,7,2,3,8,6,2,2,3,1,0,158.6,121.8,Intermediate,Intermediate,Cool Temperate,High,High
300,30,150,100,7,5,3,2,6,8,2,2,1,3,0,160.2,130.8,Cordate,Pink,Cool Temperate,High,High
30,300,100,150,5,7,2,3,8,6,2,2,3,1,0,168.6,121.1,Pinnate,Pink,Tropical/Subtropical,High,High
300,30,150,100,7,5,3,2,6,8,2,2,1,3,0,169.9,118.2,Intermediate,Purple,Tropical/Subtropical,High,High
30,300,100,150,5,7,2,3,8,6,2,2,3,1,0,166.5,127.2,Intermediate,Intermediate,Cool Temperate,High,High
300,30,150,100,7,5,3,2,6,8,2,2,1,3,0,162.0,125.9,Intermediate,Intermediate,Cool Temperate,High,High
30,300,100,150,5,7,2,3,8,6,2,2,3,1,0,166.7,128.2,Intermediate,Purple,Tropical/Subtropical,High,High
300,30,150,100,7,5,3,2,6,8,2,2,1,3,0,164.5,121.7,Intermediate,Pink,Cool Temperate,High,High
30,300,100,150,5,7,2,3,8,6,2,2,3,1,0,176.1,115.7,Cordate,Intermediate,Cool Temperate,High,High
300,30,150,100,7,5,3,2,6,8,2,2,1,3,0,160.8,135.3,Intermediate,Pink,Tropical/Subtropical,High,High
30,300,100,150,5,7,2,3,8,6,2,2,3,1,0,164.9,134.0,Intermediate,Intermediate,Tropical/Subtropical,High,High
300,30,150,100,7,5,3,2,6,8,2,2,1,3,0,155.2,120.6,Pinnate,Intermediate,Tropical/Subtropical,High,High
30,300,100,150,5,7,2,3,8,6,2,2,3,1,0,166.9,123.0,Intermediate,Pink,Tropical/Subtropical,High,High
300,30,150,100,7,5,3,2,6,8,2,2,1,3,0,148.7,116.8,Intermediate,Purple,Cool Temperate,High,High
30,300,100,150,5,7,2,3,8,6,2,2,3,1,0,157.6,136.1,Intermediate,Purple,Cool Temperate,High,High
300,300,150,270,7,4,3,0,6,0,2,3,1,4,0,301.3,198.9,Palmate,White,Cool Temperate,Very High,High
300,300,270,150,4,7,0,3,0,6,3,2,4,1,0,310.1,201.6,Intermediate,White,Cool Temperate,Very High,High
300,300,150,270,7,4,3,0,6,0,2,3,1,4,0,312.6,217.7,Intermediate,Intermediate,Tropical,Very High,High
300,300,270,150,4,7,0,3,0,6,3,2,4,1,0,294.1,214.9,Intermediate,Intermediate,Tropical,Very High,High
300,300,150,270,7,4,3,0,6,0,2,3,1,4,0,303.2,207.5,Intermediate,Pink,Tropical,Very High,High
300,300,270,150,4,7,0,3,0,6,3,2,4,1,0,302.2,195.3,Palmate,White,Tropical,Very High,High
300,300,150,270,7,4,3,0,6,0,2,3,1,4,0,316.0,221.9,Pinnate,Pink,Cool Temperate,Very High,High
300,300,270,150,4,7,0,3,0,6,3,2,4,1,0,315.4,222.2,Intermediate,Intermediate,Cool Temperate,Very High,High
300,300,150,270,7,4,3,0,6,0,2,3,1,4,0,305.1,217.8,Pinnate,Pink,Cool Temperate,Very High,High
300,300,270,150,4,7,0,3,0,6,3,2,4,1,0,289.9,206.6,Intermediate,White,Cool Temperate,Very High,High
300,300,150,270,7,4,3,0,6,0,2,3,1,4,0,305.6,216.5,Intermediate,White,Cool Temperate,Very High,High
300,300,270,150,4,7,0,3,0,6,3,2,4,1,0,342.1,211.1,Intermediate,Pink,Cool Temperate,Very High,High
300,300,150,270,7,4,3,0,6,0,2,3,1,4,0,291.7,197.4,Intermediate,White,Tropical,Very High,High
300,300,270,150,4,7,0,3,0,6,3,2,4,1,0,304.6,210.6,Intermediate,Intermediate,Tropical,Very High,High
300,300,150,270,7,4,3,0,6,0,2,3,1,4,0,271.5,210.6,Palmate,White,Cool Temperate,Very High,High
300,300,270,150,4,7,0,3,0,6,3,2,4,1,0,304.5,189.6,Intermediate,Pink,Cool Temperate,Very High,High
300,50,150,70,7,6,3,1,6,6,2,1,1,3,0,165.3,105.9,Intermediate,Yellow,Cool Temperate,Very High,High
50,300,70,150,6,7,1,3,6,6,1,2,3,1,0,172.2,101.5,Oblong,Intermediate,Cool Temperate,Very High,High
300,50,150,70,7,6,3,1,6,6,2,1,1,3,0,177.7,102.6,Intermediate,Intermediate,Cool Temperate,Very High,High
50,300,70,150,6,7,1,3,6,6,1,2,3,1,0,166.4,112.9,Oblong,Yellow,Cool Temperate,Very High,High
300,50,150,70,7,6,3,1,6,6,2,1,1,3,0,166.5,112.3,Pinnate,Yellow,Cool Temperate,Very High,High
50,300,70,150,6,7,1,3,6,6,1,2,3,1,0,183.1,103.9,Oblong,Intermediate,Cool Temperate,Very High,High
300,50,150,70,7,6,3,1,6,6,2,1,1,3,0,185.9,102.4,Pinnate,Pink,Cool Temperate,Very High,High
50,300,70,150,6,7,1,3,6,6,1,2,3,1,0,176.2,116.0,Intermediate,Yellow,Cool Temperate,Very High,High
300,50,150,70,7,6,3,1,6,6,2,1,1,3,0,175.5,112.1,Pinnate,Pink,Cool Temperate,Very High,High
50,300,70,150,6,7,1,3,6,6,1,2,3,1,0,168.9,109.8,Intermediate,Intermediate,Cool Temperate,Very High,High
300,50,150,70,7,6,3,1,6,6,2,1,1,3,0,185.0,103.0,Intermediate,Intermediate,Cool Temperate,Very High,High
50,300,70,150,6,7,1,3,6,6,1,2,3,1,0,180.1,112.3,Intermediate,Pink,Cool Temperate,Very High,High
300,50,150,70,7,6,3,1,6,6,2,1,1,3,0,170.8,111.1,Oblong,Intermediate,Cool Temperate,Very High,High
50,300,70,150,6,7,1,3,6,6,1,2,3,1,0,171.0,113.4,Intermediate,Pink,Cool Temperate,Very High,High
300,50,150,70,7,6,3,1,6,6,2,1,1,3,0,179.5,107.5,Pinnate,Pink,Cool Temperate,Very High,High
50,300,70,150,6,7,1,3,6,6,1,2,3,1,0,154.0,116.1,Intermediate,Yellow,Cool Temperate,Very High,High
300,130,150,100,7,10,3,1,6,2,2,2,1,4,0,217.8,130.7,Pinnate,Yellow,Temperate,High,High
130,300,100,150,10,7,1,3,2,6,2,2,4,1,0,209.5,114.8,Lobed,Intermediate,Cool Temperate,High,High
300,130,150,100,7,10,3,1,6,2,2,2,1,4,0,237.7,124.3,Pinnate,Intermediate,Cool Temperate,High,High
130,300,100,150,10,7,1,3,2,6,2,2,4,1,0,231.5,126.4,Pinnate,Pink,Cool Temperate,High,High
300,130,150,100,7,10,3,1,6,2,2,2,1,4,0,200.4,128.4,Intermediate,Intermediate,Temperate,High,High
130,300,100,150,10,7,1,3,2,6,2,2,4,1,0,210.7,117.3,Pinnate,Intermediate,Temperate,High,High
300,130,150,100,7,10,3,1,6,2,2,2,1,4,0,220.5,118.4,Pinnate,Pink,Cool Temperate,High,High
130,300,100,150,10,7,1,3,2,6,2,2,4,1,0,212.3,116.4,Pinnate,Pink,Temperate,High,High
300,130,150,100,7,10,3,1,6,2,2,2,1,4,0,223.8,113.6,Lobed,Pink,Cool Temperate,High,High
130,300,100,150,10,7,1,3,2,6,2,2,4,1,0,213.7,128.1,Intermediate,Pink,Cool Temperate,High,High
300,130,150,100,7,10,3,1,6,2,2,2,1,4,0,207.8,121.0,Pinnate,Intermediate,Cool Temperate,High,High
130,300,100,150,10,7,1,3,2,6,2,2,4,1,0,203.2,128.8,Pinnate,Yellow,Cool Temperate,High,High
300,130,150,100,7,10,3,1,6,2,2,2,1,4,0,213.0,127.2,Pinnate,Intermediate,Cool Temperate,High,High
130,300,100,150,10,7,1,3,2,6,2,2,4,1,0,208.7,118.8,Intermediate,Yellow,Cool Temperate,High,High
300,130,150,100,7,10,3,1,6,2,2,2,1,4,0,215.2,125.1,Intermediate,Intermediate,Temperate,High,High
130,300,100,150,10,7,1,3,2,6,2,2,4,1,0,212.6,130.3,Lobed,Pink,Temperate,High,High
300,150,150,150,7,4,3,0,6,1,2,1,1,3,0,231.2,148.1,Intermediate,White,Subtropical,Very High,High
150,300,150,150,4,7,0,3,1,6,1,2,3,1,0,208.7,150.8,Intermediate,White,Subtropical,Very High,High
300,150,150,150,7,4,3,0,6,1,2,1,1,3,0,225.1,152.7,Palmate,White,Subtropical,Very High,High
150,300,150,150,4,7,0,3,1,6,1,2,3,1,0,221.8,154.9,Intermediate,Intermediate,Subtropical,Very High,High
300,150,150,150,7,4,3,0,6,1,2,1,1,3,0,218.3,148.9,Palmate,Pink,Cool Temperate,Very High,High
150,300,150,150,4,7,0,3,1,6,1,2,3,1,0,227.0,152.6,Intermediate,Intermediate,Subtropical,Very High,High
300,150,150,150,7,4,3,0,6,1,2,1,1,3,0,222.6,136.7,Pinnate,Pink,Cool Temperate,Very High,High
150,300,150,150,4,7,0,3,1,6,1,2,3,1,0,219.2,161.6,Intermediate,Intermediate,Subtropical,Very High,High
300,150,150,150,7,4,3,0,6,1,2,1,1,3,0,224.6,141.8,Pinnate,Intermediate,Subtropical,Very High,High
150,300,150,150,4,7,0,3,1,6,1,2,3,1,0,212.7,148.0,Intermediate,Intermediate,Cool Temperate,Very High,High
300,150,150,150,7,4,3,0,6,1,2,1,1,3,0,216.6,147.3,Intermediate,Intermediate,Cool Temperate,Very High,High
150,300,150,150,4,7,0,3,1,6,1,2,3,1,0,216.9,150.2,Palmate,Pink,Cool Temperate,Very High,High
300,150,150,150,7,4,3,0,6,1,2,1,1,3,0,234.0,147.7,Intermediate,Intermediate,Cool Temperate,Very High,High
150,300,150,150,4,7,0,3,1,6,1,2,3,1,0,218.5,144.9,Pinnate,White,Subtropical,Very High,High
300,150,150,150,7,4,3,0,6,1,2,1,1,3,0,225.6,146.7,Pinnate,Intermediate,Cool Temperate,Very High,High
150,300,150,150,4,7,0,3,1,6,1,2,3,1,0,223.5,148.4,Pinnate,Pink,Cool Temperate,Very High,High
300,200,150,170,7,4,3,1,6,0,2,2,1,1,0,266.6,179.3,Palmate,Intermediate,Tropical,High,Moderate
200,300,170,150,4,7,1,3,0,6,2,2,1,1,0,247.3,168.2,Intermediate,Pink,Tropical,High,Moderate
300,200,150,170,7,4,3,1,6,0,2,2,1,1,0,236.9,172.9,Pinnate,Intermediate,Cool Temperate,High,Moderate
200,300,170,150,4,7,1,3,0,6,2,2,1,1,0,257.0,172.1,Pinnate,Yellow,Cool Temperate,High,Moderate
300,200,150,170,7,4,3,1,6,0,2,2,1,1,0,239.3,164.0,Intermediate,Intermediate,Cool Temperate,High,Moderate
200,300,170,150,4,7,1,3,0,6,2,2,1,1,0,241.8,163.5,Intermediate,Pink,Tropical,High,Moderate
300,200,150,170,7,4,3,1,6,0,2,2,1,1,0,240.4,144.8,Intermediate,Intermediate,Cool Temperate,High,Moderate
200,300,170,150,4,7,1,3,0,6,2,2,1,1,0,251.6,154.8,Intermediate,Yellow,Cool Temperate,High,Moderate
300,200,150,170,7,4,3,1,6,0,2,2,1,1,0,252.1,167.0,Intermediate,Intermediate,Cool Temperate,High,Moderate
200,300,170,150,4,7,1,3,0,6,2,2,1,1,0,232.7,158.1,Pinnate,Yellow,Cool Temperate,High,Moderate
300,200,150,170,7,4,3,1,6,0,2,2,1,1,0,264.2,163.4,Intermediate,Intermediate,Tropical,High,Moderate
200,300,170,150,4,7,1,3,0,6,2,2,1,1,0,259.3,164.5,Pinnate,Intermediate,Cool Temperate,High,Moderate
300,200,150,170,7,4,3,1,6,0,2,2,1,1,0,244.5,171.4,Pinnate,Pink,Cool Temperate,High,Moderate
200,300,170,150,4,7,1,3,0,6,2,2,1,1,0,237.6,158.8,Pinnate,Intermediate,Cool Temperate,High,Moderate
300,200,150,170,7,4,3,1,6,0,2,2,1,1,0,246.6,159.8,Intermediate,Intermediate,Cool Temperate,High,Moderate
200,300,170,150,4,7,1,3,0,6,2,2,1,1,0,260.5,162.4,Pinnate,Intermediate,Cool Temperate,High,Moderate
300,180,150,90,7,2,3,3,6,8,2,1,1,3,0,223.2,116.5,Intermediate,Pink,Cool Temperate,Very High,High
180,300,90,150,2,7,3,3,8,6,1,2,3,1,0,233.6,130.7,Intermediate,Pink,Cool Temperate,Very High,High
300,180,150,90,7,2,3,3,6,8,2,1,1,3,0,239.6,114.1,Intermediate,Pink,Cool Temperate,Very High,High
180,300,90,150,2,7,3,3,8,6,1,2,3,1,0,238.1,129.1,Intermediate,Pink,Tropical/Subtropical,Very High,High
300,180,150,90,7,2,3,3,6,8,2,1,1,3,0,240.6,114.5,Intermediate,Pink,Cool Temperate,Very High,High
180,300,90,150,2,7,3,3,8,6,1,2,3,1,0,242.1,116.1,Intermediate,Pink,Tropical/Subtropical,Very High,High
300,180,150,90,7,2,3,3,6,8,2,1,1,3,0,249.1,122.2,Pinnate,Pink,Tropical/Subtropical,Very High,High
180,300,90,150,2,7,3,3,8,6,1,2,3,1,0,239.5,126.3,Intermediate,Pink,Tropical/Subtropical,Very High,High
300,180,150,90,7,2,3,3,6,8,2,1,1,3,0,254.4,116.3,Elliptical,Pink,Tropical/Subtropical,Very High,High
180,300,90,150,2,7,3,3,8,6,1,2,3,1,0,235.6,116.2,Intermediate,Pink,Cool Temperate,Very High,High
300,180,150,90,7,2,3,3,6,8,2,1,1,3,0,239.2,114.2,Elliptical,Pink,Tropical/Subtropical,Very High,High
180,300,90,150,2,7,3,3,8,6,1,2,3,1,0,252.0,120.3,Intermediate,Pink,Cool Temperate,Very High,High
300,180,150,90,7,2,3,3,6,8,2,1,1,3,0,231.3,121.0,Intermediate,Pink,Tropical/Subtropical,Very High,High
180,300,90,150,2,7,3,3,8,6,1,2,3,1,0,227.4,130.9,Intermediate,Pink,Cool Temperate,Very High,High
300,180,150,90,7,2,3,3,6,8,2,1,1,3,0,236.1,123.6,Intermediate,Pink,Tropical/Subtropical,Very High,High
180,300,90,150,2,7,3,3,8,6,1,2,3,1,0,241.2,117.7,Elliptical,Pink,Tropical/Subtropical,Very High,High
300,100,150,80,7,0,3,1,6,2,2,3,1,1,0,204.1,115.8,Intermediate,Pink,Temperate,Very High,Moderate
100,300,80,150,0,7,1,3,2,6,3,2,1,1,0,194.8,103.0,Intermediate,Yellow,Cool Temperate,Very High,Moderate
300,100,150,80,7,0,3,1,6,2,2,3,1,1,0,220.4,119.2,Intermediate,Intermediate,Cool Temperate,Very High,Moderate
100,300,80,150,0,7,1,3,2,6,3,2,1,1,0,217.5,116.6,Pinnate,Yellow,Cool Temperate,Very High,Moderate
300,100,150,80,7,0,3,1,6,2,2,3,1,1,0,195.7,108.6,Ovate,Intermediate,Temperate,Very High,Moderate
100,300,80,150,0,7,1,3,2,6,3,2,1,1,0,209.9,120.2,Intermediate,Intermediate,Cool Temperate,Very High,Moderate
300,100,150,80,7,0,3,1,6,2,2,3,1,1,0,200.4,116.5,Pinnate,Yellow,Temperate,Very High,Moderate
100,300,80,150,0,7,1,3,2,6,3,2,1,1,0,202.5,116.9,Intermediate,Intermediate,Cool Temperate,Very High,Moderate
300,100,150,80,7,0,3,1,6,2,2,3,1,1,0,212.0,112.7,Pinnate,Pink,Cool Temperate,Very High,Moderate
100,300,80,150,0,7,1,3,2,6,3,2,1,1,0,199.0,102.8,Pinnate,Intermediate,Temperate,Very High,Moderate
300,100,150,80,7,0,3,1,6,2,2,3,1,1,0,212.0,112.4,Intermediate,Pink,Temperate,Very High,Moderate
100,300,80,150,0,7,1,3,2,6,3,2,1,1,0,188.2,110.4,Ovate,Yellow,Temperate,Very High,Moderate
300,100,150,80,7,0,3,1,6,2,2,3,1,1,0,198.7,112.4,Pinnate,Yellow,Cool Temperate,Very High,Moderate
100,300,80,150,0,7,1,3,2,6,3,2,1,1,0,212.1,109.4,Intermediate,Pink,Cool Temperate,Very High,Moderate
300,100,150,80,7,0,3,1,6,2,2,3,1,1,0,205.0,115.1,Intermediate,Yellow,Cool Temperate,Very High,Moderate
100,300,80,150,0,7,1,3,2,6,3,2,1,1,0,203.0,112.8,Intermediate,Intermediate,Cool Temperate,Very High,Moderate
300,300,150,110,7,3,3,0,6,4,2,3,1,3,0,330.0,125.6,Intermediate,Pink,Cool Temperate,Very High,High
300,300,110,150,3,7,0,3,4,6,3,2,3,1,0,295.8,131.8,Intermediate,Intermediate,Arid,Very High,High
300,300,150,110,7,3,3,0,6,4,2,3,1,3,0,310.5,134.9,Linear,White,Cool Temperate,Very High,High
300,300,110,150,3,7,0,3,4,6,3,2,3,1,0,304.9,123.8,Intermediate,Intermediate,Cool Temperate,Very High,High
300,300,150,110,7,3,3,0,6,4,2,3,1,3,0,278.5,127.6,Intermediate,White,Arid,Very High,High
300,300,110,150,3,7,0,3,4,6,3,2,3,1,0,306.0,126.7,Intermediate,Intermediate,Arid,Very High,High
300,300,150,110,7,3,3,0,6,4,2,3,1,3,0,297.8,126.8,Linear,White,Cool Temperate,Very High,High
300,300,110,150,3,7,0,3,4,6,3,2,3,1,0,293.4,138.3,Intermediate,Intermediate,Arid,Very High,High
300,300,150,110,7,3,3,0,6,4,2,3,1,3,0,285.8,129.1,Pinnate,Intermediate,Cool Temperate,Very High,High
300,300,110,150,3,7,0,3,4,6,3,2,3,1,0,306.1,128.1,Linear,Pink,Cool Temperate,Very High,High
300,300,150,110,7,3,3,0,6,4,2,3,1,3,0,281.1,130.3,Linear,Pink,Cool Temperate,Very High,High
300,300,110,150,3,7,0,3,4,6,3,2,3,1,0,294.4,122.9,Intermediate,White,Cool Temperate,Very High,High
300,300,150,110,7,3,3,0,6,4,2,3,1,3,0,300.6,128.7,Pinnate,White,Cool Temperate,Very High,High
300,300,110,150,3,7,0,3,4,6,3,2,3,1,0,324.4,122.9,Intermediate,White,Arid,Very High,High
300,300,150,110,7,3,3,0,6,4,2,3,1,3,0,282.9,143.9,Intermediate,White,Cool Temperate,Very High,High
300,300,110,150,3,7,0,3,4,6,3,2,3,1,0,322.4,122.5,Pinnate,Intermediate,Arid,Very High,High
300,250,150,90,7,3,3,2,6,5,2,3,1,1,0,286.8,119.2,Intermediate,Intermediate,Semi-Arid,Very High,Moderate
250,300,90,150,3,7,2,3,5,6,3,2,1,1,0,295.0,118.8,Linear,Pink,Cool Temperate,Very High,Moderate
300,250,150,90,7,3,3,2,6,5,2,3,1,1,0,278.0,114.2,Intermediate,Intermediate,Semi-Arid,Very High,Moderate
250,300,90,150,3,7,2,3,5,6,3,2,1,1,0,279.9,119.8,Intermediate,Pink,Semi-Arid,Very High,Moderate
300,250,150,90,7,3,3,2,6,5,2,3,1,1,0,277.3,120.9,Pinnate,Pink,Semi-Arid,Very High,Moderate
250,300,90,150,3,7,2,3,5,6,3,2,1,1,0,270.4,130.7,Intermediate,Intermediate,Semi-Arid,Very High,Moderate
300,250,150,90,7,3,3,2,6,5,2,3,1,1,0,284.5,126.9,Intermediate,Intermediate,Cool Temperate,Very High,Moderate
250,300,90,150,3,7,2,3,5,6,3,2,1,1,0,295.5,115.9,Linear,Pink,Semi-Arid,Very High,Moderate
300,250,150,90,7,3,3,2,6,5,2,3,1,1,0,287.5,124.0,Pinnate,Pink,Semi-Arid,Very High,Moderate
250,300,90,150,3,7,2,3,5,6,3,2,1,1,0,268.1,118.9,Intermediate,Pink,Cool Temperate,Very High,Moderate
300,250,150,90,7,3,3,2,6,5,2,3,1,1,0,278.1,120.3,Linear,Pink,Semi-Arid,Very High,Moderate
250,300,90,150,3,7,2,3,5,6,3,2,1,1,0,285.3,113.1,Intermediate,Intermediate,Semi-Arid,Very High,Moderate
300,250,150,90,7,3,3,2,6,5,2,3,1,1,0,259.1,117.6,Linear,Pink,Semi-Arid,Very High,Moderate
250,300,90,150,3,7,2,3,5,6,3,2,1,1,0,274.7,116.4,Intermediate,Purple,Semi-Arid,Very High,Moderate
300,250,150,90,7,3,3,2,6,5,2,3,1,1,0,287.7,116.5,Intermediate,Intermediate,Cool Temperate,Very High,Moderate
250,300,90,150,3,7,2,3,5,6,3,2,1,1,0,268.3,122.0,Intermediate,Intermediate,Semi-Arid,Very High,Moderate
300,100,150,65,7,7,3,1,6,0,2,2,1,3,0,212.2,96.3,Pinnate,Pink,Tropical,High,High
100,300,65,150,7,7,1,3,0,6,2,2,3,1,0,211.3,109.2,Pinnate,Intermediate,Cool Temperate,High,High
300,100,150,65,7,7,3,1,6,0,2,2,1,3,0,205.3,120.9,Pinnate,Pink,Tropical,High,High
100,300,65,150,7,7,1,3,0,6,2,2,3,1,0,203.9,112.2,Pinnate,Intermediate,Tropical,High,High
300,100,150,65,7,7,3,1,6,0,2,2,1,3,0,193.5,108.4,Pinnate,Yellow,Tropical,High,High
100,300,65,150,7,7,1,3,0,6,2,2,3,1,0,181.9,114.9,Pinnate,Intermediate,Tropical,High,High
300,100,150,65,7,7,3,1,6,0,2,2,1,3,0,179.5,100.0,Pinnate,Yellow,Cool Temperate,High,High
100,300,65,150,7,7,1,3,0,6,2,2,3,1,0,194.3,98.9,Pinnate,Intermediate,Tropical,High,High
300,100,150,65,7,7,3,1,6,0,2,2,1,3,0,203.8,105.8,Pinnate,Pink,Cool Temperate,High,High
100,300,65,150,7,7,1,3,0,6,2,2,3,1,0,190.4,103.1,Pinnate,Intermediate,Tropical,High,High
300,100,150,65,7,7,3,1,6,0,2,2,1,3,0,212.6,104.0,Pinnate,Intermediate,Tropical,High,High
100,300,65,150,7,7,1,3,0,6,2,2,3,1,0,198.4,106.7,Pinnate,Intermediate,Cool Temperate,High,High
300,100,150,65,7,7,3,1,6,0,2,2,1,3,0,204.3,102.4,Pinnate,Intermediate,Cool Temperate,High,High
100,300,65,150,7,7,1,3,0,6,2,2,3,1,0,197.6,114.8,Pinnate,Intermediate,Tropical,High,High
300,100,150,65,7,7,3,1,6,0,2,2,1,3,0,192.5,110.1,Pinnate,Yellow,Tropical,High,High
100,300,65,150,7,7,1,3,0,6,2,2,3,1,0,203.8,99.8,Pinnate,Yellow,Cool Temperate,High,High
300,30,150,75,7,7,3,0,6,6,2,1,1,3,0,164.6,118.7,Pinnate,Intermediate,Cool Temperate,Very High,High
30,300,75,150,7,7,0,3,6,6,1,2,3,1,0,169.3,117.9,Pinnate,Pink,Cool Temperate,Very High,High
300,30,150,75,7,7,3,0,6,6,2,1,1,3,0,173.2,115.4,Pinnate,Intermediate,Cool Temperate,Very High,High
30,300,75,150,7,7,0,3,6,6,1,2,3,1,0,183.7,116.7,Pinnate,Pink,Cool Temperate,Very High,High
300,30,150,75,7,7,3,0,6,6,2,1,1,3,0,164.3,103.5,Pinnate,White,Cool Temperate,Very High,High
30,300,75,150,7,7,0,3,6,6,1,2,3,1,0,158.6,102.5,Pinnate,Intermediate,Cool Temperate,Very High,High
300,30,150,75,7,7,3,0,6,6,2,1,1,3,0,160.8,122.5,Pinnate,Intermediate,Cool Temperate,Very High,High
30,300,75,150,7,7,0,3,6,6,1,2,3,1,0,155.3,118.4,Pinnate,Intermediate,Cool Temperate,Very High,High
300,30,150,75,7,7,3,0,6,6,2,1,1,3,0,151.8,115.2,Pinnate,Intermediate,Cool Temperate,Very High,High
30,300,75,150,7,7,0,3,6,6,1,2,3,1,0,170.9,103.0,Pinnate,Intermediate,Cool Temperate,Very High,High
300,30,150,75,7,7,3,0,6,6,2,1,1,3,0,155.8,111.1,Pinnate,Pink,Cool Temperate,Very High,High
30,300,75,150,7,7,0,3,6,6,1,2,3,1,0,174.0,102.3,Pinnate,Intermediate,Cool Temperate,Very High,High
300,30,150,75,7,7,3,0,6,6,2,1,1,3,0,152.6,119.7,Pinnate,Intermediate,Cool Temperate,Very High,High
30,300,75,150,7,7,0,3,6,6,1,2,3,1,0,167.6,109.7,Pinnate,White,Cool Temperate,Very High,High
300,30,150,75,7,7,3,0,6,6,2,1,1,3,0,164.1,104.9,Pinnate,Pink,Cool Temperate,Very High,High
30,300,75,150,7,7,0,3,6,6,1,2,3,1,0,158.2,119.3,Pinnate,White,Cool Temperate,Very High,High
300,300,80,130,5,0,1,1,2,2,2,3,4,3,1,309.5,98.2,Intermediate,Yellow,Temperate,Very High,Very High
300,300,130,80,0,5,1,1,2,2,3,2,3,4,1,338.4,113.2,Ovate,Yellow,Temperate,Very High,Very High
300,300,80,130,5,0,1,1,2,2,2,3,4,3,1,282.7,103.2,Intermediate,Yellow,Temperate,Very High,Very High
300,300,130,80,0,5,1,1,2,2,3,2,3,4,1,288.7,111.8,Ovate,Yellow,Temperate,Very High,Very High
300,300,80,130,5,0,1,1,2,2,2,3,4,3,1,295.6,110.5,Intermediate,Yellow,Temperate,Very High,Very High
300,300,130,80,0,5,1,1,2,2,3,2,3,4,1,286.4,106.1,Ovate,Yellow,Temperate,Very High,Very High
300,300,80,130,5,0,1,1,2,2,2,3,4,3,1,285.9,93.9,Intermediate,Yellow,Temperate,Very High,Very High
300,300,130,80,0,5,1,1,2,2,3,2,3,4,1,294.6,102.0,Ovate,Yellow,Temperate,Very High,Very High
300,300,80,130,5,0,1,1,2,2,2,3,4,3,1,331.6,107.0,Cordate,Yellow,Temperate,Very High,Very High
300,300,130,80,0,5,1,1,2,2,3,2,3,4,1,312.6,107.8,Cordate,Yellow,Temperate,Very High,Very High
300,300,80,130,5,0,1,1,2,2,2,3,4,3,1,310.5,96.3,Ovate,Yellow,Temperate,Very High,Very High
300,300,130,80,0,5,1,1,2,2,3,2,3,4,1,284.3,110.8,Intermediate,Yellow,Temperate,Very High,Very High
300,300,80,130,5,0,1,1,2,2,2,3,4,3,1,289.1,97.2,Cordate,Yellow,Temperate,Very High,Very High
300,300,130,80,0,5,1,1,2,2,3,2,3,4,1,310.3,107.3,Cordate,Yellow,Temperate,Very High,Very High
300,300,80,130,5,0,1,1,2,2,2,3,4,3,1,335.8,102.7,Ovate,Yellow,Temperate,Very High,Very High
300,300,130,80,0,5,1,1,2,2,3,2,3,4,1,285.8,108.6,Ovate,Yellow,Temperate,Very High,Very High
300,120,80,120,5,3,1,0,2,0,2,1,4,4,0,214.6,101.3,Linear,Intermediate,Temperate,Very High,Very High
120,300,120,80,3,5,0,1,0,2,1,2,4,4,0,220.2,98.4,Linear,Intermediate,Tropical,Very High,Very High
300,120,80,120,5,3,1,0,2,0,2,1,4,4,0,220.3,105.2,Intermediate,Intermediate,Temperate,Very High,Very High
120,300,120,80,3,5,0,1,0,2,1,2,4,4,0,210.8,94.9,Intermediate,Intermediate,Tropical,Very High,Very High
300,120,80,120,5,3,1,0,2,0,2,1,4,4,0,190.6,92.5,Intermediate,Intermediate,Temperate,Very High,Very High
120,300,120,80,3,5,0,1,0,2,1,2,4,4,0,207.5,100.9,Intermediate,Intermediate,Temperate,Very High,Very High
300,120,80,120,5,3,1,0,2,0,2,1,4,4,0,209.8,100.8,Cordate,White,Temperate,Very High,Very High
120,300,120,80,3,5,0,1,0,2,1,2,4,4,0,199.4,100.6,Intermediate,White,Temperate,Very High,Very High
300,120,80,120,5,3,1,0,2,0,2,1,4,4,0,196.6,97.5,Cordate,White,Tropical,Very High,Very High
120,300,120,80,3,5,0,1,0,2,1,2,4,4,0,212.9,92.1,Cordate,White,Temperate,Very High,Very High
300,120,80,120,5,3,1,0,2,0,2,1,4,4,0,233.8,102.8,Intermediate,Yellow,Tropical,Very High,Very High
120,300,120,80,3,5,0,1,0,2,1,2,4,4,0,217.3,101.2,Cordate,Intermediate,Temperate,Very High,Very High
300,120,80,120,5,3,1,0,2,0,2,1,4,4,0,221.2,103.8,Cordate,Intermediate,Temperate,Very High,Very High
120,300,120,80,3,5,0,1,0,2,1,2,4,4,0,205.0,100.3,Linear,Intermediate,Tropical,Very High,Very High
300,120,80,120,5,3,1,0,2,0,2,1,4,4,0,206.2,102.7,Intermediate,White,Tropical,Very High,Very High
120,300,120,80,3,5,0,1,0,2,1,2,4,4,0,218.3,103.1,Intermediate,Yellow,Tropical,Very High,Very High
300,100,80,110,5,3,1,0,2,0,2,2,4,3,0,208.8,89.5,Intermediate,White,Temperate,High,Very High
100,300,110,80,3,5,0,1,0,2,2,2,3,4,0,192.4,94.6,Intermediate,Yellow,Tropical,High,Very High
300,100,80,110,5,3,1,0,2,0,2,2,4,3,0,202.5,94.4,Intermediate,White,Temperate,High,Very High
100,300,110,80,3,5,0,1,0,2,2,2,3,4,0,194.5,98.9,Intermediate,Intermediate,Temperate,High,Very High
300,100,80,110,5,3,1,0,2,0,2,2,4,3,0,200.0,84.9,Cordate,Yellow,Temperate,High,Very High
100,300,110,80,3,5,0,1,0,2,2,2,3,4,0,211.6,91.9,Cordate,Yellow,Temperate,High,Very High
300,100,80,110,5,3,1,0,2,0,2,2,4,3,0,209.1,99.5,Intermediate,White,Temperate,High,Very High
100,300,110,80,3,5,0,1,0,2,2,2,3,4,0,203.2,104.7,Linear,Intermediate,Tropical,High,Very High
300,100,80,110,5,3,1,0,2,0,2,2,4,3,0,187.0,98.1,Intermediate,Intermediate,Temperate,High,Very High
100,300,110,80,3,5,0,1,0,2,2,2,3,4,0,206.5,90.2,Linear,Intermediate,Tropical,High,Very High
300,100,80,110,5,3,1,0,2,0,2,2,4,3,0,196.0,101.0,Intermediate,Intermediate,Tropical,High,Very High
100,300,110,80,3,5,0,1,0,2,2,2,3,4,0,222.1,101.3,Intermediate,Yellow,Temperate,High,Very High
300,100,80,110,5,3,1,0,2,0,2,2,4,3,0,208.8,101.7,Intermediate,Intermediate,Tropical,High,Very High
100,300,110,80,3,5,0,1,0,2,2,2,3,4,0,196.8,89.0,Intermediate,Intermediate,Temperate,High,Very High
300,100,80,110,5,3,1,0,2,0,2,2,4,3,0,209.5,95.7,Linear,White,Temperate,High,Very High
100,300,110,80,3,5,0,1,0,2,2,2,3,4,0,206.0,102.6,Linear,Yellow,Tropical,High,Very High
300,90,80,100,5,3,1,0,2,2,2,1,4,4,0,211.5,90.5,Intermediate,White,Temperate,Very High,Very High
90,300,100,80,3,5,0,1,2,2,1,2,4,4,0,203.3,88.4,Linear,White,Temperate,Very High,Very High
300,90,80,100,5,3,1,0,2,2,2,1,4,4,0,178.4,93.8,Linear,Intermediate,Temperate,Very High,Very High
90,300,100,80,3,5,0,1,2,2,1,2,4,4,0,180.2,95.6,Linear,Yellow,Temperate,Very High,Very High
300,90,80,100,5,3,1,0,2,2,2,1,4,4,0,200.5,86.8,Intermediate,Intermediate,Temperate,Very High,Very High
90,300,100,80,3,5,0,1,2,2,1,2,4,4,0,192.3,88.2,Linear,Intermediate,Temperate,Very High,Very High
300,90,80,100,5,3,1,0,2,2,2,1,4,4,0,200.1,93.1,Cordate,Yellow,Temperate,Very High,Very High
90,300,100,80,3,5,0,1,2,2,1,2,4,4,0,197.6,90.5,Intermediate,Intermediate,Temperate,Very High,Very High
300,90,80,100,5,3,1,0,2,2,2,1,4,4,0,193.3,80.2,Intermediate,Intermediate,Temperate,Very High,Very High
90,300,100,80,3,5,0,1,2,2,1,2,4,4,0,190.2,88.6,Intermediate,Yellow,Temperate,Very High,Very High
300,90,80,100,5,3,1,0,2,2,2,1,4,4,0,193.4,93.1,Intermediate,White,Temperate,Very High,Very High
90,300,100,80,3,5,0,1,2,2,1,2,4,4,0,194.2,93.1,Linear,White,Temperate,Very High,Very High
300,90,80,100,5,3,1,0,2,2,2,1,4,4,0,187.7,85.4,Cordate,Intermediate,Temperate,Very High,Very High
90,300,100,80,3,5,0,1,2,2,1,2,4,4,0,204.7,93.3,Linear,Yellow,Temperate,Very High,Very High
300,90,80,100,5,3,1,0,2,2,2,1,4,4,0,202.1,91.0,Linear,Yellow,Temperate,Very High,Very High
90,300,100,80,3,5,0,1,2,2,1,2,4,4,0,206.0,87.9,Linear,Intermediate,Temperate,Very High,Very High
300,100,80,110,5,3,1,0,2,3,2,2,4,3,0,202.9,105.1,Intermediate,Yellow,Mediterranean,High,Very High
100,300,110,80,3,5,0,1,3,2,2,2,3,4,0,204.9,89.1,Intermediate,Intermediate,Temperate,High,Very High
300,100,80,110,5,3,1,0,2,3,2,2,4,3,0,213.2,101.8,Cordate,Intermediate,Mediterranean,High,Very High
100,300,110,80,3,5,0,1,3,2,2,2,3,4,0,204.7,95.0,Linear,Intermediate,Mediterranean,High,Very High
300,100,80,110,5,3,1,0,2,3,2,2,4,3,0,187.1,94.3,Linear,Intermediate,Mediterranean,High,Very High
100,300,110,80,3,5,0,1,3,2,2,2,3,4,0,210.1,98.1,Linear,Yellow,Mediterranean,High,Very High
300,100,80,110,5,3,1,0,2,3,2,2,4,3,0,200.1,97.5,Intermediate,Yellow,Mediterranean,High,Very High
100,300,110,80,3,5,0,1,3,2,2,2,3,4,0,203.4,96.7,Intermediate,Intermediate,Mediterranean,High,Very High
300,100,80,110,5,3,1,0,2,3,2,2,4,3,0,201.5,102.3,Intermediate,Intermediate,Temperate,High,Very High
100,300,110,80,3,5,0,1,3,2,2,2,3,4,0,199.7,96.5,Intermediate,White,Temperate,High,Very High
300,100,80,110,5,3,1,0,2,3,2,2,4,3,0,206.8,97.7,Intermediate,White,Temperate,High,Very High
100,300,110,80,3,5,0,1,3,2,2,2,3,4,0,209.3,102.5,Cordate,Intermediate,Temperate,High,Very High
300,100,80,110,5,3,1,0,2,3,2,2,4,3,0,182.9,99.0,Linear,Intermediate,Mediterranean,High,Very High
100,300,110,80,3,5,0,1,3,2,2,2,3,4,0,192.8,101.1,Intermediate,Intermediate,Temperate,High,Very High
300,100,80,110,5,3,1,0,2,3,2,2,4,3,0,193.8,96.9,Linear,Intermediate,Temperate,High,Very High
100,300,110,80,3,5,0,1,3,2,2,2,3,4,0,187.8,87.7,Linear,Intermediate,Temperate,High,Very High
300,200,80,55,5,4,1,1,2,9,2,1,4,3,0,243.2,66.9,Cordate,Yellow,Tropical/Temperate,Very High,Very High
200,300,55,80,4,5,1,1,9,2,1,2,3,4,0,251.8,64.0,Cordate,Yellow,Tropical/Temperate,Very High,Very High
300,200,80,55,5,4,1,1,2,9,2,1,4,3,0,261.8,66.9,Intermediate,Yellow,Tropical/Temperate,Very High,Very High
200,300,55,80,4,5,1,1,9,2,1,2,3,4,0,260.6,69.8,Palmate,Yellow,Temperate,Very High,Very High
300,200,80,55,5,4,1,1,2,9,2,1,4,3,0,229.4,72.4,Palmate,Yellow,Temperate,Very High,Very High
200,300,55,80,4,5,1,1,9,2,1,2,3,4,0,238.7,69.1,Intermediate,Yellow,Tropical/Temperate,Very High,Very High
300,200,80,55,5,4,1,1,2,9,2,1,4,3,0,262.4,73.1,Cordate,Yellow,Tropical/Temperate,Very High,Very High
200,300,55,80,4,5,1,1,9,2,1,2,3,4,0,230.4,71.8,Intermediate,Yellow,Tropical/Temperate,Very High,Very High
300,200,80,55,5,4,1,1,2,9,2,1,4,3,0,247.7,66.5,Intermediate,Yellow,Temperate,Very High,Very High
200,300,55,80,4,5,1,1,9,2,1,2,3,4,0,237.8,65.6,Intermediate,Yellow,Tropical/Temperate,Very High,Very High
300,200,80,55,5,4,1,1,2,9,2,1,4,3,0,253.2,62.2,Intermediate,Yellow,Tropical/Temperate,Very High,Very High
200,300,55,80,4,5,1,1,9,2,1,2,3,4,0,231.1,70.9,Intermediate,Yellow,Temperate,Very High,Very High
300,200,80,55,5,4,1,1,2,9,2,1,4,3,0,264.8,70.6,Intermediate,Yellow,Tropical/Temperate,Very High,Very High
200,300,55,80,4,5,1,1,9,2,1,2,3,4,0,251.4,64.9,Palmate,Yellow,Tropical/Temperate,Very High,Very High
300,200,80,55,5,4,1,1,2,9,2,1,4,3,0,250.2,69.5,Palmate,Yellow,Temperate,Very High,Very High
200,300,55,80,4,5,1,1,9,2,1,2,3,4,0,231.6,67.6,Cordate,Yellow,Temperate,Very High,Very High
300,150,80,75,5,4,1,1,2,4,2,1,4,3,0,216.6,75.5,Palmate,Yellow,Temperate,Very High,Very High
150,300,75,80,4,5,1,1,4,2,1,2,3,4,0,213.2,75.9,Intermediate,Yellow,Arid,Very High,Very High
300,150,80,75,5,4,1,1,2,4,2,1,4,3,0,208.1,78.4,Intermediate,Yellow,Temperate,Very High,Very High
150,300,75,80,4,5,1,1,4,2,1,2,3,4,0,209.9,79.7,Cordate,Yellow,Temperate,Very High,Very High
300,150,80,75,5,4,1,1,2,4,2,1,4,3,0,219.4,75.0,Intermediate,Yellow,Temperate,Very High,Very High
150,300,75,80,4,5,1,1,4,2,1,2,3,4,0,216.6,79.5,Intermediate,Yellow,Temperate,Very High,Very High
300,150,80,75,5,4,1,1,2,4,2,1,4,3,0,218.4,83.5,Cordate,Yellow,Arid,Very High,Very High
150,300,75,80,4,5,1,1,4,2,1,2,3,4,0,217.8,72.7,Palmate,Yellow,Temperate,Very High,Very High
300,150,80,75,5,4,1,1,2,4,2,1,4,3,0,229.3,78.2,Intermediate,Yellow,Arid,Very High,Very High
150,300,75,80,4,5,1,1,4,2,1,2,3,4,0,219.3,80.0,Cordate,Yellow,Temperate,Very High,Very High
300,150,80,75,5,4,1,1,2,4,2,1,4,3,0,233.9,72.8,Palmate,Yellow,Temperate,Very High,Very High
150,300,75,80,4,5,1,1,4,2,1,2,3,4,0,225.4,77.7,Palmate,Yellow,Temperate,Very High,Very High
300,150,80,75,5,4,1,1,2,4,2,1,4,3,0,248.3,79.1,Cordate,Yellow,Temperate,Very High,Very High
150,300,75,80,4,5,1,1,4,2,1,2,3,4,0,211.5,74.7,Palmate,Yellow,Temperate,Very High,Very High
300,150,80,75,5,4,1,1,2,4,2,1,4,3,0,233.6,73.4,Cordate,Yellow,Arid,Very High,Very High
150,300,75,80,4,5,1,1,4,2,1,2,3,4,0,221.2,73.4,Palmate,Yellow,Arid,Very High,Very High
300,60,80,60,5,0,1,0,2,2,2,1,4,3,0,180.8,69.7,Intermediate,Intermediate,Temperate,Very High,Very High
60,300,60,80,0,5,0,1,2,2,1,2,3,4,0,187.3,64.6,Intermediate,Yellow,Temperate,Very High,Very High
300,60,80,60,5,0,1,0,2,2,2,1,4,3,0,179.0,65.9,Ovate,Intermediate,Temperate,Very High,Very High
60,300,60,80,0,5,0,1,2,2,1,2,3,4,0,187.6,69.4,Intermediate,Intermediate,Temperate,Very High,Very High
300,60,80,60,5,0,1,0,2,2,2,1,4,3,0,177.1,75.3,Intermediate,Yellow,Temperate,Very High,Very High
60,300,60,80,0,5,0,1,2,2,1,2,3,4,0,180.1,63.2,Cordate,Yellow,Temperate,Very High,Very High
300,60,80,60,5,0,1,0,2,2,2,1,4,3,0,197.3,74.4,Ovate,Yellow,Temperate,Very High,Very High
60,300,60,80,0,5,0,1,2,2,1,2,3,4,0,181.6,67.7,Intermediate,Intermediate,Temperate,Very High,Very High
300,60,80,60,5,0,1,0,2,2,2,1,4,3,0,178.7,66.7,Intermediate,Intermediate,Temperate,Very High,Very High
60,300,60,80,0,5,0,1,2,2,1,2,3,4,0,197.3,73.7,Intermediate,Intermediate,Temperate,Very High,Very High
300,60,80,60,5,0,1,0,2,2,2,1,4,3,0,174.0,68.2,Ovate,Intermediate,Temperate,Very High,Very High
60,300,60,80,0,5,0,1,2,2,1,2,3,4,0,179.2,74.5,Ovate,Intermediate,Temperate,Very High,Very High
300,60,80,60,5,0,1,0,2,2,2,1,4,3,0,175.6,73.7,Intermediate,Yellow,Temperate,Very High,Very High
60,300,60,80,0,5,0,1,2,2,1,2,3,4,0,182.9,69.6,Intermediate,Intermediate,Temperate,Very High,Very High
300,60,80,60,5,0,1,0,2,2,2,1,4,3,0,179.6,75.1,Intermediate,Yellow,Temperate,Very High,Very High
60,300,60,80,0,5,0,1,2,2,1,2,3,4,0,179.2,69.5,Ovate,Yellow,Temperate,Very High,Very High
300,180,80,80,5,0,1,0,2,0,2,2,4,3,0,233.1,81.3,Intermediate,Yellow,Temperate,High,Very High
180,300,80,80,0,5,0,1,0,2,2,2,3,4,0,237.6,82.9,Ovate,Intermediate,Tropical,High,Very High
300,180,80,80,5,0,1,0,2,0,2,2,4,3,0,230.0,85.1,Intermediate,Intermediate,Temperate,High,Very High
180,300,80,80,0,5,0,1,0,2,2,2,3,4,0,243.1,80.8,Intermediate,Intermediate,Tropical,High,Very High
300,180,80,80,5,0,1,0,2,0,2,2,4,3,0,232.2,84.2,Cordate,Intermediate,Tropical,High,Very High
180,300,80,80,0,5,0,1,0,2,2,2,3,4,0,251.5,76.9,Cordate,Intermediate,Temperate,High,Very High
300,180,80,80,5,0,1,0,2,0,2,2,4,3,0,261.1,76.9,Intermediate,Yellow,Tropical,High,Very High
180,300,80,80,0,5,0,1,0,2,2,2,3,4,0,257.3,73.9,Ovate,White,Tropical,High,Very High
300,180,80,80,5,0,1,0,2,0,2,2,4,3,0,226.5,71.9,Cordate,Intermediate,Temperate,High,Very High
180,300,80,80,0,5,0,1,0,2,2,2,3,4,0,241.1,76.7,Intermediate,Intermediate,Temperate,High,Very High
300,180,80,80,5,0,1,0,2,0,2,2,4,3,0,257.4,75.1,Intermediate,White,Tropical,High,Very High
180,300,80,80,0,5,0,1,0,2,2,2,3,4,0,231.9,82.0,Intermediate,White,Tropical,High,Very High
300,180,80,80,5,0,1,0,2,0,2,2,4,3,0,257.5,82.8,Intermediate,Intermediate,Temperate,High,Very High
180,300,80,80,0,5,0,1,0,2,2,2,3,4,0,242.9,86.0,Ovate,Intermediate,Tropical,High,Very High
300,180,80,80,5,0,1,0,2,0,2,2,4,3,0,234.2,74.8,Intermediate,Intermediate,Temperate,High,Very High
180,300,80,80,0,5,0,1,0,2,2,2,3,4,0,245.1,81.1,Cordate,Intermediate,Temperate,High,Very High
300,100,80,95,5,0,1,2,2,2,2,2,4,4,0,194.5,88.2,Intermediate,Intermediate,Temperate,High,Very High
100,300,95,80,0,5,2,1,2,2,2,2,4,4,0,202.7,90.2,Ovate,Intermediate,Temperate,High,Very High
300,100,80,95,5,0,1,2,2,2,2,2,4,4,0,198.4,89.1,Intermediate,Purple,Temperate,High,Very High
100,300,95,80,0,5,2,1,2,2,2,2,4,4,0,202.9,89.7,Cordate,Intermediate,Temperate,High,Very High
300,100,80,95,5,0,1,2,2,2,2,2,4,4,0,185.8,90.6,Intermediate,Purple,Temperate,High,Very High
100,300,95,80,0,5,2,1,2,2,2,2,4,4,0,195.8,88.5,Ovate,Intermediate,Temperate,High,Very High
300,100,80,95,5,0,1,2,2,2,2,2,4,4,0,200.0,82.2,Cordate,Purple,Temperate,High,Very High
100,300,95,80,0,5,2,1,2,2,2,2,4,4,0,209.2,88.2,Intermediate,Purple,Temperate,High,Very High
300,100,80,95,5,0,1,2,2,2,2,2,4,4,0,212.7,91.4,Ovate,Intermediate,Temperate,High,Very High
100,300,95,80,0,5,2,1,2,2,2,2,4,4,0,187.6,93.3,Intermediate,Intermediate,Temperate,High,Very High
300,100,80,95,5,0,1,2,2,2,2,2,4,4,0,201.0,76.2,Intermediate,Intermediate,Temperate,High,Very High
100,300,95,80,0,5,2,1,2,2,2,2,4,4,0,209.7,79.6,Ovate,Purple,Temperate,High,Very High
300,100,80,95,5,0,1,2,2,2,2,2,4,4,0,202.6,84.3,Cordate,Yellow,Temperate,High,Very High
100,300,95,80,0,5,2,1,2,2,2,2,4,4,0,193.2,90.6,Intermediate,Yellow,Temperate,High,Very High
300,100,80,95,5,0,1,2,2,2,2,2,4,4,0,197.8,93.0,Intermediate,Purple,Temperate,High,Very High
100,300,95,80,0,5,2,1,2,2,2,2,4,4,0,199.3,92.1,Intermediate,Purple,Temperate,High,Very High
300,50,80,130,5,9,1,1,2,8,2,1,4,3,0,171.7,109.5,Compound,Yellow,Temperate,Very High,Very High
50,300,130,80,9,5,1,1,8,2,1,2,3,4,0,175.2,107.5,Intermediate,Yellow,Temperate,Very High,Very High
300,50,80,130,5,9,1,1,2,8,2,1,4,3,0,177.7,100.3,Compound,Yellow,Tropical/Subtropical,Very High,Very High
50,300,130,80,9,5,1,1,8,2,1,2,3,4,0,172.9,108.3,Compound,Yellow,Temperate,Very High,Very High
300,50,80,130,5,9,1,1,2,8,2,1,4,3,0,184.0,109.5,Intermediate,Yellow,Temperate,Very High,Very High
50,300,130,80,9,5,1,1,8,2,1,2,3,4,0,171.9,105.8,Intermediate,Yellow,Temperate,Very High,Very High
300,50,80,130,5,9,1,1,2,8,2,1,4,3,0,178.1,106.4,Compound,Yellow,Tropical/Subtropical,Very High,Very High
50,300,130,80,9,5,1,1,8,2,1,2,3,4,0,176.2,102.6,Compound,Yellow,Tropical/Subtropical,Very High,Very High
300,50,80,130,5,9,1,1,2,8,2,1,4,3,0,176.4,99.6,Intermediate,Yellow,Tropical/Subtropical,Very High,Very High
50,300,130,80,9,5,1,1,8,2,1,2,3,4,0,178.4,106.5,Intermediate,Yellow,Temperate,Very High,Very High
300,50,80,130,5,9,1,1,2,8,2,1,4,3,0,181.8,107.0,Intermediate,Yellow,Tropical/Subtropical,Very High,Very High
50,300,130,80,9,5,1,1,8,2,1,2,3,4,0,187.3,108.3,Cordate,Yellow,Temperate,Very High,Very High
300,50,80,130,5,9,1,1,2,8,2,1,4,3,0,180.6,106.1,Intermediate,Yellow,Temperate,Very High,Very High
50,300,130,80,9,5,1,1,8,2,1,2,3,4,0,180.3,105.0,Intermediate,Yellow,Temperate,Very High,Very High
300,50,80,130,5,9,1,1,2,8,2,1,4,3,0,167.0,109.2,Compound,Yellow,Temperate,Very High,Very High
50,300,130,80,9,5,1,1,8,2,1,2,3,4,0,181.3,89.7,Intermediate,Yellow,Tropical/Subtropical,Very High,Very High
300,70,80,90,5,7,1,0,2,6,2,1,4,4,0,184.4,89.7,Intermediate,Intermediate,Temperate,Very High,Very High
70,300,90,80,7,5,0,1,6,2,1,2,4,4,0,177.5,78.4,Cordate,Intermediate,Temperate,Very High,Very High
300,70,80,90,5,7,1,0,2,6,2,1,4,4,0,193.4,85.2,Intermediate,White,Temperate,Very High,Very High
70,300,90,80,7,5,0,1,6,2,1,2,4,4,0,193.2,88.0,Intermediate,Intermediate,Temperate,Very High,Very High
300,70,80,90,5,7,1,0,2,6,2,1,4,4,0,195.8,83.9,Intermediate,Intermediate,Cool Temperate,Very High,Very High
70,300,90,80,7,5,0,1,6,2,1,2,4,4,0,168.7,85.1,Cordate,White,Temperate,Very High,Very High
300,70,80,90,5,7,1,0,2,6,2,1,4,4,0,194.7,81.8,Pinnate,Yellow,Temperate,Very High,Very High
70,300,90,80,7,5,0,1,6,2,1,2,4,4,0,193.5,81.5,Intermediate,White,Temperate,Very High,Very High
300,70,80,90,5,7,1,0,2,6,2,1,4,4,0,187.2,83.2,Intermediate,White,Cool Temperate,Very High,Very High
70,300,90,80,7,5,0,1,6,2,1,2,4,4,0,197.5,85.8,Intermediate,White,Cool Temperate,Very High,Very High
300,70,80,90,5,7,1,0,2,6,2,1,4,4,0,191.8,87.1,Intermediate,White,Temperate,Very High,Very High
70,300,90,80,7,5,0,1,6,2,1,2,4,4,0,179.4,81.4,Pinnate,Yellow,Cool Temperate,Very High,Very High
300,70,80,90,5,7,1,0,2,6,2,1,4,4,0,172.8,90.8,Pinnate,White,Temperate,Very High,Very High
70,300,90,80,7,5,0,1,6,2,1,2,4,4,0,191.1,84.2,Pinnate,Intermediate,Cool Temperate,Very High,Very High
300,70,80,90,5,7,1,0,2,6,2,1,4,4,0,178.3,84.5,Intermediate,Intermediate,Temperate,Very High,Very High
70,300,90,80,7,5,0,1,6,2,1,2,4,4,0,194.7,85.6,Cordate,Intermediate,Temperate,Very High,Very High
300,30,80,100,5,5,1,2,2,8,2,2,4,3,0,170.8,80.4,Cordate,Yellow,Temperate,High,Very High
30,300,100,80,5,5,2,1,8,2,2,2,3,4,0,169.7,89.7,Cordate,Purple,Temperate,High,Very High
300,30,80,100,5,5,1,2,2,8,2,2,4,3,0,173.2,89.5,Cordate,Yellow,Temperate,High,Very High
30,300,100,80,5,5,2,1,8,2,2,2,3,4,0,156.9,99.4,Cordate,Yellow,Tropical/Subtropical,High,Very High
300,30,80,100,5,5,1,2,2,8,2,2,4,3,0,177.7,95.6,Cordate,Yellow,Temperate,High,Very High
30,300,100,80,5,5,2,1,8,2,2,2,3,4,0,168.1,92.2,Cordate,Purple,Tropical/Subtropical,High,Very High
300,30,80,100,5,5,1,2,2,8,2,2,4,3,0,171.9,86.5,Cordate,Intermediate,Tropical/Subtropical,High,Very High
30,300,100,80,5,5,2,1,8,2,2,2,3,4,0,169.5,85.3,Cordate,Purple,Tropical/Subtropical,High,Very High
300,30,80,100,5,5,1,2,2,8,2,2,4,3,0,159.0,92.0,Cordate,Intermediate,Temperate,High,Very High
30,300,100,80,5,5,2,1,8,2,2,2,3,4,0,154.3,88.8,Cordate,Purple,Temperate,High,Very High
300,30,80,100,5,5,1,2,2,8,2,2,4,3,0,154.4,91.0,Cordate,Intermediate,Tropical/Subtropical,High,Very High
30,300,100,80,5,5,2,1,8,2,2,2,3,4,0,165.0,96.7,Cordate,Intermediate,Temperate,High,Very High
300,30,80,100,5,5,1,2,2,8,2,2,4,3,0,162.6,83.6,Cordate,Intermediate,Tropical/Subtropical,High,Very High
30,300,100,80,5,5,2,1,8,2,2,2,3,4,0,165.1,91.8,Cordate,Intermediate,Temperate,High,Very High
300,30,80,100,5,5,1,2,2,8,2,2,4,3,0,165.1,85.7,Cordate,Intermediate,Tropical/Subtropical,High,Very High
30,300,100,80,5,5,2,1,8,2,2,2,3,4,0,166.2,94.5,Cordate,Purple,Temperate,High,Very High
300,300,80,270,5,4,1,0,2,0,2,3,4,4,0,321.6,188.2,Intermediate,Intermediate,Tropical,Very High,Very High
300,300,270,80,4,5,0,1,0,2,3,2,4,4,0,293.8,167.6,Intermediate,White,Tropical,Very High,Very High
300,300,80,270,5,4,1,0,2,0,2,3,4,4,0,323.0,164.8,Cordate,Yellow,Tropical,Very High,Very High
300,300,270,80,4,5,0,1,0,2,3,2,4,4,0,273.4,175.5,Palmate,Yellow,Tropical,Very High,Very High
300,300,80,270,5,4,1,0,2,0,2,3,4,4,0,318.7,168.2,Intermediate,Yellow,Tropical,Very High,Very High
300,300,270,80,4,5,0,1,0,2,3,2,4,4,0,289.4,164.4,Intermediate,White,Temperate,Very High,Very High
300,300,80,270,5,4,1,0,2,0,2,3,4,4,0,327.9,183.5,Cordate,Yellow,Tropical,Very High,Very High
300,300,270,80,4,5,0,1,0,2,3,2,4,4,0,307.0,159.1,Intermediate,Intermediate,Temperate,Very High,Very High
300,300,80,270,5,4,1,0,2,0,2,3,4,4,0,271.1,171.7,Palmate,Intermediate,Temperate,Very High,Very High
300,300,270,80,4,5,0,1,0,2,3,2,4,4,0,286.7,171.4,Palmate,Intermediate,Temperate,Very High,Very High
300,300,80,270,5,4,1,0,2,0,2,3,4,4,0,299.0,174.7,Palmate,Intermediate,Temperate,Very High,Very High
300,300,270,80,4,5,0,1,0,2,3,2,4,4,0,310.5,177.6,Intermediate,Intermediate,Temperate,Very High,Very High
300,300,80,270,5,4,1,0,2,0,2,3,4,4,0,303.8,167.3,Intermediate,Intermediate,Temperate,Very High,Very High
300,300,270,80,4,5,0,1,0,2,3,2,4,4,0,307.6,177.0,Cordate,Yellow,Tropical,Very High,Very High
300,300,80,270,5,4,1,0,2,0,2,3,4,4,0,305.2,174.3,Intermediate,Intermediate,Temperate,Very High,Very High
300,300,270,80,4,5,0,1,0,2,3,2,4,4,0,310.8,180.9,Palmate,White,Temperate,Very High,Very High
300,50,80,70,5,6,1,1,2,6,2,1,4,3,0,178.0,66.0,Oblong,Yellow,Cool Temperate,Very High,Very High
50,300,70,80,6,5,1,1,6,2,1,2,3,4,0,173.1,77.9,Cordate,Yellow,Cool Temperate,Very High,Very High
300,50,80,70,5,6,1,1,2,6,2,1,4,3,0,161.6,65.6,Cordate,Yellow,Temperate,Very High,Very High
50,300,70,80,6,5,1,1,6,2,1,2,3,4,0,181.6,71.4,Intermediate,Yellow,Temperate,Very High,Very High
300,50,80,70,5,6,1,1,2,6,2,1,4,3,0,176.4,76.0,Intermediate,Yellow,Temperate,Very High,Very High
50,300,70,80,6,5,1,1,6,2,1,2,3,4,0,171.1,75.6,Cordate,Yellow,Cool Temperate,Very High,Very High
300,50,80,70,5,6,1,1,2,6,2,1,4,3,0,180.5,77.4,Oblong,Yellow,Cool Temperate,Very High,Very High
50,300,70,80,6,5,1,1,6,2,1,2,3,4,0,182.0,69.7,Intermediate,Yellow,Cool Temperate,Very High,Very High
300,50,80,70,5,6,1,1,2,6,2,1,4,3,0,168.2,71.5,Intermediate,Yellow,Cool Temperate,Very High,Very High
50,300,70,80,6,5,1,1,6,2,1,2,3,4,0,160.9,69.4,Cordate,Yellow,Temperate,Very High,Very High
300,50,80,70,5,6,1,1,2,6,2,1,4,3,0,179.2,77.6,Oblong,Yellow,Cool Temperate,Very High,Very High
50,300,70,80,6,5,1,1,6,2,1,2,3,4,0,178.0,69.3,Intermediate,Yellow,Temperate,Very High,Very High
300,50,80,70,5,6,1,1,2,6,2,1,4,3,0,165.7,78.6,Intermediate,Yellow,Cool Temperate,Very High,Very High
50,300,70,80,6,5,1,1,6,2,1,2,3,4,0,186.7,70.4,Cordate,Yellow,Cool Temperate,Very High,Very High
300,50,80,70,5,6,1,1,2,6,2,1,4,3,0,161.3,71.7,Oblong,Yellow,Temperate,Very High,Very High
50,300,70,80,6,5,1,1,6,2,1,2,3,4,0,164.1,76.5,Oblong,Yellow,Temperate,Very High,Very High
300,130,80,100,5,10,1,1,2,2,2,2,4,4,0,206.3,82.5,Intermediate,Yellow,Temperate,High,Very High
130,300,100,80,10,5,1,1,2,2,2,2,4,4,0,228.3,84.7,Intermediate,Yellow,Temperate,High,Very High
300,130,80,100,5,10,1,1,2,2,2,2,4,4,0,207.2,100.2,Lobed,Yellow,Temperate,High,Very High
130,300,100,80,10,5,1,1,2,2,2,2,4,4,0,201.2,83.8,Cordate,Yellow,Temperate,High,Very High
300,130,80,100,5,10,1,1,2,2,2,2,4,4,0,200.1,86.2,Intermediate,Yellow,Temperate,High,Very High
130,300,100,80,10,5,1,1,2,2,2,2,4,4,0,217.2,91.5,Cordate,Yellow,Temperate,High,Very High
300,130,80,100,5,10,1,1,2,2,2,2,4,4,0,221.3,91.9,Lobed,Yellow,Temperate,High,Very High
130,300,100,80,10,5,1,1,2,2,2,2,4,4,0,202.4,88.4,Cordate,Yellow,Temperate,High,Very High
300,130,80,100,5,10,1,1,2,2,2,2,4,4,0,222.4,86.6,Intermediate,Yellow,Temperate,High,Very High
130,300,100,80,10,5,1,1,2,2,2,2,4,4,0,212.4,86.4,Lobed,Yellow,Temperate,High,Very High
300,130,80,100,5,10,1,1,2,2,2,2,4,4,0,209.3,86.1,Intermediate,Yellow,Temperate,High,Very High
130,300,100,80,10,5,1,1,2,2,2,2,4,4,0,203.7,86.6,Intermediate,Yellow,Temperate,High,Very High
300,130,80,100,5,10,1,1,2,2,2,2,4,4,0,203.5,98.6,Cordate,Yellow,Temperate,High,Very High
130,300,100,80,10,5,1,1,2,2,2,2,4,4,0,219.7,92.4,Cordate,Yellow,Temperate,High,Very High
300,130,80,100,5,10,1,1,2,2,2,2,4,4,0,231.7,98.4,Cordate,Yellow,Temperate,High,Very High
130,300,100,80,10,5,1,1,2,2,2,2,4,4,0,218.5,85.4,Lobed,Yellow,Temperate,High,Very High
300,150,80,150,5,4,1,0,2,1,2,1,4,3,0,221.7,119.1,Palmate,Intermediate,Subtropical,Very High,Very High
150,300,150,80,4,5,0,1,1,2,1,2,3,4,0,232.9,117.7,Palmate,Yellow,Subtropical,Very High,Very High
300,150,80,150,5,4,1,0,2,1,2,1,4,3,0,214.6,110.6,Intermediate,Yellow,Subtropical,Very High,Very High
150,300,150,80,4,5,0,1,1,2,1,2,3,4,0,252.1,123.1,Palmate,Yellow,Subtropical,Very High,Very High
300,150,80,150,5,4,1,0,2,1,2,1,4,3,0,225.7,116.6,Cordate,Intermediate,Temperate,Very High,Very High
150,300,150,80,4,5,0,1,1,2,1,2,3,4,0,205.2,111.8,Intermediate,Intermediate,Subtropical,Very High,Very High
300,150,80,150,5,4,1,0,2,1,2,1,4,3,0,210.2,119.6,Palmate,Yellow,Temperate,Very High,Very High
150,300,150,80,4,5,0,1,1,2,1,2,3,4,0,234.0,106.0,Palmate,White,Temperate,Very High,Very High
300,150,80,150,5,4,1,0,2,1,2,1,4,3,0,222.7,116.8,Intermediate,Intermediate,Subtropical,Very High,Very High
150,300,150,80,4,5,0,1,1,2,1,2,3,4,0,244.2,114.2,Cordate,Intermediate,Subtropical,Very High,Very High
300,150,80,150,5,4,1,0,2,1,2,1,4,3,0,227.0,125.3,Palmate,White,Temperate,Very High,Very High
150,300,150,80,4,5,0,1,1,2,1,2,3,4,0,222.2,116.6,Intermediate,Intermediate,Subtropical,Very High,Very High
300,150,80,150,5,4,1,0,2,1,2,1,4,3,0,213.3,120.4,Intermediate,Intermediate,Subtropical,Very High,Very High
150,300,150,80,4,5,0,1,1,2,1,2,3,4,0,227.5,124.7,Cordate,Intermediate,Subtropical,Very High,Very High
300,150,80,150,5,4,1,0,2,1,2,1,4,3,0,234.2,116.5,Cordate,White,Subtropical,Very High,Very High
150,300,150,80,4,5,0,1,1,2,1,2,3,4,0,219.4,121.2,Intermediate,White,Temperate,Very High,Very High
300,200,80,170,5,4,1,1,2,0,2,2,4,1,0,253.2,127.4,Intermediate,Yellow,Temperate,High,High
200,300,170,80,4,5,1,1,0,2,2,2,1,4,0,263.3,125.7,Cordate,Yellow,Tropical,High,High
300,200,80,170,5,4,1,1,2,0,2,2,4,1,0,250.4,129.7,Palmate,Yellow,Temperate,High,High
200,300,170,80,4,5,1,1,0,2,2,2,1,4,0,241.2,116.3,Cordate,Yellow,Temperate,High,High
300,200,80,170,5,4,1,1,2,0,2,2,4,1,0,259.4,116.3,Intermediate,Yellow,Temperate,High,High
200,300,170,80,4,5,1,1,0,2,2,2,1,4,0,231.7,116.2,Intermediate,Yellow,Tropical,High,High
300,200,80,170,5,4,1,1,2,0,2,2,4,1,0,256.6,125.5,Palmate,Yellow,Tropical,High,High
200,300,170,80,4,5,1,1,0,2,2,2,1,4,0,252.1,129.3,Intermediate,Yellow,Tropical,High,High
300,200,80,170,5,4,1,1,2,0,2,2,4,1,0,238.7,120.1,Palmate,Yellow,Temperate,High,High
200,300,170,80,4,5,1,1,0,2,2,2,1,4,0,265.6,127.7,Palmate,Yellow,Tropical,High,High
300,200,80,170,5,4,1,1,2,0,2,2,4,1,0,276.1,123.9,Cordate,Yellow,Tropical,High,High
200,300,170,80,4,5,1,1,0,2,2,2,1,4,0,258.2,124.1,Intermediate,Yellow,Temperate,High,High
300,200,80,170,5,4,1,1,2,0,2,2,4,1,0,239.2,114.9,Intermediate,Yellow,Tropical,High,High
200,300,170,80,4,5,1,1,0,2,2,2,1,4,0,243.4,137.7,Palmate,Yellow,Tropical,High,High
300,200,80,170,5,4,1,1,2,0,2,2,4,1,0,228.0,127.7,Palmate,Yellow,Tropical,High,High
200,300,170,80,4,5,1,1,0,2,2,2,1,4,0,255.4,119.0,Cordate,Yellow,Temperate,High,High
300,180,80,90,5,2,1,3,2,8,2,1,4,3,0,236.1,84.1,Elliptical,Yellow,Tropical/Subtropical,Very High,Very High
180,300,90,80,2,5,3,1,8,2,1,2,3,4,0,238.2,84.5,Intermediate,Pink,Temperate,Very High,Very High
300,180,80,90,5,2,1,3,2,8,2,1,4,3,0,256.5,83.2,Intermediate,Pink,Tropical/Subtropical,Very High,Very High
180,300,90,80,2,5,3,1,8,2,1,2,3,4,0,252.3,88.3,Intermediate,Intermediate,Temperate,Very High,Very High
300,180,80,90,5,2,1,3,2,8,2,1,4,3,0,237.6,86.4,Cordate,Yellow,Tropical/Subtropical,Very High,Very High
180,300,90,80,2,5,3,1,8,2,1,2,3,4,0,239.7,79.8,Elliptical,Intermediate,Tropical/Subtropical,Very High,Very High
300,180,80,90,5,2,1,3,2,8,2,1,4,3,0,239.5,83.0,Intermediate,Intermediate,Tropical/Subtropical,Very High,Very High
180,300,90,80,2,5,3,1,8,2,1,2,3,4,0,240.6,83.2,Intermediate,Intermediate,Temperate,Very High,Very High
300,180,80,90,5,2,1,3,2,8,2,1,4,3,0,232.1,85.0,Intermediate,Pink,Temperate,Very High,Very High
180,300,90,80,2,5,3,1,8,2,1,2,3,4,0,227.0,83.6,Intermediate,Intermediate,Tropical/Subtropical,Very High,Very High
300,180,80,90,5,2,1,3,2,8,2,1,4,3,0,231.6,81.7,Intermediate,Pink,Tropical/Subtropical,Very High,Very High
180,300,90,80,2,5,3,1,8,2,1,2,3,4,0,246.6,81.9,Cordate,Yellow,Tropical/Subtropical,Very High,Very High
300,180,80,90,5,2,1,3,2,8,2,1,4,3,0,241.4,88.1,Elliptical,Yellow,Tropical/Subtropical,Very High,Very High
180,300,90,80,2,5,3,1,8,2,1,2,3,4,0,232.2,87.6,Cordate,Pink,Tropical/Subtropical,Very High,Very High
300,180,80,90,5,2,1,3,2,8,2,1,4,3,0,233.8,96.5,Elliptical,Intermediate,Temperate,Very High,Very High
180,300,90,80,2,5,3,1,8,2,1,2,3,4,0,222.1,90.0,Elliptical,Intermediate,Tropical/Subtropical,Very High,Very High
300,100,80,80,5,0,1,1,2,2,2,3,4,1,0,197.1,72.2,Cordate,Yellow,Temperate,Very High,High
100,300,80,80,0,5,1,1,2,2,3,2,1,4,0,197.1,80.2,Cordate,Yellow,Temperate,Very High,High
300,100,80,80,5,0,1,1,2,2,2,3,4,1,0,184.2,78.1,Ovate,Yellow,Temperate,Very High,High
100,300,80,80,0,5,1,1,2,2,3,2,1,4,0,215.7,70.0,Intermediate,Yellow,Temperate,Very High,High
300,100,80,80,5,0,1,1,2,2,2,3,4,1,0,202.7,85.9,Intermediate,Yellow,Temperate,Very High,High
100,300,80,80,0,5,1,1,2,2,3,2,1,4,0,191.9,80.7,Intermediate,Yellow,Temperate,Very High,High
300,100,80,80,5,0,1,1,2,2,2,3,4,1,0,189.0,79.4,Cordate,Yellow,Temperate,Very High,High
100,300,80,80,0,5,1,1,2,2,3,2,1,4,0,207.0,78.3,Cordate,Yellow,Temperate,Very High,High
300,100,80,80,5,0,1,1,2,2,2,3,4,1,0,198.0,79.6,Intermediate,Yellow,Temperate,Very High,High
100,300,80,80,0,5,1,1,2,2,3,2,1,4,0,216.3,81.5,Intermediate,Yellow,Temperate,Very High,High
300,100,80,80,5,0,1,1,2,2,2,3,4,1,0,196.3,79.0,Intermediate,Yellow,Temperate,Very High,High
100,300,80,80,0,5,1,1,2,2,3,2,1,4,0,215.1,78.2,Cordate,Yellow,Temperate,Very High,High
300,100,80,80,5,0,1,1,2,2,2,3,4,1,0,195.4,80.1,Intermediate,Yellow,Temperate,Very High,High
100,300,80,80,0,5,1,1,2,2,3,2,1,4,0,191.2,81.3,Cordate,Yellow,Temperate,Very High,High
300,100,80,80,5,0,1,1,2,2,2,3,4,1,0,202.9,80.4,Ovate,Yellow,Temperate,Very High,High
100,300,80,80,0,5,1,1,2,2,3,2,1,4,0,206.5,81.8,Cordate,Yellow,Temperate,Very High,High
300,300,80,110,5,3,1,0,2,4,2,3,4,3,0,311.5,104.5,Cordate,Intermediate,Arid,Very High,Very High
300,300,110,80,3,5,0,1,4,2,3,2,3,4,0,297.5,93.9,Intermediate,Intermediate,Arid,Very High,Very High
300,300,80,110,5,3,1,0,2,4,2,3,4,3,0,303.5,96.4,Intermediate,Yellow,Temperate,Very High,Very High
300,300,110,80,3,5,0,1,4,2,3,2,3,4,0,329.2,97.5,Intermediate,Intermediate,Temperate,Very High,Very High
300,300,80,110,5,3,1,0,2,4,2,3,4,3,0,287.8,97.2,Linear,White,Temperate,Very High,Very High
300,300,110,80,3,5,0,1,4,2,3,2,3,4,0,325.7,91.8,Intermediate,Intermediate,Temperate,Very High,Very High
300,300,80,110,5,3,1,0,2,4,2,3,4,3,0,314.6,90.9,Cordate,Intermediate,Temperate,Very High,Very High
300,300,110,80,3,5,0,1,4,2,3,2,3,4,0,291.3,94.0,Linear,Intermediate,Temperate,Very High,Very High
300,300,80,110,5,3,1,0,2,4,2,3,4,3,0,297.9,104.2,Intermediate,Intermediate,Temperate,Very High,Very High
300,300,110,80,3,5,0,1,4,2,3,2,3,4,0,321.8,88.7,Intermediate,Yellow,Arid,Very High,Very High
300,300,80,110,5,3,1,0,2,4,2,3,4,3,0,292.3,94.8,Linear,Intermediate,Arid,Very High,Very High
300,300,110,80,3,5,0,1,4,2,3,2,3,4,0,309.4,104.3,Intermediate,Intermediate,Temperate,Very High,Very High
300,300,80,110,5,3,1,0,2,4,2,3,4,3,0,304.3,97.0,Intermediate,Yellow,Temperate,Very High,Very High
300,300,110,80,3,5,0,1,4,2,3,2,3,4,0,290.6,90.4,Cordate,White,Temperate,Very High,Very High
300,300,80,110,5,3,1,0,2,4,2,3,4,3,0,268.0,88.0,Intermediate,Yellow,Arid,Very High,Very High
300,300,110,80,3,5,0,1,4,2,3,2,3,4,0,289.6,90.2,Linear,Intermediate,Arid,Very High,Very High
300,250,80,90,5,3,1,2,2,5,2,3,4,1,0,299.5,84.7,Intermediate,Intermediate,Temperate,Very High,High
250,300,90,80,3,5,2,1,5,2,3,2,1,4,0,275.4,88.3,Linear,Intermediate,Semi-Arid,Very High,High
300,250,80,90,5,3,1,2,2,5,2,3,4,1,0,273.6,87.3,Intermediate,Yellow,Temperate,Very High,High
250,300,90,80,3,5,2,1,5,2,3,2,1,4,0,290.2,82.6,Cordate,Yellow,Semi-Arid,Very High,High
300,250,80,90,5,3,1,2,2,5,2,3,4,1,0,275.0,81.4,Cordate,Intermediate,Temperate,Very High,High
250,300,90,80,3,5,2,1,5,2,3,2,1,4,0,281.6,76.2,Intermediate,Purple,Temperate,Very High,High
300,250,80,90,5,3,1,2,2,5,2,3,4,1,0,281.1,94.2,Linear,Purple,Temperate,Very High,High
250,300,90,80,3,5,2,1,5,2,3,2,1,4,0,280.2,81.5,Intermediate,Intermediate,Semi-Arid,Very High,High
300,250,80,90,5,3,1,2,2,5,2,3,4,1,0,280.1,91.5,Intermediate,Yellow,Temperate,Very High,High
250,300,90,80,3,5,2,1,5,2,3,2,1,4,0,286.8,82.0,Linear,Purple,Semi-Arid,Very High,High
300,250,80,90,5,3,1,2,2,5,2,3,4,1,0,281.3,80.2,Cordate,Intermediate,Semi-Arid,Very High,High
250,300,90,80,3,5,2,1,5,2,3,2,1,4,0,263.7,84.4,Intermediate,Purple,Temperate,Very High,High
300,250,80,90,5,3,1,2,2,5,2,3,4,1,0,277.4,83.0,Intermediate,Yellow,Temperate,Very High,High
250,300,90,80,3,5,2,1,5,2,3,2,1,4,0,284.9,89.5,Intermediate,Intermediate,Temperate,Very High,High
300,250,80,90,5,3,1,2,2,5,2,3,4,1,0,283.6,86.4,Linear,Intermediate,Semi-Arid,Very High,High
250,300,90,80,3,5,2,1,5,2,3,2,1,4,0,252.2,91.7,Intermediate,Yellow,Semi-Arid,Very High,High
300,100,80,65,5,7,1,1,2,0,2,2,4,3,0,200.9,71.7,Cordate,Yellow,Temperate,High,Very High
100,300,65,80,7,5,1,1,0,2,2,2,3,4,0,220.6,78.3,Cordate,Yellow,Temperate,High,Very High
300,100,80,65,5,7,1,1,2,0,2,2,4,3,0,207.8,73.0,Intermediate,Yellow,Tropical,High,Very High
100,300,65,80,7,5,1,1,0,2,2,2,3,4,0,207.9,70.6,Intermediate,Yellow,Temperate,High,Very High
300,100,80,65,5,7,1,1,2,0,2,2,4,3,0,189.7,72.3,Intermediate,Yellow,Temperate,High,Very High
100,300,65,80,7,5,1,1,0,2,2,2,3,4,0,184.9,65.9,Pinnate,Yellow,Temperate,High,Very High
300,100,80,65,5,7,1,1,2,0,2,2,4,3,0,203.6,71.4,Intermediate,Yellow,Tropical,High,Very High
100,300,65,80,7,5,1,1,0,2,2,2,3,4,0,192.6,75.7,Cordate,Yellow,Tropical,High,Very High
300,100,80,65,5,7,1,1,2,0,2,2,4,3,0,237.1,71.8,Cordate,Yellow,Temperate,High,Very High
100,300,65,80,7,5,1,1,0,2,2,2,3,4,0,207.8,73.2,Intermediate,Yellow,Tropical,High,Very High
300,100,80,65,5,7,1,1,2,0,2,2,4,3,0,191.0,69.8,Pinnate,Yellow,Temperate,High,Very High
100,300,65,80,7,5,1,1,0,2,2,2,3,4,0,196.4,77.5,Cordate,Yellow,Temperate,High,Very High
300,100,80,65,5,7,1,1,2,0,2,2,4,3,0,191.2,76.7,Pinnate,Yellow,Temperate,High,Very High
100,300,65,80,7,5,1,1,0,2,2,2,3,4,0,218.2,73.7,Cordate,Yellow,Tropical,High,Very High
300,100,80,65,5,7,1,1,2,0,2,2,4,3,0,195.2,74.8,Pinnate,Yellow,Temperate,High,Very High
100,300,65,80,7,5,1,1,0,2,2,2,3,4,0,195.0,75.8,Pinnate,Yellow,Temperate,High,Very High
300,30,80,75,5,7,1,0,2,6,2,1,4,3,0,170.2,76.4,Cordate,White,Temperate,Very High,Very High
30,300,75,80,7,5,0,1,6,2,1,2,3,4,0,178.0,71.5,Cordate,Yellow,Temperate,Very High,Very High
300,30,80,75,5,7,1,0,2,6,2,1,4,3,0,177.7,77.9,Intermediate,Intermediate,Cool Temperate,Very High,Very High
30,300,75,80,7,5,0,1,6,2,1,2,3,4,0,169.4,81.4,Intermediate,White,Cool Temperate,Very High,Very High
300,30,80,75,5,7,1,0,2,6,2,1,4,3,0,160.3,81.3,Intermediate,White,Cool Temperate,Very High,Very High
30,300,75,80,7,5,0,1,6,2,1,2,3,4,0,150.8,77.3,Intermediate,Intermediate,Cool Temperate,Very High,Very High
300,30,80,75,5,7,1,0,2,6,2,1,4,3,0,169.8,79.3,Intermediate,Intermediate,Temperate,Very High,Very High
30,300,75,80,7,5,0,1,6,2,1,2,3,4,0,160.3,81.9,Pinnate,Intermediate,Cool Temperate,Very High,Very High
300,30,80,75,5,7,1,0,2,6,2,1,4,3,0,164.6,74.4,Cordate,White,Cool Temperate,Very High,Very High
30,300,75,80,7,5,0,1,6,2,1,2,3,4,0,164.8,80.5,Cordate,Intermediate,Temperate,Very High,Very High
300,30,80,75,5,7,1,0,2,6,2,1,4,3,0,173.4,77.7,Intermediate,White,Cool Temperate,Very High,Very High
30,300,75,80,7,5,0,1,6,2,1,2,3,4,0,158.8,79.4,Intermediate,White,Cool Temperate,Very High,Very High
300,30,80,75,5,7,1,0,2,6,2,1,4,3,0,160.1,86.0,Pinnate,Intermediate,Temperate,Very High,Very High
30,300,75,80,7,5,0,1,6,2,1,2,3,4,0,169.3,76.7,Intermediate,Yellow,Cool Temperate,Very High,Very High
300,30,80,75,5,7,1,0,2,6,2,1,4,3,0,163.9,79.5,Pinnate,Intermediate,Cool Temperate,Very High,Very High
30,300,75,80,7,5,0,1,6,2,1,2,3,4,0,175.7,77.0,Cordate,Yellow,Temperate,Very High,Very High
300,120,130,120,0,3,1,0,2,0,3,1,3,4,0,225.3,111.5,Ovate,Intermediate,Tropical,Very High,Very High
120,300,120,130,3,0,0,1,0,2,1,3,4,3,0,204.6,123.1,Intermediate,Intermediate,Tropical,Very High,Very High
300,120,130,120,0,3,1,0,2,0,3,1,3,4,0,192.8,113.9,Intermediate,Yellow,Tropical,Very High,Very High
120,300,120,130,3,0,0,1,0,2,1,3,4,3,0,200.2,134.4,Ovate,White,Temperate,Very High,Very High
300,120,130,120,0,3,1,0,2,0,3,1,3,4,0,225.5,114.5,Ovate,Intermediate,Temperate,Very High,Very High
120,300,120,130,3,0,0,1,0,2,1,3,4,3,0,196.2,123.0,Intermediate,Yellow,Temperate,Very High,Very High
300,120,130,120,0,3,1,0,2,0,3,1,3,4,0,214.2,121.4,Ovate,White,Tropical,Very High,Very High
120,300,120,130,3,0,0,1,0,2,1,3,4,3,0,226.3,119.3,Linear,Intermediate,Temperate,Very High,Very High
300,120,130,120,0,3,1,0,2,0,3,1,3,4,0,222.9,124.9,Linear,White,Temperate,Very High,Very High
120,300,120,130,3,0,0,1,0,2,1,3,4,3,0,201.3,123.9,Intermediate,Intermediate,Tropical,Very High,Very High
300,120,130,120,0,3,1,0,2,0,3,1,3,4,0,217.7,122.7,Linear,White,Tropical,Very High,Very High
120,300,120,130,3,0,0,1,0,2,1,3,4,3,0,202.8,121.1,Linear,White,Temperate,Very High,Very High
300,120,130,120,0,3,1,0,2,0,3,1,3,4,0,206.6,119.7,Intermediate,Intermediate,Temperate,Very High,Very High
120,300,120,130,3,0,0,1,0,2,1,3,4,3,0,215.5,119.0,Intermediate,White,Temperate,Very High,Very High
300,120,130,120,0,3,1,0,2,0,3,1,3,4,0,208.9,115.4,Intermediate,Yellow,Tropical,Very High,Very High
120,300,120,130,3,0,0,1,0,2,1,3,4,3,0,213.1,114.2,Intermediate,White,Temperate,Very High,Very High
300,100,130,110,0,3,1,0,2,0,3,2,3,3,0,186.0,121.4,Intermediate,Intermediate,Tropical,Very High,High
100,300,110,130,3,0,0,1,0,2,2,3,3,3,0,189.9,128.7,Linear,Yellow,Tropical,Very High,High
300,100,130,110,0,3,1,0,2,0,3,2,3,3,0,200.0,118.8,Intermediate,White,Temperate,Very High,High
100,300,110,130,3,0,0,1,0,2,2,3,3,3,0,201.8,119.5,Intermediate,Yellow,Tropical,Very High,High
300,100,130,110,0,3,1,0,2,0,3,2,3,3,0,197.3,114.8,Intermediate,White,Temperate,Very High,High
100,300,110,130,3,0,0,1,0,2,2,3,3,3,0,186.7,109.6,Linear,Yellow,Tropical,Very High,High
300,100,130,110,0,3,1,0,2,0,3,2,3,3,0,206.9,107.2,Linear,Yellow,Temperate,Very High,High
100,300,110,130,3,0,0,1,0,2,2,3,3,3,0,192.7,117.2,Intermediate,Intermediate,Tropical,Very High,High
300,100,130,110,0,3,1,0,2,0,3,2,3,3,0,188.5,119.1,Linear,Intermediate,Temperate,Very High,High
100,300,110,130,3,0,0,1,0,2,2,3,3,3,0,177.7,115.4,Intermediate,Yellow,Tropical,Very High,High
300,100,130,110,0,3,1,0,2,0,3,2,3,3,0,184.3,124.2,Ovate,Intermediate,Tropical,Very High,High
100,300,110,130,3,0,0,1,0,2,2,3,3,3,0,212.8,125.9,Ovate,Yellow,Tropical,Very High,High
300,100,130,110,0,3,1,0,2,0,3,2,3,3,0,189.8,128.3,Linear,Intermediate,Temperate,Very High,High
100,300,110,130,3,0,0,1,0,2,2,3,3,3,0,194.5,116.3,Ovate,White,Tropical,Very High,High
300,100,130,110,0,3,1,0,2,0,3,2,3,3,0,200.2,114.3,Intermediate,White,Temperate,Very High,High
100,300,110,130,3,0,0,1,0,2,2,3,3,3,0,205.0,108.8,Ovate,Intermediate,Temperate,Very High,High
300,90,130,100,0,3,1,0,2,2,3,1,3,4,0,198.3,112.4,Intermediate,Intermediate,Temperate,Very High,Very High
90,300,100,130,3,0,0,1,2,2,1,3,4,3,0,182.4,108.9,Intermediate,Intermediate,Temperate,Very High,Very High
300,90,130,100,0,3,1,0,2,2,3,1,3,4,0,200.6,116.1,Intermediate,Intermediate,Temperate,Very High,Very High
90,300,100,130,3,0,0,1,2,2,1,3,4,3,0,192.6,116.7,Intermediate,Intermediate,Temperate,Very High,Very High
300,90,130,100,0,3,1,0,2,2,3,1,3,4,0,190.6,119.1,Intermediate,Intermediate,Temperate,Very High,Very High
90,300,100,130,3,0,0,1,2,2,1,3,4,3,0,183.8,112.5,Intermediate,White,Temperate,Very High,Very High
300,90,130,100,0,3,1,0,2,2,3,1,3,4,0,198.2,108.8,Ovate,Intermediate,Temperate,Very High,Very High
90,300,100,130,3,0,0,1,2,2,1,3,4,3,0,193.2,109.4,Ovate,Intermediate,Temperate,Very High,Very High
300,90,130,100,0,3,1,0,2,2,3,1,3,4,0,195.8,118.5,Intermediate,Intermediate,Temperate,Very High,Very High
90,300,100,130,3,0,0,1,2,2,1,3,4,3,0,185.6,118.2,Intermediate,Intermediate,Temperate,Very High,Very High
300,90,130,100,0,3,1,0,2,2,3,1,3,4,0,204.9,116.8,Intermediate,Intermediate,Temperate,Very High,Very High
90,300,100,130,3,0,0,1,2,2,1,3,4,3,0,187.7,110.0,Ovate,Yellow,Temperate,Very High,Very High
300,90,130,100,0,3,1,0,2,2,3,1,3,4,0,196.5,109.8,Intermediate,White,Temperate,Very High,Very High
90,300,100,130,3,0,0,1,2,2,1,3,4,3,0,187.3,116.3,Ovate,White,Temperate,Very High,Very High
300,90,130,100,0,3,1,0,2,2,3,1,3,4,0,210.9,128.4,Intermediate,Intermediate,Temperate,Very High,Very High
90,300,100,130,3,0,0,1,2,2,1,3,4,3,0,180.4,116.3,Linear,Intermediate,Temperate,Very High,Very High
300,100,130,110,0,3,1,0,2,3,3,2,3,3,0,199.1,129.0,Intermediate,Yellow,Mediterranean,Very High,High
100,300,110,130,3,0,0,1,3,2,2,3,3,3,0,207.0,120.2,Ovate,Intermediate,Temperate,Very High,High
300,100,130,110,0,3,1,0,2,3,3,2,3,3,0,203.5,114.4,Linear,White,Temperate,Very High,High
100,300,110,130,3,0,0,1,3,2,2,3,3,3,0,202.5,121.7,Linear,Yellow,Temperate,Very High,High
300,100,130,110,0,3,1,0,2,3,3,2,3,3,0,197.6,123.3,Intermediate,White,Temperate,Very High,High
100,300,110,130,3,0,0,1,3,2,2,3,3,3,0,217.2,117.1,Linear,Yellow,Mediterranean,Very High,High
300,100,130,110,0,3,1,0,2,3,3,2,3,3,0,215.9,117.0,Intermediate,White,Temperate,Very High,High
100,300,110,130,3,0,0,1,3,2,2,3,3,3,0,201.2,117.2,Ovate,White,Temperate,Very High,High
300,100,130,110,0,3,1,0,2,3,3,2,3,3,0,179.0,124.4,Ovate,Intermediate,Mediterranean,Very High,High
100,300,110,130,3,0,0,1,3,2,2,3,3,3,0,199.4,122.6,Ovate,Intermediate,Temperate,Very High,High
300,100,130,110,0,3,1,0,2,3,3,2,3,3,0,189.7,125.1,Intermediate,Yellow,Mediterranean,Very High,High
100,300,110,130,3,0,0,1,3,2,2,3,3,3,0,190.0,122.7,Linear,Intermediate,Temperate,Very High,High
300,100,130,110,0,3,1,0,2,3,3,2,3,3,0,208.4,111.4,Intermediate,Yellow,Temperate,Very High,High
100,300,110,130,3,0,0,1,3,2,2,3,3,3,0,208.3,124.3,Linear,Yellow,Mediterranean,Very High,High
300,100,130,110,0,3,1,0,2,3,3,2,3,3,0,199.1,118.2,Ovate,Yellow,Mediterranean,Very High,High
100,300,110,130,3,0,0,1,3,2,2,3,3,3,0,190.9,119.3,Intermediate,Intermediate,Mediterranean,Very High,High
300,200,130,55,0,4,1,1,2,9,3,1,3,3,0,260.8,93.6,Ovate,Yellow,Temperate,Very High,High
200,300,55,130,4,0,1,1,9,2,1,3,3,3,0,238.9,93.6,Ovate,Yellow,Tropical/Temperate,Very High,High
300,200,130,55,0,4,1,1,2,9,3,1,3,3,0,242.7,90.8,Intermediate,Yellow,Temperate,Very High,High
200,300,55,130,4,0,1,1,9,2,1,3,3,3,0,241.7,94.3,Intermediate,Yellow,Temperate,Very High,High
300,200,130,55,0,4,1,1,2,9,3,1,3,3,0,237.4,101.2,Ovate,Yellow,Tropical/Temperate,Very High,High
200,300,55,130,4,0,1,1,9,2,1,3,3,3,0,246.6,88.0,Intermediate,Yellow,Tropical/Temperate,Very High,High
300,200,130,55,0,4,1,1,2,9,3,1,3,3,0,228.4,89.6,Intermediate,Yellow,Temperate,Very High,High
200,300,55,130,4,0,1,1,9,2,1,3,3,3,0,258.7,90.9,Ovate,Yellow,Tropical/Temperate,Very High,High
300,200,130,55,0,4,1,1,2,9,3,1,3,3,0,253.4,92.3,Intermediate,Yellow,Temperate,Very High,High
200,300,55,130,4,0,1,1,9,2,1,3,3,3,0,245.4,88.8,Palmate,Yellow,Temperate,Very High,High
300,200,130,55,0,4,1,1,2,9,3,1,3,3,0,236.3,94.4,Palmate,Yellow,Tropical/Temperate,Very High,High
200,300,55,130,4,0,1,1,9,2,1,3,3,3,0,264.5,93.5,Intermediate,Yellow,Tropical/Temperate,Very High,High
300,200,130,55,0,4,1,1,2,9,3,1,3,3,0,239.2,87.7,Intermediate,Yellow,Temperate,Very High,High
200,300,55,130,4,0,1,1,9,2,1,3,3,3,0,243.9,84.2,Ovate,Yellow,Temperate,Very High,High
300,200,130,55,0,4,1,1,2,9,3,1,3,3,0,238.5,91.1,Intermediate,Yellow,Tropical/Temperate,Very High,High
200,300,55,130,4,0,1,1,9,2,1,3,3,3,0,258.5,86.4,Ovate,Yellow,Temperate,Very High,High
300,150,130,75,0,4,1,1,2,4,3,1,3,3,0,217.7,103.0,Intermediate,Yellow,Arid,Very High,High
150,300,75,130,4,0,1,1,4,2,1,3,3,3,0,212.8,107.8,Ovate,Yellow,Temperate,Very High,High
300,150,130,75,0,4,1,1,2,4,3,1,3,3,0,236.5,103.8,Palmate,Yellow,Arid,Very High,High
150,300,75,130,4,0,1,1,4,2,1,3,3,3,0,224.2,106.6,Palmate,Yellow,Temperate,Very High,High
300,150,130,75,0,4,1,1,2,4,3,1,3,3,0,218.8,107.2,Palmate,Yellow,Temperate,Very High,High
150,300,75,130,4,0,1,1,4,2,1,3,3,3,0,212.6,99.0,Intermediate,Yellow,Arid,Very High,High
300,150,130,75,0,4,1,1,2,4,3,1,3,3,0,230.7,101.2,Intermediate,Yellow,Temperate,Very High,High
150,300,75,130,4,0,1,1,4,2,1,3,3,3,0,229.8,111.1,Intermediate,Yellow,Temperate,Very High,High
300,150,130,75,0,4,1,1,2,4,3,1,3,3,0,217.8,109.8,Intermediate,Yellow,Arid,Very High,High
150,300,75,130,4,0,1,1,4,2,1,3,3,3,0,224.2,96.0,Intermediate,Yellow,Arid,Very High,High
300,150,130,75,0,4,1,1,2,4,3,1,3,3,0,241.2,99.0,Ovate,Yellow,Arid,Very High,High
150,300,75,130,4,0,1,1,4,2,1,3,3,3,0,231.9,113.8,Ovate,Yellow,Temperate,Very High,High
300,150,130,75,0,4,1,1,2,4,3,1,3,3,0,208.0,98.0,Intermediate,Yellow,Temperate,Very High,High
150,300,75,130,4,0,1,1,4,2,1,3,3,3,0,213.7,95.3,Ovate,Yellow,Temperate,Very High,High
300,150,130,75,0,4,1,1,2,4,3,1,3,3,0,218.6,98.4,Intermediate,Yellow,Temperate,Very High,High
150,300,75,130,4,0,1,1,4,2,1,3,3,3,0,226.2,102.4,Palmate,Yellow,Temperate,Very High,High
300,60,130,60,0,0,1,0,2,2,3,1,3,3,0,187.1,101.3,Ovate,Yellow,Temperate,Very High,High
60,300,60,130,0,0,0,1,2,2,1,3,3,3,0,196.0,93.1,Ovate,Yellow,Temperate,Very High,High
300,60,130,60,0,0,1,0,2,2,3,1,3,3,0,177.6,101.5,Ovate,White,Temperate,Very High,High
60,300,60,130,0,0,0,1,2,2,1,3,3,3,0,181.8,95.3,Ovate,Yellow,Temperate,Very High,High
300,60,130,60,0,0,1,0,2,2,3,1,3,3,0,163.0,92.3,Ovate,White,Temperate,Very High,High
60,300,60,130,0,0,0,1,2,2,1,3,3,3,0,186.5,97.7,Ovate,Intermediate,Temperate,Very High,High
300,60,130,60,0,0,1,0,2,2,3,1,3,3,0,184.7,96.2,Ovate,Intermediate,Temperate,Very High,High
60,300,60,130,0,0,0,1,2,2,1,3,3,3,0,176.3,85.5,Ovate,Intermediate,Temperate,Very High,High
300,60,130,60,0,0,1,0,2,2,3,1,3,3,0,175.7,104.3,Ovate,White,Temperate,Very High,High
60,300,60,130,0,0,0,1,2,2,1,3,3,3,0,183.2,93.3,Ovate,Intermediate,Temperate,Very High,High
300,60,130,60,0,0,1,0,2,2,3,1,3,3,0,178.9,100.0,Ovate,Intermediate,Temperate,Very High,High
60,300,60,130,0,0,0,1,2,2,1,3,3,3,0,183.9,104.1,Ovate,White,Temperate,Very High,High
300,60,130,60,0,0,1,0,2,2,3,1,3,3,0,180.1,91.0,Ovate,Yellow,Temperate,Very High,High
60,300,60,130,0,0,0,1,2,2,1,3,3,3,0,182.0,101.8,Ovate,White,Temperate,Very High,High
300,60,130,60,0,0,1,0,2,2,3,1,3,3,0,180.2,91.5,Ovate,Intermediate,Temperate,Very High,High
60,300,60,130,0,0,0,1,2,2,1,3,3,3,0,173.2,106.2,Ovate,Intermediate,Temperate,Very High,High
300,180,130,80,0,0,1,0,2,0,3,2,3,3,0,245.6,93.3,Ovate,Yellow,Temperate,Very High,High
180,300,80,130,0,0,0,1,0,2,2,3,3,3,0,220.1,106.3,Ovate,White,Temperate,Very High,High
300,180,130,80,0,0,1,0,2,0,3,2,3,3,0,232.8,108.9,Ovate,Intermediate,Tropical,Very High,High
180,300,80,130,0,0,0,1,0,2,2,3,3,3,0,244.8,99.3,Ovate,White,Tropical,Very High,High
300,180,130,80,0,0,1,0,2,0,3,2,3,3,0,236.5,106.6,Ovate,Intermediate,Temperate,Very High,High
180,300,80,130,0,0,0,1,0,2,2,3,3,3,0,260.4,106.0,Ovate,Intermediate,Temperate,Very High,High
300,180,130,80,0,0,1,0,2,0,3,2,3,3,0,249.0,110.5,Ovate,White,Temperate,Very High,High
180,300,80,130,0,0,0,1,0,2,2,3,3,3,0,238.1,103.7,Ovate,Yellow,Tropical,Very High,High
300,180,130,80,0,0,1,0,2,0,3,2,3,3,0,264.0,101.4,Ovate,Intermediate,Tropical,Very High,High
180,300,80,130,0,0,0,1,0,2,2,3,3,3,0,242.1,108.3,Ovate,Yellow,Temperate,Very High,High
300,180,130,80,0,0,1,0,2,0,3,2,3,3,0,244.0,107.0,Ovate,Intermediate,Temperate,Very High,High
180,300,80,130,0,0,0,1,0,2,2,3,3,3,0,227.7,112.5,Ovate,White,Temperate,Very High,High
300,180,130,80,0,0,1,0,2,0,3,2,3,3,0,246.3,105.1,Ovate,Yellow,Temperate,Very High,High
180,300,80,130,0,0,0,1,0,2,2,3,3,3,0,245.0,106.9,Ovate,White,Temperate,Very High,High
300,180,130,80,0,0,1,0,2,0,3,2,3,3,0,233.5,102.5,Ovate,Intermediate,Temperate,Very High,High
180,300,80,130,0,0,0,1,0,2,2,3,3,3,0,236.9,110.1,Ovate,White,Tropical,Very High,High
300,100,130,95,0,0,1,2,2,2,3,2,3,4,0,194.8,110.4,Ovate,Intermediate,Temperate,Very High,Very High
100,300,95,130,0,0,2,1,2,2,2,3,4,3,0,193.0,112.6,Ovate,Intermediate,Temperate,Very High,Very High
300,100,130,95,0,0,1,2,2,2,3,2,3,4,0,202.9,101.9,Ovate,Intermediate,Temperate,Very High,Very High
100,300,95,130,0,0,2,1,2,2,2,3,4,3,0,206.1,114.4,Ovate,Yellow,Temperate,Very High,Very High
300,100,130,95,0,0,1,2,2,2,3,2,3,4,0,192.5,117.0,Ovate,Intermediate,Temperate,Very High,Very High
100,300,95,130,0,0,2,1,2,2,2,3,4,3,0,202.5,121.4,Ovate,Purple,Temperate,Very High,Very High
300,100,130,95,0,0,1,2,2,2,3,2,3,4,0,192.8,122.6,Ovate,Yellow,Temperate,Very High,Very High
100,300,95,130,0,0,2,1,2,2,2,3,4,3,0,201.5,107.9,Ovate,Yellow,Temperate,Very High,Very High
300,100,130,95,0,0,1,2,2,2,3,2,3,4,0,183.1,117.1,Ovate,Intermediate,Temperate,Very High,Very High
100,300,95,130,0,0,2,1,2,2,2,3,4,3,0,196.7,103.7,Ovate,Yellow,Temperate,Very High,Very High
300,100,130,95,0,0,1,2,2,2,3,2,3,4,0,198.2,109.2,Ovate,Purple,Temperate,Very High,Very High
100,300,95,130,0,0,2,1,2,2,2,3,4,3,0,211.5,115.9,Ovate,Intermediate,Temperate,Very High,Very High
300,100,130,95,0,0,1,2,2,2,3,2,3,4,0,215.1,109.8,Ovate,Intermediate,Temperate,Very High,Very High
100,300,95,130,0,0,2,1,2,2,2,3,4,3,0,190.3,105.7,Ovate,Intermediate,Temperate,Very High,Very High
300,100,130,95,0,0,1,2,2,2,3,2,3,4,0,203.4,112.7,Ovate,Intermediate,Temperate,Very High,Very High
100,300,95,130,0,0,2,1,2,2,2,3,4,3,0,213.7,111.1,Ovate,Intermediate,Temperate,Very High,Very High
300,50,130,130,0,9,1,1,2,8,3,1,3,3,0,176.3,130.1,Intermediate,Yellow,Tropical/Subtropical,Very High,High
50,300,130,130,9,0,1,1,8,2,1,3,3,3,0,157.8,126.1,Ovate,Yellow,Tropical/Subtropical,Very High,High
300,50,130,130,0,9,1,1,2,8,3,1,3,3,0,169.8,124.5,Compound,Yellow,Temperate,Very High,High
50,300,130,130,9,0,1,1,8,2,1,3,3,3,0,180.6,133.9,Ovate,Yellow,Temperate,Very High,High
300,50,130,130,0,9,1,1,2,8,3,1,3,3,0,165.1,131.8,Intermediate,Yellow,Temperate,Very High,High
50,300,130,130,9,0,1,1,8,2,1,3,3,3,0,183.0,138.9,Compound,Yellow,Temperate,Very High,High
300,50,130,130,0,9,1,1,2,8,3,1,3,3,0,165.6,132.0,Compound,Yellow,Tropical/Subtropical,Very High,High
50,300,130,130,9,0,1,1,8,2,1,3,3,3,0,166.5,128.5,Ovate,Yellow,Temperate,Very High,High
300,50,130,130,0,9,1,1,2,8,3,1,3,3,0,173.4,134.2,Ovate,Yellow,Tropical/Subtropical,Very High,High
50,300,130,130,9,0,1,1,8,2,1,3,3,3,0,176.5,131.2,Intermediate,Yellow,Tropical/Subtropical,Very High,High
300,50,130,130,0,9,1,1,2,8,3,1,3,3,0,179.3,136.6,Intermediate,Yellow,Tropical/Subtropical,Very High,High
50,300,130,130,9,0,1,1,8,2,1,3,3,3,0,167.5,134.6,Ovate,Yellow,Tropical/Subtropical,Very High,High
300,50,130,130,0,9,1,1,2,8,3,1,3,3,0,175.7,143.3,Intermediate,Yellow,Temperate,Very High,High
50,300,130,130,9,0,1,1,8,2,1,3,3,3,0,176.0,116.7,Ovate,Yellow,Tropical/Subtropical,Very High,High
300,50,130,130,0,9,1,1,2,8,3,1,3,3,0,153.1,135.7,Intermediate,Yellow,Temperate,Very High,High
50,300,130,130,9,0,1,1,8,2,1,3,3,3,0,174.2,130.5,Ovate,Yellow,Tropical/Subtropical,Very High,High
300,70,130,90,0,7,1,0,2,6,3,1,3,4,0,170.4,103.2,Intermediate,Intermediate,Cool Temperate,Very High,Very High
70,300,90,130,7,0,0,1,6,2,1,3,4,3,0,194.3,106.4,Intermediate,Intermediate,Cool Temperate,Very High,Very High
300,70,130,90,0,7,1,0,2,6,3,1,3,4,0,193.4,105.6,Ovate,Intermediate,Cool Temperate,Very High,Very High
70,300,90,130,7,0,0,1,6,2,1,3,4,3,0,178.6,102.9,Intermediate,Intermediate,Temperate,Very High,Very High
300,70,130,90,0,7,1,0,2,6,3,1,3,4,0,175.9,114.8,Intermediate,Yellow,Cool Temperate,Very High,Very High
70,300,90,130,7,0,0,1,6,2,1,3,4,3,0,184.9,113.5,Intermediate,Intermediate,Temperate,Very High,Very High
300,70,130,90,0,7,1,0,2,6,3,1,3,4,0,175.4,103.7,Intermediate,Yellow,Cool Temperate,Very High,Very High
70,300,90,130,7,0,0,1,6,2,1,3,4,3,0,182.4,110.9,Ovate,Yellow,Cool Temperate,Very High,Very High
300,70,130,90,0,7,1,0,2,6,3,1,3,4,0,187.4,111.5,Intermediate,Yellow,Temperate,Very High,Very High
70,300,90,130,7,0,0,1,6,2,1,3,4,3,0,181.4,103.9,Intermediate,Yellow,Cool Temperate,Very High,Very High
300,70,130,90,0,7,1,0,2,6,3,1,3,4,0,177.6,108.4,Pinnate,Intermediate,Temperate,Very High,Very High
70,300,90,130,7,0,0,1,6,2,1,3,4,3,0,196.5,106.8,Ovate,Intermediate,Temperate,Very High,Very High
300,70,130,90,0,7,1,0,2,6,3,1,3,4,0,191.2,107.1,Ovate,White,Cool Temperate,Very High,Very High
70,300,90,130,7,0,0,1,6,2,1,3,4,3,0,171.3,104.5,Ovate,Yellow,Temperate,Very High,Very High
300,70,130,90,0,7,1,0,2,6,3,1,3,4,0,185.9,110.6,Ovate,White,Temperate,Very High,Very High
70,300,90,130,7,0,0,1,6,2,1,3,4,3,0,186.8,111.5,Intermediate,Yellow,Cool Temperate,Very High,Very High
300,30,130,100,0,5,1,2,2,8,3,2,3,3,0,169.4,114.6,Intermediate,Intermediate,Temperate,Very High,High
30,300,100,130,5,0,2,1,8,2,2,3,3,3,0,170.6,107.0,Intermediate,Yellow,Tropical/Subtropical,Very High,High
300,30,130,100,0,5,1,2,2,8,3,2,3,3,0,174.3,120.8,Intermediate,Intermediate,Temperate,Very High,High
30,300,100,130,5,0,2,1,8,2,2,3,3,3,0,169.0,114.4,Ovate,Yellow,Temperate,Very High,High
300,30,130,100,0,5,1,2,2,8,3,2,3,3,0,160.4,122.4,Intermediate,Intermediate,Temperate,Very High,High
30,300,100,130,5,0,2,1,8,2,2,3,3,3,0,166.7,112.8,Intermediate,Intermediate,Temperate,Very High,High
300,30,130,100,0,5,1,2,2,8,3,2,3,3,0,156.1,109.6,Cordate,Intermediate,Temperate,Very High,High
30,300,100,130,5,0,2,1,8,2,2,3,3,3,0,159.8,104.7,Intermediate,Intermediate,Temperate,Very High,High
300,30,130,100,0,5,1,2,2,8,3,2,3,3,0,156.5,120.3,Ovate,Yellow,Tropical/Subtropical,Very High,High
30,300,100,130,5,0,2,1,8,2,2,3,3,3,0,162.9,114.1,Intermediate,Intermediate,Tropical/Subtropical,Very High,High
300,30,130,100,0,5,1,2,2,8,3,2,3,3,0,158.0,112.1,Cordate,Purple,Tropical/Subtropical,Very High,High
30,300,100,130,5,0,2,1,8,2,2,3,3,3,0,146.2,118.8,Intermediate,Intermediate,Tropical/Subtropical,Very High,High
300,30,130,100,0,5,1,2,2,8,3,2,3,3,0,168.5,108.3,Cordate,Purple,Tropical/Subtropical,Very High,High
30,300,100,130,5,0,2,1,8,2,2,3,3,3,0,167.5,110.4,Ovate,Intermediate,Tropical/Subtropical,Very High,High
300,30,130,100,0,5,1,2,2,8,3,2,3,3,0,165.2,112.3,Intermediate,Intermediate,Temperate,Very High,High
30,300,100,130,5,0,2,1,8,2,2,3,3,3,0,175.2,116.4,Intermediate,Intermediate,Tropical/Subtropical,Very High,High
300,300,130,270,0,4,1,0,2,0,3,3,3,4,0,300.4,204.1,Intermediate,Yellow,Tropical,Very High,Very High
300,300,270,130,4,0,0,1,0,2,3,3,4,3,0,309.9,209.7,Intermediate,White,Temperate,Very High,Very High
300,300,130,270,0,4,1,0,2,0,3,3,3,4,0,318.9,217.8,Intermediate,Intermediate,Tropical,Very High,Very High
300,300,270,130,4,0,0,1,0,2,3,3,4,3,0,304.4,204.3,Intermediate,Intermediate,Tropical,Very High,Very High
300,300,130,270,0,4,1,0,2,0,3,3,3,4,0,305.5,201.4,Ovate,White,Temperate,Very High,Very High
300,300,270,130,4,0,0,1,0,2,3,3,4,3,0,313.0,201.9,Palmate,White,Temperate,Very High,Very High
300,300,130,270,0,4,1,0,2,0,3,3,3,4,0,271.8,205.8,Intermediate,White,Tropical,Very High,Very High
300,300,270,130,4,0,0,1,0,2,3,3,4,3,0,308.4,211.8,Palmate,White,Temperate,Very High,Very High
300,300,130,270,0,4,1,0,2,0,3,3,3,4,0,335.1,209.2,Intermediate,White,Tropical,Very High,Very High
300,300,270,130,4,0,0,1,0,2,3,3,4,3,0,273.6,194.8,Intermediate,Intermediate,Temperate,Very High,Very High
300,300,130,270,0,4,1,0,2,0,3,3,3,4,0,281.1,191.0,Ovate,White,Tropical,Very High,Very High
300,300,270,130,4,0,0,1,0,2,3,3,4,3,0,299.1,192.4,Palmate,Yellow,Tropical,Very High,Very High
300,300,130,270,0,4,1,0,2,0,3,3,3,4,0,289.3,195.5,Palmate,Intermediate,Temperate,Very High,Very High
300,300,270,130,4,0,0,1,0,2,3,3,4,3,0,314.3,208.2,Palmate,Intermediate,Temperate,Very High,Very High
300,300,130,270,0,4,1,0,2,0,3,3,3,4,0,303.1,204.9,Intermediate,White,Temperate,Very High,Very High
300,300,270,130,4,0,0,1,0,2,3,3,4,3,0,328.5,196.4,Ovate,Intermediate,Temperate,Very High,Very High
300,50,130,70,0,6,1,1,2,6,3,1,3,3,0,176.8,106.0,Oblong,Yellow,Temperate,Very High,High
50,300,70,130,6,0,1,1,6,2,1,3,3,3,0,184.4,102.2,Oblong,Yellow,Temperate,Very High,High
300,50,130,70,0,6,1,1,2,6,3,1,3,3,0,168.5,98.9,Oblong,Yellow,Cool Temperate,Very High,High
50,300,70,130,6,0,1,1,6,2,1,3,3,3,0,180.0,102.8,Intermediate,Yellow,Cool Temperate,Very High,High
300,50,130,70,0,6,1,1,2,6,3,1,3,3,0,176.2,100.3,Intermediate,Yellow,Temperate,Very High,High
50,300,70,130,6,0,1,1,6,2,1,3,3,3,0,180.7,115.3,Intermediate,Yellow,Temperate,Very High,High
300,50,130,70,0,6,1,1,2,6,3,1,3,3,0,187.5,100.5,Oblong,Yellow,Temperate,Very High,High
50,300,70,130,6,0,1,1,6,2,1,3,3,3,0,162.4,93.0,Oblong,Yellow,Cool Temperate,Very High,High
300,50,130,70,0,6,1,1,2,6,3,1,3,3,0,170.4,90.7,Intermediate,Yellow,Cool Temperate,Very High,High
50,300,70,130,6,0,1,1,6,2,1,3,3,3,0,180.4,101.3,Ovate,Yellow,Cool Temperate,Very High,High
300,50,130,70,0,6,1,1,2,6,3,1,3,3,0,196.3,98.3,Oblong,Yellow,Cool Temperate,Very High,High
50,300,70,130,6,0,1,1,6,2,1,3,3,3,0,168.9,95.0,Intermediate,Yellow,Temperate,Very High,High
300,50,130,70,0,6,1,1,2,6,3,1,3,3,0,178.7,101.6,Ovate,Yellow,Temperate,Very High,High
50,300,70,130,6,0,1,1,6,2,1,3,3,3,0,184.0,111.7,Intermediate,Yellow,Temperate,Very High,High
300,50,130,70,0,6,1,1,2,6,3,1,3,3,0,168.0,97.5,Intermediate,Yellow,Temperate,Very High,High
50,300,70,130,6,0,1,1,6,2,1,3,3,3,0,173.1,107.4,Ovate,Yellow,Cool Temperate,Very High,High
300,130,130,100,0,10,1,1,2,2,3,2,3,4,0,238.2,123.5,Lobed,Yellow,Temperate,Very High,Very High
130,300,100,130,10,0,1,1,2,2,2,3,4,3,0,208.3,112.0,Lobed,Yellow,Temperate,Very High,Very High
300,130,130,100,0,10,1,1,2,2,3,2,3,4,0,212.1,110.9,Lobed,Yellow,Temperate,Very High,Very High
130,300,100,130,10,0,1,1,2,2,2,3,4,3,0,184.6,114.1,Lobed,Yellow,Temperate,Very High,Very High
300,130,130,100,0,10,1,1,2,2,3,2,3,4,0,218.1,115.6,Intermediate,Yellow,Temperate,Very High,Very High
130,300,100,130,10,0,1,1,2,2,2,3,4,3,0,213.6,116.0,Intermediate,Yellow,Temperate,Very High,Very High
300,130,130,100,0,10,1,1,2,2,3,2,3,4,0,213.2,116.4,Intermediate,Yellow,Temperate,Very High,Very High
130,300,100,130,10,0,1,1,2,2,2,3,4,3,0,208.3,124.1,Intermediate,Yellow,Temperate,Very High,Very High
300,130,130,100,0,10,1,1,2,2,3,2,3,4,0,195.3,115.9,Lobed,Yellow,Temperate,Very High,Very High
130,300,100,130,10,0,1,1,2,2,2,3,4,3,0,219.2,119.4,Ovate,Yellow,Temperate,Very High,Very High
300,130,130,100,0,10,1,1,2,2,3,2,3,4,0,229.7,112.3,Intermediate,Yellow,Temperate,Very High,Very High
130,300,100,130,10,0,1,1,2,2,2,3,4,3,0,238.6,108.0,Ovate,Yellow,Temperate,Very High,Very High
300,130,130,100,0,10,1,1,2,2,3,2,3,4,0,218.7,112.3,Intermediate,Yellow,Temperate,Very High,Very High
130,300,100,130,10,0,1,1,2,2,2,3,4,3,0,209.7,109.7,Intermediate,Yellow,Temperate,Very High,Very High
300,130,130,100,0,10,1,1,2,2,3,2,3,4,0,225.0,111.8,Lobed,Yellow,Temperate,Very High,Very High
130,300,100,130,10,0,1,1,2,2,2,3,4,3,0,225.4,122.0,Intermediate,Yellow,Temperate,Very High,Very High
300,150,130,150,0,4,1,0,2,1,3,1,3,3,0,232.3,138.4,Intermediate,White,Subtropical,Very High,High
150,300,150,130,4,0,0,1,1,2,1,3,3,3,0,213.5,138.1,Palmate,Yellow,Temperate,Very High,High
300,150,130,150,0,4,1,0,2,1,3,1,3,3,0,232.9,139.8,Ovate,Intermediate,Temperate,Very High,High
150,300,150,130,4,0,0,1,1,2,1,3,3,3,0,211.4,151.2,Palmate,Intermediate,Temperate,Very High,High
300,150,130,150,0,4,1,0,2,1,3,1,3,3,0,217.7,140.1,Ovate,White,Subtropical,Very High,High
150,300,150,130,4,0,0,1,1,2,1,3,3,3,0,216.9,144.6,Intermediate,White,Temperate,Very High,High
300,150,130,150,0,4,1,0,2,1,3,1,3,3,0,216.0,146.0,Palmate,Yellow,Temperate,Very High,High
150,300,150,130,4,0,0,1,1,2,1,3,3,3,0,242.7,137.2,Palmate,Intermediate,Temperate,Very High,High
300,150,130,150,0,4,1,0,2,1,3,1,3,3,0,214.3,142.4,Palmate,Intermediate,Temperate,Very High,High
150,300,150,130,4,0,0,1,1,2,1,3,3,3,0,205.7,141.3,Palmate,Intermediate,Temperate,Very High,High
300,150,130,150,0,4,1,0,2,1,3,1,3,3,0,204.1,146.0,Intermediate,Intermediate,Subtropical,Very High,High
150,300,150,130,4,0,0,1,1,2,1,3,3,3,0,222.9,127.6,Intermediate,Intermediate,Subtropical,Very High,High
300,150,130,150,0,4,1,0,2,1,3,1,3,3,0,206.0,153.0,Palmate,Intermediate,Temperate,Very High,High
150,300,150,130,4,0,0,1,1,2,1,3,3,3,0,211.9,140.4,Intermediate,Intermediate,Subtropical,Very High,High
300,150,130,150,0,4,1,0,2,1,3,1,3,3,0,213.2,137.3,Palmate,Intermediate,Subtropical,Very High,High
150,300,150,130,4,0,0,1,1,2,1,3,3,3,0,220.3,129.9,Ovate,Intermediate,Temperate,Very High,High
300,200,130,170,0,4,1,1,2,0,3,2,3,1,0,254.5,138.5,Ovate,Yellow,Temperate,Very High,High
200,300,170,130,4,0,1,1,0,2,2,3,1,3,0,245.2,144.6,Intermediate,Yellow,Temperate,Very High,High
300,200,130,170,0,4,1,1,2,0,3,2,3,1,0,252.6,154.2,Ovate,Yellow,Temperate,Very High,High
200,300,170,130,4,0,1,1,0,2,2,3,1,3,0,251.8,157.2,Ovate,Yellow,Tropical,Very High,High
300,200,130,170,0,4,1,1,2,0,3,2,3,1,0,266.2,153.8,Ovate,Yellow,Temperate,Very High,High
200,300,170,130,4,0,1,1,0,2,2,3,1,3,0,239.6,145.6,Intermediate,Yellow,Temperate,Very High,High
300,200,130,170,0,4,1,1,2,0,3,2,3,1,0,251.5,139.0,Intermediate,Yellow,Tropical,Very High,High
200,300,170,130,4,0,1,1,0,2,2,3,1,3,0,254.5,160.4,Intermediate,Yellow,Tropical,Very High,High
300,200,130,170,0,4,1,1,2,0,3,2,3,1,0,251.7,152.5,Palmate,Yellow,Temperate,Very High,High
200,300,170,130,4,0,1,1,0,2,2,3,1,3,0,276.4,141.8,Palmate,Yellow,Temperate,Very High,High
300,200,130,170,0,4,1,1,2,0,3,2,3,1,0,241.0,151.6,Intermediate,Yellow,Tropical,Very High,High
200,300,170,130,4,0,1,1,0,2,2,3,1,3,0,239.1,155.3,Ovate,Yellow,Temperate,Very High,High
300,200,130,170,0,4,1,1,2,0,3,2,3,1,0,265.0,157.6,Intermediate,Yellow,Temperate,Very High,High
200,300,170,130,4,0,1,1,0,2,2,3,1,3,0,221.1,162.6,Palmate,Yellow,Tropical,Very High,High
300,200,130,170,0,4,1,1,2,0,3,2,3,1,0,224.2,141.4,Palmate,Yellow,Tropical,Very High,High
200,300,170,130,4,0,1,1,0,2,2,3,1,3,0,265.7,147.7,Palmate,Yellow,Temperate,Very High,High
300,180,130,90,0,2,1,3,2,8,3,1,3,3,0,248.3,109.4,Elliptical,Pink,Temperate,Very High,High
180,300,90,130,2,0,3,1,8,2,1,3,3,3,0,227.8,99.5,Elliptical,Intermediate,Tropical/Subtropical,Very High,High
300,180,130,90,0,2,1,3,2,8,3,1,3,3,0,224.7,99.8,Ovate,Intermediate,Tropical/Subtropical,Very High,High
180,300,90,130,2,0,3,1,8,2,1,3,3,3,0,234.7,112.4,Ovate,Intermediate,Tropical/Subtropical,Very High,High
300,180,130,90,0,2,1,3,2,8,3,1,3,3,0,276.1,113.7,Elliptical,Pink,Temperate,Very High,High
180,300,90,130,2,0,3,1,8,2,1,3,3,3,0,229.9,110.0,Intermediate,Yellow,Temperate,Very High,High
300,180,130,90,0,2,1,3,2,8,3,1,3,3,0,224.6,119.5,Ovate,Pink,Tropical/Subtropical,Very High,High
180,300,90,130,2,0,3,1,8,2,1,3,3,3,0,248.7,117.3,Ovate,Intermediate,Temperate,Very High,High
300,180,130,90,0,2,1,3,2,8,3,1,3,3,0,270.6,113.3,Intermediate,Intermediate,Temperate,Very High,High
180,300,90,130,2,0,3,1,8,2,1,3,3,3,0,236.3,99.5,Intermediate,Pink,Temperate,Very High,High
300,180,130,90,0,2,1,3,2,8,3,1,3,3,0,239.0,115.3,Elliptical,Yellow,Tropical/Subtropical,Very High,High
180,300,90,130,2,0,3,1,8,2,1,3,3,3,0,263.7,103.1,Elliptical,Intermediate,Temperate,Very High,High
300,180,130,90,0,2,1,3,2,8,3,1,3,3,0,255.7,115.7,Ovate,Pink,Tropical/Subtropical,Very High,High
180,300,90,130,2,0,3,1,8,2,1,3,3,3,0,220.8,117.6,Ovate,Yellow,Tropical/Subtropical,Very High,High
300,180,130,90,0,2,1,3,2,8,3,1,3,3,0,223.5,106.1,Intermediate,Intermediate,Temperate,Very High,High
180,300,90,130,2,0,3,1,8,2,1,3,3,3,0,245.7,113.7,Elliptical,Yellow,Temperate,Very High,High
300,100,130,80,0,0,1,1,2,2,3,3,3,1,0,185.7,103.9,Ovate,Yellow,Temperate,Very High,High
100,300,80,130,0,0,1,1,2,2,3,3,1,3,0,208.9,103.4,Ovate,Yellow,Temperate,Very High,High
300,100,130,80,0,0,1,1,2,2,3,3,3,1,0,200.1,107.5,Ovate,Yellow,Temperate,Very High,High
100,300,80,130,0,0,1,1,2,2,3,3,1,3,0,177.9,111.7,Ovate,Yellow,Temperate,Very High,High
300,100,130,80,0,0,1,1,2,2,3,3,3,1,0,193.9,107.2,Ovate,Yellow,Temperate,Very High,High
100,300,80,130,0,0,1,1,2,2,3,3,1,3,0,202.3,109.7,Ovate,Yellow,Temperate,Very High,High
300,100,130,80,0,0,1,1,2,2,3,3,3,1,0,206.6,98.9,Ovate,Yellow,Temperate,Very High,High
100,300,80,130,0,0,1,1,2,2,3,3,1,3,0,198.1,110.8,Ovate,Yellow,Temperate,Very High,High
300,100,130,80,0,0,1,1,2,2,3,3,3,1,0,201.2,97.9,Ovate,Yellow,Temperate,Very High,High
100,300,80,130,0,0,1,1,2,2,3,3,1,3,0,197.4,114.5,Ovate,Yellow,Temperate,Very High,High
300,100,130,80,0,0,1,1,2,2,3,3,3,1,0,202.8,99.6,Ovate,Yellow,Temperate,Very High,High
100,300,80,130,0,0,1,1,2,2,3,3,1,3,0,204.2,109.8,Ovate,Yellow,Temperate,Very High,High
300,100,130,80,0,0,1,1,2,2,3,3,3,1,0,185.6,93.8,Ovate,Yellow,Temperate,Very High,High
100,300,80,130,0,0,1,1,2,2,3,3,1,3,0,201.4,104.5,Ovate,Yellow,Temperate,Very High,High
300,100,130,80,0,0,1,1,2,2,3,3,3,1,0,214.5,96.0,Ovate,Yellow,Temperate,Very High,High
100,300,80,130,0,0,1,1,2,2,3,3,1,3,0,202.5,98.1,Ovate,Yellow,Temperate,Very High,High
300,300,130,110,0,3,1,0,2,4,3,3,3,3,0,313.7,124.7,Ovate,Yellow,Temperate,Very High,High
300,300,110,130,3,0,0,1,4,2,3,3,3,3,0,283.0,111.7,Linear,Intermediate,Arid,Very High,High
300,300,130,110,0,3,1,0,2,4,3,3,3,3,0,300.6,118.5,Intermediate,Yellow,Temperate,Very High,High
300,300,110,130,3,0,0,1,4,2,3,3,3,3,0,331.5,112.8,Intermediate,Intermediate,Temperate,Very High,High
300,300,130,110,0,3,1,0,2,4,3,3,3,3,0,313.9,120.2,Ovate,Intermediate,Arid,Very High,High
300,300,110,130,3,0,0,1,4,2,3,3,3,3,0,283.3,121.7,Intermediate,Intermediate,Temperate,Very High,High
300,300,130,110,0,3,1,0,2,4,3,3,3,3,0,292.3,120.4,Linear,White,Arid,Very High,High
300,300,110,130,3,0,0,1,4,2,3,3,3,3,0,334.0,123.6,Intermediate,White,Arid,Very High,High
300,300,130,110,0,3,1,0,2,4,3,3,3,3,0,296.1,125.4,Ovate,Yellow,Arid,Very High,High
300,300,110,130,3,0,0,1,4,2,3,3,3,3,0,327.1,128.7,Intermediate,White,Temperate,Very High,High
300,300,130,110,0,3,1,0,2,4,3,3,3,3,0,295.7,111.4,Intermediate,Yellow,Arid,Very High,High
300,300,110,130,3,0,0,1,4,2,3,3,3,3,0,279.4,115.1,Intermediate,Yellow,Arid,Very High,High
300,300,130,110,0,3,1,0,2,4,3,3,3,3,0,297.5,128.5,Intermediate,Intermediate,Temperate,Very High,High
300,300,110,130,3,0,0,1,4,2,3,3,3,3,0,294.9,120.8,Ovate,Yellow,Temperate,Very High,High
300,300,130,110,0,3,1,0,2,4,3,3,3,3,0,296.8,113.5,Linear,Intermediate,Arid,Very High,High
300,300,110,130,3,0,0,1,4,2,3,3,3,3,0,292.8,125.5,Ovate,White,Temperate,Very High,High
300,250,130,90,0,3,1,2,2,5,3,3,3,1,0,262.1,112.0,Linear,Yellow,Semi-Arid,Very High,High
250,300,90,130,3,0,2,1,5,2,3,3,1,3,0,295.0,123.1,Intermediate,Purple,Semi-Arid,Very High,High
300,250,130,90,0,3,1,2,2,5,3,3,3,1,0,292.8,101.4,Intermediate,Yellow,Temperate,Very High,High
250,300,90,130,3,0,2,1,5,2,3,3,1,3,0,288.4,99.3,Intermediate,Yellow,Semi-Arid,Very High,High
300,250,130,90,0,3,1,2,2,5,3,3,3,1,0,259.1,100.1,Ovate,Yellow,Semi-Arid,Very High,High
250,300,90,130,3,0,2,1,5,2,3,3,1,3,0,270.6,112.7,Intermediate,Purple,Temperate,Very High,High
300,250,130,90,0,3,1,2,2,5,3,3,3,1,0,270.6,108.2,Linear,Yellow,Semi-Arid,Very High,High
250,300,90,130,3,0,2,1,5,2,3,3,1,3,0,272.7,107.2,Intermediate,Yellow,Temperate,Very High,High
300,250,130,90,0,3,1,2,2,5,3,3,3,1,0,287.5,111.9,Ovate,Intermediate,Temperate,Very High,High
250,300,90,130,3,0,2,1,5,2,3,3,1,3,0,285.2,100.9,Intermediate,Intermediate,Semi-Arid,Very High,High
300,250,130,90,0,3,1,2,2,5,3,3,3,1,0,247.4,111.8,Intermediate,Purple,Semi-Arid,Very High,High
250,300,90,130,3,0,2,1,5,2,3,3,1,3,0,269.7,103.6,Intermediate,Intermediate,Semi-Arid,Very High,High
300,250,130,90,0,3,1,2,2,5,3,3,3,1,0,270.7,106.5,Intermediate,Intermediate,Semi-Arid,Very High,High
250,300,90,130,3,0,2,1,5,2,3,3,1,3,0,293.7,115.3,Ovate,Purple,Temperate,Very High,High
300,250,130,90,0,3,1,2,2,5,3,3,3,1,0,279.8,107.0,Intermediate,Purple,Temperate,Very High,High
250,300,90,130,3,0,2,1,5,2,3,3,1,3,0,280.9,111.1,Ovate,Intermediate,Semi-Arid,Very High,High
300,100,130,65,0,7,1,1,2,0,3,2,3,3,0,212.2,94.8,Intermediate,Yellow,Temperate,Very High,High
100,300,65,130,7,0,1,1,0,2,2,3,3,3,0,190.7,94.0,Ovate,Yellow,Tropical,Very High,High
300,100,130,65,0,7,1,1,2,0,3,2,3,3,0,194.6,99.2,Intermediate,Yellow,Tropical,Very High,High
100,300,65,130,7,0,1,1,0,2,2,3,3,3,0,197.4,100.3,Ovate,Yellow,Temperate,Very High,High
300,100,130,65,0,7,1,1,2,0,3,2,3,3,0,211.7,92.8,Intermediate,Yellow,Temperate,Very High,High
100,300,65,130,7,0,1,1,0,2,2,3,3,3,0,220.2,101.5,Ovate,Yellow,Temperate,Very High,High
300,100,130,65,0,7,1,1,2,0,3,2,3,3,0,203.6,98.3,Intermediate,Yellow,Temperate,Very High,High
100,300,65,130,7,0,1,1,0,2,2,3,3,3,0,203.2,102.2,Intermediate,Yellow,Temperate,Very High,High
300,100,130,65,0,7,1,1,2,0,3,2,3,3,0,187.2,101.3,Ovate,Yellow,Tropical,Very High,High
100,300,65,130,7,0,1,1,0,2,2,3,3,3,0,205.0,88.3,Pinnate,Yellow,Tropical,Very High,High
300,100,130,65,0,7,1,1,2,0,3,2,3,3,0,210.5,102.5,Intermediate,Yellow,Tropical,Very High,High
100,300,65,130,7,0,1,1,0,2,2,3,3,3,0,191.1,98.0,Intermediate,Yellow,Tropical,Very High,High
300,100,130,65,0,7,1,1,2,0,3,2,3,3,0,194.6,94.5,Intermediate,Yellow,Tropical,Very High,High
100,300,65,130,7,0,1,1,0,2,2,3,3,3,0,211.2,97.3,Intermediate,Yellow,Tropical,Very High,High
300,100,130,65,0,7,1,1,2,0,3,2,3,3,0,196.5,96.1,Pinnate,Yellow,Temperate,Very High,High
100,300,65,130,7,0,1,1,0,2,2,3,3,3,0,210.0,90.1,Intermediate,Yellow,Tropical,Very High,High
300,30,130,75,0,7,1,0,2,6,3,1,3,3,0,167.8,111.6,Pinnate,Intermediate,Cool Temperate,Very High,High
30,300,75,130,7,0,0,1,6,2,1,3,3,3,0,159.1,107.4,Intermediate,Intermediate,Cool Temperate,Very High,High
300,30,130,75,0,7,1,0,2,6,3,1,3,3,0,161.4,97.0,Intermediate,Intermediate,Cool Temperate,Very High,High
30,300,75,130,7,0,0,1,6,2,1,3,3,3,0,159.3,100.8,Pinnate,Intermediate,Cool Temperate,Very High,High
300,30,130,75,0,7,1,0,2,6,3,1,3,3,0,175.0,110.5,Pinnate,Yellow,Cool Temperate,Very High,High
30,300,75,130,7,0,0,1,6,2,1,3,3,3,0,171.5,101.6,Pinnate,Intermediate,Cool Temperate,Very High,High
300,30,130,75,0,7,1,0,2,6,3,1,3,3,0,168.1,109.1,Ovate,Yellow,Cool Temperate,Very High,High
30,300,75,130,7,0,0,1,6,2,1,3,3,3,0,164.1,105.9,Pinnate,Intermediate,Temperate,Very High,High
300,30,130,75,0,7,1,0,2,6,3,1,3,3,0,168.7,110.4,Intermediate,White,Cool Temperate,Very High,High
30,300,75,130,7,0,0,1,6,2,1,3,3,3,0,183.6,95.4,Ovate,Intermediate,Temperate,Very High,High
300,30,130,75,0,7,1,0,2,6,3,1,3,3,0,156.1,98.1,Intermediate,Intermediate,Cool Temperate,Very High,High
30,300,75,130,7,0,0,1,6,2,1,3,3,3,0,151.8,102.9,Pinnate,Intermediate,Cool Temperate,Very High,High
300,30,130,75,0,7,1,0,2,6,3,1,3,3,0,160.3,104.8,Pinnate,Intermediate,Temperate,Very High,High
30,300,75,130,7,0,0,1,6,2,1,3,3,3,0,167.0,107.9,Intermediate,Intermediate,Temperate,Very High,High
300,30,130,75,0,7,1,0,2,6,3,1,3,3,0,172.1,99.1,Pinnate,Intermediate,Temperate,Very High,High
30,300,75,130,7,0,0,1,6,2,1,3,3,3,0,167.5,95.5,Pinnate,Yellow,Cool Temperate,Very High,High
120,100,120,110,3,3,0,0,0,0,1,2,4,3,1,111.1,117.2,Linear,White,Tropical,Very High,Very High
100,120,110,120,3,3,0,0,0,0,2,1,3,4,1,110.3,115.9,Linear,White,Tropical,Very High,Very High
120,100,120,110,3,3,0,0,0,0,1,2,4,3,1,105.0,111.4,Linear,White,Tropical,Very High,Very High
100,120,110,120,3,3,0,0,0,0,2,1,3,4,1,108.0,120.5,Linear,White,Tropical,Very High,Very High
120,100,120,110,3,3,0,0,0,0,1,2,4,3,1,98.5,119.1,Linear,White,Tropical,Very High,Very High
100,120,110,120,3,3,0,0,0,0,2,1,3,4,1,119.1,111.4,Linear,White,Tropical,Very High,Very High
120,100,120,110,3,3,0,0,0,0,1,2,4,3,1,109.2,111.1,Linear,White,Tropical,Very High,Very High
100,120,110,120,3,3,0,0,0,0,2,1,3,4,1,112.0,119.3,Linear,White,Tropical,Very High,Very High
120,100,120,110,3,3,0,0,0,0,1,2,4,3,1,108.9,108.4,Linear,White,Tropical,Very High,Very High
100,120,110,120,3,3,0,0,0,0,2,1,3,4,1,112.3,114.0,Linear,White,Tropical,Very High,Very High
120,100,120,110,3,3,0,0,0,0,1,2,4,3,1,112.9,118.0,Linear,White,Tropical,Very High,Very High
100,120,110,120,3,3,0,0,0,0,2,1,3,4,1,118.0,116.6,Linear,White,Tropical,Very High,Very High
120,100,120,110,3,3,0,0,0,0,1,2,4,3,1,108.3,109.8,Linear,White,Tropical,Very High,Very High
100,120,110,120,3,3,0,0,0,0,2,1,3,4,1,115.1,120.1,Linear,White,Tropical,Very High,Very High
120,100,120,110,3,3,0,0,0,0,1,2,4,3,1,111.9,118.0,Linear,White,Tropical,Very High,Very High
100,120,110,120,3,3,0,0,0,0,2,1,3,4,1,108.0,111.3,Linear,White,Tropical,Very High,Very High
120,90,120,100,3,3,0,0,0,2,1,1,4,4,1,108.5,115.5,Linear,White,Temperate,Moderate,Very High
90,120,100,120,3,3,0,0,2,0,1,1,4,4,1,108.7,109.4,Linear,White,Temperate,Moderate,Very High
120,90,120,100,3,3,0,0,0,2,1,1,4,4,1,106.4,110.6,Linear,White,Temperate,Moderate,Very High
90,120,100,120,3,3,0,0,2,0,1,1,4,4,1,109.0,114.5,Linear,White,Tropical,Moderate,Very High
120,90,120,100,3,3,0,0,0,2,1,1,4,4,1,105.2,110.6,Linear,White,Temperate,Moderate,Very High
90,120,100,120,3,3,0,0,2,0,1,1,4,4,1,109.7,103.3,Linear,White,Temperate,Moderate,Very High
120,90,120,100,3,3,0,0,0,2,1,1,4,4,1,101.6,108.2,Linear,White,Temperate,Moderate,Very High
90,120,100,120,3,3,0,0,2,0,1,1,4,4,1,102.4,105.5,Linear,White,Tropical,Moderate,Very High
120,90,120,100,3,3,0,0,0,2,1,1,4,4,1,107.9,107.6,Linear,White,Temperate,Moderate,Very High
90,120,100,120,3,3,0,0,2,0,1,1,4,4,1,111.5,118.5,Linear,White,Temperate,Moderate,Very High
120,90,120,100,3,3,0,0,0,2,1,1,4,4,1,104.0,119.1,Linear,White,Temperate,Moderate,Very High
90,120,100,120,3,3,0,0,2,0,1,1,4,4,1,95.2,104.8,Linear,White,Tropical,Moderate,Very High
120,90,120,100,3,3,0,0,0,2,1,1,4,4,1,111.3,106.9,Linear,White,Temperate,Moderate,Very High
90,120,100,120,3,3,0,0,2,0,1,1,4,4,1,113.2,120.5,Linear,White,Tropical,Moderate,Very High
120,90,120,100,3,3,0,0,0,2,1,1,4,4,1,105.8,116.0,Linear,White,Temperate,Moderate,Very High
90,120,100,120,3,3,0,0,2,0,1,1,4,4,1,105.8,118.8,Linear,White,Tropical,Moderate,Very High
120,100,120,110,3,3,0,0,0,3,1,2,4,3,1,113.9,129.7,Linear,White,Mediterranean,Very High,Very High
100,120,110,120,3,3,0,0,3,0,2,1,3,4,1,117.0,107.7,Linear,White,Tropical,Very High,Very High
120,100,120,110,3,3,0,0,0,3,1,2,4,3,1,117.8,113.8,Linear,White,Tropical,Very High,Very High
100,120,110,120,3,3,0,0,3,0,2,1,3,4,1,103.6,121.0,Linear,White,Mediterranean,Very High,Very High
120,100,120,110,3,3,0,0,0,3,1,2,4,3,1,112.8,110.7,Linear,White,Mediterranean,Very High,Very High
100,120,110,120,3,3,0,0,3,0,2,1,3,4,1,104.3,115.7,Linear,White,Mediterranean,Very High,Very High
120,100,120,110,3,3,0,0,0,3,1,2,4,3,1,108.6,121.6,Linear,White,Tropical,Very High,Very High
100,120,110,120,3,3,0,0,3,0,2,1,3,4,1,99.3,117.9,Linear,White,Tropical,Very High,Very High
120,100,120,110,3,3,0,0,0,3,1,2,4,3,1,109.2,124.4,Linear,White,Tropical,Very High,Very High
100,120,110,120,3,3,0,0,3,0,2,1,3,4,1,103.0,115.8,Linear,White,Tropical,Very High,Very High
120,100,120,110,3,3,0,0,0,3,1,2,4,3,1,105.7,112.7,Linear,White,Tropical,Very High,Very High
100,120,110,120,3,3,0,0,3,0,2,1,3,4,1,107.8,117.8,Linear,White,Mediterranean,Very High,Very High
120,100,120,110,3,3,0,0,0,3,1,2,4,3,1,107.7,113.6,Linear,White,Mediterranean,Very High,Very High
100,120,110,120,3,3,0,0,3,0,2,1,3,4,1,115.5,120.2,Linear,White,Mediterranean,Very High,Very High
120,100,120,110,3,3,0,0,0,3,1,2,4,3,1,112.7,119.9,Linear,White,Tropical,Very High,Very High
100,120,110,120,3,3,0,0,3,0,2,1,3,4,1,105.4,108.2,Linear,White,Mediterranean,Very High,Very High
120,200,120,55,3,4,0,1,0,9,1,1,4,3,0,168.1,86.2,Intermediate,Yellow,Tropical/Temperate,Moderate,Very High
200,120,55,120,4,3,1,0,9,0,1,1,3,4,0,155.5,82.5,Palmate,Intermediate,Tropical/Temperate,Moderate,Very High
120,200,120,55,3,4,0,1,0,9,1,1,4,3,0,144.0,86.1,Linear,White,Tropical/Temperate,Moderate,Very High
200,120,55,120,4,3,1,0,9,0,1,1,3,4,0,161.6,82.0,Intermediate,Yellow,Tropical/Temperate,Moderate,Very High
120,200,120,55,3,4,0,1,0,9,1,1,4,3,0,160.2,82.1,Intermediate,Intermediate,Tropical,Moderate,Very High
200,120,55,120,4,3,1,0,9,0,1,1,3,4,0,155.6,84.9,Linear,Intermediate,Tropical/Temperate,Moderate,Very High
120,200,120,55,3,4,0,1,0,9,1,1,4,3,0,157.2,90.2,Intermediate,Yellow,Tropical/Temperate,Moderate,Very High
200,120,55,120,4,3,1,0,9,0,1,1,3,4,0,169.5,93.8,Intermediate,Intermediate,Tropical/Temperate,Moderate,Very High
120,200,120,55,3,4,0,1,0,9,1,1,4,3,0,139.5,89.5,Intermediate,Intermediate,Tropical,Moderate,Very High
200,120,55,120,4,3,1,0,9,0,1,1,3,4,0,158.6,85.1,Palmate,White,Tropical/Temperate,Moderate,Very High
120,200,120,55,3,4,0,1,0,9,1,1,4,3,0,180.2,88.1,Intermediate,White,Tropical,Moderate,Very High
200,120,55,120,4,3,1,0,9,0,1,1,3,4,0,157.9,90.9,Intermediate,Intermediate,Tropical,Moderate,Very High
120,200,120,55,3,4,0,1,0,9,1,1,4,3,0,151.7,94.5,Linear,White,Tropical/Temperate,Moderate,Very High
200,120,55,120,4,3,1,0,9,0,1,1,3,4,0,161.7,89.8,Intermediate,Intermediate,Tropical,Moderate,Very High
120,200,120,55,3,4,0,1,0,9,1,1,4,3,0,153.0,80.5,Palmate,Yellow,Tropical,Moderate,Very High
200,120,55,120,4,3,1,0,9,0,1,1,3,4,0,187.9,84.2,Palmate,Intermediate,Tropical/Temperate,Moderate,Very High
120,150,120,75,3,4,0,1,0,4,1,1,4,3,0,133.5,101.3,Intermediate,Intermediate,Arid,Moderate,Very High
150,120,75,120,4,3,1,0,4,0,1,1,3,4,0,141.6,95.4,Intermediate,Intermediate,Tropical,Moderate,Very High
120,150,120,75,3,4,0,1,0,4,1,1,4,3,0,124.3,93.4,Linear,Yellow,Arid,Moderate,Very High
150,120,75,120,4,3,1,0,4,0,1,1,3,4,0,132.1,108.9,Linear,Intermediate,Tropical,Moderate,Very High
120,150,120,75,3,4,0,1,0,4,1,1,4,3,0,121.1,96.5,Linear,Yellow,Tropical,Moderate,Very High
150,120,75,120,4,3,1,0,4,0,1,1,3,4,0,142.4,97.8,Intermediate,Intermediate,Tropical,Moderate,Very High
120,150,120,75,3,4,0,1,0,4,1,1,4,3,0,137.5,104.3,Intermediate,Yellow,Arid,Moderate,Very High
150,120,75,120,4,3,1,0,4,0,1,1,3,4,0,139.3,86.6,Intermediate,Intermediate,Arid,Moderate,Very High
120,150,120,75,3,4,0,1,0,4,1,1,4,3,0,136.9,91.6,Palmate,Intermediate,Arid,Moderate,Very High
150,120,75,120,4,3,1,0,4,0,1,1,3,4,0,137.6,97.9,Intermediate,White,Arid,Moderate,Very High
120,150,120,75,3,4,0,1,0,4,1,1,4,3,0,131.8,89.4,Palmate,Intermediate,Tropical,Moderate,Very High
150,120,75,120,4,3,1,0,4,0,1,1,3,4,0,136.1,103.3,Palmate,Yellow,Tropical,Moderate,Very High
120,150,120,75,3,4,0,1,0,4,1,1,4,3,0,145.4,92.8,Intermediate,Intermediate,Arid,Moderate,Very High
150,120,75,120,4,3,1,0,4,0,1,1,3,4,0,141.9,92.6,Linear,Yellow,Arid,Moderate,Very High
120,150,120,75,3,4,0,1,0,4,1,1,4,3,0,130.3,98.6,Linear,White,Tropical,Moderate,Very High
150,120,75,120,4,3,1,0,4,0,1,1,3,4,0,142.8,101.3,Intermediate,Intermediate,Arid,Moderate,Very High
120,60,120,60,3,0,0,0,0,2,1,1,4,3,0,90.5,85.1,Linear,White,Temperate,Moderate,Very High
60,120,60,120,0,3,0,0,2,0,1,1,3,4,0,90.0,94.1,Intermediate,White,Temperate,Moderate,Very High
120,60,120,60,3,0,0,0,0,2,1,1,4,3,0,90.2,89.6,Ovate,White,Tropical,Moderate,Very High
60,120,60,120,0,3,0,0,2,0,1,1,3,4,0,88.6,93.8,Intermediate,White,Tropical,Moderate,Very High
120,60,120,60,3,0,0,0,0,2,1,1,4,3,0,95.8,88.7,Intermediate,White,Tropical,Moderate,Very High
60,120,60,120,0,3,0,0,2,0,1,1,3,4,0,83.6,89.7,Intermediate,White,Temperate,Moderate,Very High
120,60,120,60,3,0,0,0,0,2,1,1,4,3,0,90.3,92.3,Intermediate,White,Tropical,Moderate,Very High
60,120,60,120,0,3,0,0,2,0,1,1,3,4,0,95.6,85.5,Intermediate,White,Tropical,Moderate,Very High
120,60,120,60,3,0,0,0,0,2,1,1,4,3,0,83.1,93.6,Intermediate,White,Tropical,Moderate,Very High
60,120,60,120,0,3,0,0,2,0,1,1,3,4,0,81.3,85.5,Ovate,White,Temperate,Moderate,Very High
120,60,120,60,3,0,0,0,0,2,1,1,4,3,0,87.4,96.7,Linear,White,Temperate,Moderate,Very High
60,120,60,120,0,3,0,0,2,0,1,1,3,4,0,92.3,90.9,Ovate,White,Temperate,Moderate,Very High
120,60,120,60,3,0,0,0,0,2,1,1,4,3,0,90.2,84.1,Intermediate,White,Temperate,Moderate,Very High
60,120,60,120,0,3,0,0,2,0,1,1,3,4,0,82.9,83.7,Linear,White,Tropical,Moderate,Very High
120,60,120,60,3,0,0,0,0,2,1,1,4,3,0,91.0,93.5,Linear,White,Temperate,Moderate,Very High
60,120,60,120,0,3,0,0,2,0,1,1,3,4,0,83.7,85.7,Linear,White,Temperate,Moderate,Very High
120,180,120,80,3,0,0,0,0,0,1,2,4,3,0,142.3,91.6,Intermediate,White,Tropical,Very High,Very High
180,120,80,120,0,3,0,0,0,0,2,1,3,4,0,158.8,103.1,Intermediate,White,Tropical,Very High,Very High
120,180,120,80,3,0,0,0,0,0,1,2,4,3,0,148.0,85.3,Ovate,White,Tropical,Very High,Very High
180,120,80,120,0,3,0,0,0,0,2,1,3,4,0,156.3,107.1,Linear,White,Tropical,Very High,Very High
120,180,120,80,3,0,0,0,0,0,1,2,4,3,0,147.2,102.8,Intermediate,White,Tropical,Very High,Very High
180,120,80,120,0,3,0,0,0,0,2,1,3,4,0,143.3,102.6,Intermediate,White,Tropical,Very High,Very High
120,180,120,80,3,0,0,0,0,0,1,2,4,3,0,142.6,102.4,Intermediate,White,Tropical,Very High,Very High
180,120,80,120,0,3,0,0,0,0,2,1,3,4,0,146.6,93.3,Intermediate,White,Tropical,Very High,Very High
120,180,120,80,3,0,0,0,0,0,1,2,4,3,0,141.7,97.7,Linear,White,Tropical,Very High,Very High
180,120,80,120,0,3,0,0,0,0,2,1,3,4,0,146.4,98.4,Intermediate,White,Tropical,Very High,Very High
120,180,120,80,3,0,0,0,0,0,1,2,4,3,0,155.2,97.9,Ovate,White,Tropical,Very High,Very High
180,120,80,120,0,3,0,0,0,0,2,1,3,4,0,149.8,100.8,Linear,White,Tropical,Very High,Very High
120,180,120,80,3,0,0,0,0,0,1,2,4,3,0,150.3,94.6,Linear,White,Tropical,Very High,Very High
180,120,80,120,0,3,0,0,0,0,2,1,3,4,0,148.3,99.8,Intermediate,White,Tropical,Very High,Very High
120,180,120,80,3,0,0,0,0,0,1,2,4,3,0,151.7,98.3,Ovate,White,Tropical,Very High,Very High
180,120,80,120,0,3,0,0,0,0,2,1,3,4,0,149.9,99.9,Intermediate,White,Tropical,Very High,Very High
120,100,120,95,3,0,0,2,0,2,1,2,4,4,0,110.2,100.3,Intermediate,White,Temperate,Very High,Very High
100,120,95,120,0,3,2,0,2,0,2,1,4,4,0,114.3,103.5,Intermediate,White,Tropical,Very High,Very High
120,100,120,95,3,0,0,2,0,2,1,2,4,4,0,102.3,109.3,Intermediate,Intermediate,Temperate,Very High,Very High
100,120,95,120,0,3,2,0,2,0,2,1,4,4,0,105.7,112.5,Intermediate,Intermediate,Tropical,Very High,Very High
120,100,120,95,3,0,0,2,0,2,1,2,4,4,0,110.7,100.8,Ovate,Purple,Tropical,Very High,Very High
100,120,95,120,0,3,2,0,2,0,2,1,4,4,0,98.9,111.1,Intermediate,Intermediate,Tropical,Very High,Very High
120,100,120,95,3,0,0,2,0,2,1,2,4,4,0,99.2,103.4,Ovate,Purple,Temperate,Very High,Very High
100,120,95,120,0,3,2,0,2,0,2,1,4,4,0,110.6,109.8,Linear,Purple,Temperate,Very High,Very High
120,100,120,95,3,0,0,2,0,2,1,2,4,4,0,111.1,105.7,Intermediate,White,Tropical,Very High,Very High
100,120,95,120,0,3,2,0,2,0,2,1,4,4,0,106.7,108.5,Intermediate,Intermediate,Temperate,Very High,Very High
120,100,120,95,3,0,0,2,0,2,1,2,4,4,0,102.3,112.7,Linear,White,Temperate,Very High,Very High
100,120,95,120,0,3,2,0,2,0,2,1,4,4,0,110.5,104.7,Linear,Intermediate,Tropical,Very High,Very High
120,100,120,95,3,0,0,2,0,2,1,2,4,4,0,113.2,99.8,Ovate,Purple,Tropical,Very High,Very High
100,120,95,120,0,3,2,0,2,0,2,1,4,4,0,110.9,106.9,Intermediate,Purple,Temperate,Very High,Very High
120,100,120,95,3,0,0,2,0,2,1,2,4,4,0,97.4,104.1,Intermediate,White,Temperate,Very High,Very High
100,120,95,120,0,3,2,0,2,0,2,1,4,4,0,116.3,110.4,Intermediate,Intermediate,Temperate,Very High,Very High
120,50,120,130,3,9,0,1,0,8,1,1,4,3,0,85.6,141.4,Compound,Intermediate,Tropical,Moderate,Very High
50,120,130,120,9,3,1,0,8,0,1,1,3,4,0,78.9,124.9,Linear,Yellow,Tropical/Subtropical,Moderate,Very High
120,50,120,130,3,9,0,1,0,8,1,1,4,3,0,80.2,129.0,Compound,White,Tropical/Subtropical,Moderate,Very High
50,120,130,120,9,3,1,0,8,0,1,1,3,4,0,85.2,122.8,Intermediate,Intermediate,Tropical/Subtropical,Moderate,Very High
120,50,120,130,3,9,0,1,0,8,1,1,4,3,0,84.8,119.8,Compound,Intermediate,Tropical/Subtropical,Moderate,Very High
50,120,130,120,9,3,1,0,8,0,1,1,3,4,0,76.7,127.5,Linear,White,Tropical/Subtropical,Moderate,Very High
120,50,120,130,3,9,0,1,0,8,1,1,4,3,0,82.6,125.4,Compound,Intermediate,Tropical,Moderate,Very High
50,120,130,120,9,3,1,0,8,0,1,1,3,4,0,87.5,120.4,Compound,White,Tropical/Subtropical,Moderate,Very High
120,50,120,130,3,9,0,1,0,8,1,1,4,3,0,94.4,128.6,Compound,White,Tropical,Moderate,Very High
50,120,130,120,9,3,1,0,8,0,1,1,3,4,0,85.5,132.6,Intermediate,Intermediate,Tropical,Moderate,Very High
120,50,120,130,3,9,0,1,0,8,1,1,4,3,0,86.7,134.0,Intermediate,Intermediate,Tropical/Subtropical,Moderate,Very High
50,120,130,120,9,3,1,0,8,0,1,1,3,4,0,80.8,130.6,Intermediate,Intermediate,Tropical/Subtropical,Moderate,Very High
120,50,120,130,3,9,0,1,0,8,1,1,4,3,0,90.1,121.8,Intermediate,Intermediate,Tropical,Moderate,Very High
50,120,130,120,9,3,1,0,8,0,1,1,3,4,0,79.7,115.9,Linear,Intermediate,Tropical/Subtropical,Moderate,Very High
120,50,120,130,3,9,0,1,0,8,1,1,4,3,0,81.8,116.8,Intermediate,White,Tropical/Subtropical,Moderate,Very High
50,120,130,120,9,3,1,0,8,0,1,1,3,4,0,79.2,128.0,Compound,Intermediate,Tropical/Subtropical,Moderate,Very High
120,70,120,90,3,7,0,0,0,6,1,1,4,4,0,90.2,111.2,Pinnate,White,Cool Temperate,Moderate,Very High
70,120,90,120,7,3,0,0,6,0,1,1,4,4,0,92.5,96.4,Intermediate,White,Cool Temperate,Moderate,Very High
120,70,120,90,3,7,0,0,0,6,1,1,4,4,0,91.4,105.6,Pinnate,White,Tropical,Moderate,Very High
70,120,90,120,7,3,0,0,6,0,1,1,4,4,0,94.6,104.8,Pinnate,White,Tropical,Moderate,Very High
120,70,120,90,3,7,0,0,0,6,1,1,4,4,0,99.0,107.5,Intermediate,White,Tropical,Moderate,Very High
70,120,90,120,7,3,0,0,6,0,1,1,4,4,0,93.6,103.0,Intermediate,White,Cool Temperate,Moderate,Very High
120,70,120,90,3,7,0,0,0,6,1,1,4,4,0,96.2,120.7,Intermediate,White,Tropical,Moderate,Very High
70,120,90,120,7,3,0,0,6,0,1,1,4,4,0,91.2,95.7,Pinnate,White,Cool Temperate,Moderate,Very High
120,70,120,90,3,7,0,0,0,6,1,1,4,4,0,102.0,104.2,Pinnate,White,Cool Temperate,Moderate,Very High
70,120,90,120,7,3,0,0,6,0,1,1,4,4,0,97.6,98.3,Pinnate,White,Tropical,Moderate,Very High
120,70,120,90,3,7,0,0,0,6,1,1,4,4,0,98.5,108.3,Intermediate,White,Cool Temperate,Moderate,Very High
70,120,90,120,7,3,0,0,6,0,1,1,4,4,0,95.5,108.2,Intermediate,White,Tropical,Moderate,Very High
120,70,120,90,3,7,0,0,0,6,1,1,4,4,0,95.8,102.2,Linear,White,Cool Temperate,Moderate,Very High
70,120,90,120,7,3,0,0,6,0,1,1,4,4,0,103.6,106.2,Linear,White,Tropical,Moderate,Very High
120,70,120,90,3,7,0,0,0,6,1,1,4,4,0,98.5,111.4,Intermediate,White,Tropical,Moderate,Very High
70,120,90,120,7,3,0,0,6,0,1,1,4,4,0,90.9,97.3,Intermediate,White,Tropical,Moderate,Very High
120,30,120,100,3,5,0,2,0,8,1,2,4,3,0,75.4,126.6,Linear,White,Tropical/Subtropical,Very High,Very High
30,120,100,120,5,3,2,0,8,0,2,1,3,4,0,76.0,111.6,Intermediate,Purple,Tropical,Very High,Very High
120,30,120,100,3,5,0,2,0,8,1,2,4,3,0,77.9,120.2,Cordate,White,Tropical,Very High,Very High
30,120,100,120,5,3,2,0,8,0,2,1,3,4,0,78.8,108.7,Cordate,Purple,Tropical/Subtropical,Very High,Very High
120,30,120,100,3,5,0,2,0,8,1,2,4,3,0,71.9,109.1,Cordate,Intermediate,Tropical/Subtropical,Very High,Very High
30,120,100,120,5,3,2,0,8,0,2,1,3,4,0,75.3,114.9,Cordate,White,Tropical,Very High,Very High
120,30,120,100,3,5,0,2,0,8,1,2,4,3,0,71.9,105.1,Intermediate,Intermediate,Tropical/Subtropical,Very High,Very High
30,120,100,120,5,3,2,0,8,0,2,1,3,4,0,74.8,98.9,Linear,Intermediate,Tropical/Subtropical,Very High,Very High
120,30,120,100,3,5,0,2,0,8,1,2,4,3,0,73.4,104.7,Cordate,Intermediate,Tropical/Subtropical,Very High,Very High
30,120,100,120,5,3,2,0,8,0,2,1,3,4,0,74.5,99.1,Cordate,Purple,Tropical/Subtropical,Very High,Very High
120,30,120,100,3,5,0,2,0,8,1,2,4,3,0,80.5,110.8,Cordate,Purple,Tropical/Subtropical,Very High,Very High
30,120,100,120,5,3,2,0,8,0,2,1,3,4,0,72.5,101.9,Intermediate,Purple,Tropical,Very High,Very High
120,30,120,100,3,5,0,2,0,8,1,2,4,3,0,67.1,109.0,Intermediate,Intermediate,Tropical,Very High,Very High
30,120,100,120,5,3,2,0,8,0,2,1,3,4,0,72.5,106.2,Linear,White,Tropical,Very High,Very High
120,30,120,100,3,5,0,2,0,8,1,2,4,3,0,69.6,118.2,Cordate,Intermediate,Tropical,Very High,Very High
30,120,100,120,5,3,2,0,8,0,2,1,3,4,0,73.2,119.6,Intermediate,White,Tropical/Subtropical,Very High,Very High
120,300,120,270,3,4,0,0,0,0,1,3,4,4,0,235.7,201.3,Linear,White,Tropical,Very High,Very High
300,120,270,120,4,3,0,0,0,0,3,1,4,4,0,211.0,204.1,Intermediate,White,Tropical,Very High,Very High
120,300,120,270,3,4,0,0,0,0,1,3,4,4,0,217.2,211.3,Intermediate,White,Tropical,Very High,Very High
300,120,270,120,4,3,0,0,0,0,3,1,4,4,0,209.6,192.6,Intermediate,White,Tropical,Very High,Very High
120,300,120,270,3,4,0,0,0,0,1,3,4,4,0,199.2,195.0,Intermediate,White,Tropical,Very High,Very High
300,120,270,120,4,3,0,0,0,0,3,1,4,4,0,211.9,191.4,Intermediate,White,Tropical,Very High,Very High
120,300,120,270,3,4,0,0,0,0,1,3,4,4,0,211.2,190.5,Linear,White,Tropical,Very High,Very High
300,120,270,120,4,3,0,0,0,0,3,1,4,4,0,206.0,191.9,Palmate,White,Tropical,Very High,Very High
120,300,120,270,3,4,0,0,0,0,1,3,4,4,0,216.4,195.7,Intermediate,White,Tropical,Very High,Very High
300,120,270,120,4,3,0,0,0,0,3,1,4,4,0,202.6,217.7,Intermediate,White,Tropical,Very High,Very High
120,300,120,270,3,4,0,0,0,0,1,3,4,4,0,194.0,207.7,Palmate,White,Tropical,Very High,Very High
300,120,270,120,4,3,0,0,0,0,3,1,4,4,0,213.0,198.4,Intermediate,White,Tropical,Very High,Very High
120,300,120,270,3,4,0,0,0,0,1,3,4,4,0,202.7,188.2,Linear,White,Tropical,Very High,Very High
300,120,270,120,4,3,0,0,0,0,3,1,4,4,0,210.8,190.9,Linear,White,Tropical,Very High,Very High
120,300,120,270,3,4,0,0,0,0,1,3,4,4,0,204.6,194.1,Intermediate,White,Tropical,Very High,Very High
300,120,270,120,4,3,0,0,0,0,3,1,4,4,0,193.3,212.4,Linear,White,Tropical,Very High,Very High
120,50,120,70,3,6,0,1,0,6,1,1,4,3,0,82.3,93.0,Linear,Intermediate,Cool Temperate,Moderate,Very High
50,120,70,120,6,3,1,0,6,0,1,1,3,4,0,81.8,96.2,Intermediate,Intermediate,Tropical,Moderate,Very High
120,50,120,70,3,6,0,1,0,6,1,1,4,3,0,84.9,88.3,Intermediate,White,Tropical,Moderate,Very High
50,120,70,120,6,3,1,0,6,0,1,1,3,4,0,77.9,87.7,Intermediate,Intermediate,Tropical,Moderate,Very High
120,50,120,70,3,6,0,1,0,6,1,1,4,3,0,89.9,95.4,Oblong,Intermediate,Tropical,Moderate,Very High
50,120,70,120,6,3,1,0,6,0,1,1,3,4,0,77.8,102.9,Oblong,White,Cool Temperate,Moderate,Very High
120,50,120,70,3,6,0,1,0,6,1,1,4,3,0,85.9,103.8,Oblong,Intermediate,Cool Temperate,Moderate,Very High
50,120,70,120,6,3,1,0,6,0,1,1,3,4,0,86.6,88.2,Oblong,White,Cool Temperate,Moderate,Very High
120,50,120,70,3,6,0,1,0,6,1,1,4,3,0,80.8,98.2,Linear,Yellow,Tropical,Moderate,Very High
50,120,70,120,6,3,1,0,6,0,1,1,3,4,0,81.3,97.2,Linear,Intermediate,Cool Temperate,Moderate,Very High
120,50,120,70,3,6,0,1,0,6,1,1,4,3,0,88.2,92.8,Oblong,White,Tropical,Moderate,Very High
50,120,70,120,6,3,1,0,6,0,1,1,3,4,0,80.9,92.5,Oblong,White,Tropical,Moderate,Very High
120,50,120,70,3,6,0,1,0,6,1,1,4,3,0,91.3,98.5,Intermediate,Intermediate,Cool Temperate,Moderate,Very High
50,120,70,120,6,3,1,0,6,0,1,1,3,4,0,77.8,97.6,Linear,Intermediate,Tropical,Moderate,Very High
120,50,120,70,3,6,0,1,0,6,1,1,4,3,0,88.5,93.4,Linear,Intermediate,Cool Temperate,Moderate,Very High
50,120,70,120,6,3,1,0,6,0,1,1,3,4,0,79.5,102.2,Oblong,Intermediate,Cool Temperate,Moderate,Very High
120,130,120,100,3,10,0,1,0,2,1,2,4,4,0,115.5,112.7,Intermediate,Yellow,Tropical,Very High,Very High
130,120,100,120,10,3,1,0,2,0,2,1,4,4,0,118.6,111.9,Lobed,White,Tropical,Very High,Very High
120,130,120,100,3,10,0,1,0,2,1,2,4,4,0,132.7,107.5,Intermediate,Intermediate,Tropical,Very High,Very High
130,120,100,120,10,3,1,0,2,0,2,1,4,4,0,119.0,107.7,Intermediate,White,Temperate,Very High,Very High
120,130,120,100,3,10,0,1,0,2,1,2,4,4,0,125.9,114.2,Intermediate,Intermediate,Tropical,Very High,Very High
130,120,100,120,10,3,1,0,2,0,2,1,4,4,0,121.9,109.1,Intermediate,White,Tropical,Very High,Very High
120,130,120,100,3,10,0,1,0,2,1,2,4,4,0,125.9,105.3,Linear,White,Temperate,Very High,Very High
130,120,100,120,10,3,1,0,2,0,2,1,4,4,0,131.6,107.5,Intermediate,Intermediate,Temperate,Very High,Very High
120,130,120,100,3,10,0,1,0,2,1,2,4,4,0,134.3,115.2,Intermediate,White,Tropical,Very High,Very High
130,120,100,120,10,3,1,0,2,0,2,1,4,4,0,126.1,105.3,Intermediate,White,Temperate,Very High,Very High
120,130,120,100,3,10,0,1,0,2,1,2,4,4,0,121.4,128.4,Linear,White,Temperate,Very High,Very High
130,120,100,120,10,3,1,0,2,0,2,1,4,4,0,117.7,98.6,Lobed,White,Tropical,Very High,Very High
120,130,120,100,3,10,0,1,0,2,1,2,4,4,0,116.7,112.1,Lobed,Intermediate,Temperate,Very High,Very High
130,120,100,120,10,3,1,0,2,0,2,1,4,4,0,123.1,114.6,Lobed,Intermediate,Temperate,Very High,Very High
120,130,120,100,3,10,0,1,0,2,1,2,4,4,0,130.4,117.4,Lobed,Yellow,Temperate,Very High,Very High
130,120,100,120,10,3,1,0,2,0,2,1,4,4,0,125.5,103.1,Lobed,Intermediate,Temperate,Very High,Very High
120,150,120,150,3,4,0,0,0,1,1,1,4,3,0,134.3,129.0,Palmate,White,Tropical,Moderate,Very High
150,120,150,120,4,3,0,0,1,0,1,1,3,4,0,121.8,128.4,Intermediate,White,Tropical,Moderate,Very High
120,150,120,150,3,4,0,0,0,1,1,1,4,3,0,124.9,147.1,Intermediate,White,Tropical,Moderate,Very High
150,120,150,120,4,3,0,0,1,0,1,1,3,4,0,135.5,145.0,Intermediate,White,Subtropical,Moderate,Very High
120,150,120,150,3,4,0,0,0,1,1,1,4,3,0,142.2,122.1,Palmate,White,Tropical,Moderate,Very High
150,120,150,120,4,3,0,0,1,0,1,1,3,4,0,126.9,129.6,Linear,White,Tropical,Moderate,Very High
120,150,120,150,3,4,0,0,0,1,1,1,4,3,0,132.4,139.1,Linear,White,Subtropical,Moderate,Very High
150,120,150,120,4,3,0,0,1,0,1,1,3,4,0,136.0,135.2,Linear,White,Tropical,Moderate,Very High
120,150,120,150,3,4,0,0,0,1,1,1,4,3,0,140.9,136.5,Linear,White,Subtropical,Moderate,Very High
150,120,150,120,4,3,0,0,1,0,1,1,3,4,0,130.4,130.7,Intermediate,White,Tropical,Moderate,Very High
120,150,120,150,3,4,0,0,0,1,1,1,4,3,0,147.3,119.3,Palmate,White,Tropical,Moderate,Very High
150,120,150,120,4,3,0,0,1,0,1,1,3,4,0,141.2,129.4,Intermediate,White,Subtropical,Moderate,Very High
120,150,120,150,3,4,0,0,0,1,1,1,4,3,0,135.8,126.8,Linear,White,Subtropical,Moderate,Very High
150,120,150,120,4,3,0,0,1,0,1,1,3,4,0,145.0,137.0,Linear,White,Tropical,Moderate,Very High
120,150,120,150,3,4,0,0,0,1,1,1,4,3,0,133.3,134.9,Intermediate,White,Subtropical,Moderate,Very High
150,120,150,120,4,3,0,0,1,0,1,1,3,4,0,151.9,135.6,Intermediate,White,Tropical,Moderate,Very High
120,200,120,170,3,4,0,1,0,0,1,2,4,1,0,154.8,139.4,Intermediate,Yellow,Tropical,Very High,High
200,120,170,120,4,3,1,0,0,0,2,1,1,4,0,153.5,157.9,Intermediate,Intermediate,Tropical,Very High,High
120,200,120,170,3,4,0,1,0,0,1,2,4,1,0,164.7,142.2,Intermediate,Yellow,Tropical,Very High,High
200,120,170,120,4,3,1,0,0,0,2,1,1,4,0,150.6,149.4,Palmate,Intermediate,Tropical,Very High,High
120,200,120,170,3,4,0,1,0,0,1,2,4,1,0,162.8,135.1,Intermediate,White,Tropical,Very High,High
200,120,170,120,4,3,1,0,0,0,2,1,1,4,0,162.7,138.6,Linear,Intermediate,Tropical,Very High,High
120,200,120,170,3,4,0,1,0,0,1,2,4,1,0,167.4,138.3,Linear,Intermediate,Tropical,Very High,High
200,120,170,120,4,3,1,0,0,0,2,1,1,4,0,161.2,152.5,Palmate,Yellow,Tropical,Very High,High
120,200,120,170,3,4,0,1,0,0,1,2,4,1,0,159.0,143.4,Palmate,White,Tropical,Very High,High
200,120,170,120,4,3,1,0,0,0,2,1,1,4,0,158.0,133.5,Palmate,Intermediate,Tropical,Very High,High
120,200,120,170,3,4,0,1,0,0,1,2,4,1,0,171.4,127.5,Linear,Intermediate,Tropical,Very High,High
200,120,170,120,4,3,1,0,0,0,2,1,1,4,0,155.9,148.8,Intermediate,White,Tropical,Very High,High
120,200,120,170,3,4,0,1,0,0,1,2,4,1,0,159.1,142.1,Palmate,Intermediate,Tropical,Very High,High
200,120,170,120,4,3,1,0,0,0,2,1,1,4,0,164.9,146.6,Linear,White,Tropical,Very High,High
120,200,120,170,3,4,0,1,0,0,1,2,4,1,0,169.4,134.2,Palmate,White,Tropical,Very High,High
200,120,170,120,4,3,1,0,0,0,2,1,1,4,0,158.9,152.3,Linear,Intermediate,Tropical,Very High,High
120,180,120,90,3,2,0,3,0,8,1,1,4,3,0,147.1,108.4,Elliptical,Intermediate,Tropical,Moderate,Very High
180,120,90,120,2,3,3,0,8,0,1,1,3,4,0,143.6,107.3,Intermediate,Intermediate,Tropical/Subtropical,Moderate,Very High
120,180,120,90,3,2,0,3,0,8,1,1,4,3,0,149.3,109.6,Linear,Pink,Tropical,Moderate,Very High
180,120,90,120,2,3,3,0,8,0,1,1,3,4,0,160.3,101.5,Intermediate,Pink,Tropical,Moderate,Very High
120,180,120,90,3,2,0,3,0,8,1,1,4,3,0,149.7,109.7,Intermediate,Pink,Tropical/Subtropical,Moderate,Very High
180,120,90,120,2,3,3,0,8,0,1,1,3,4,0,152.9,108.5,Elliptical,Pink,Tropical,Moderate,Very High
120,180,120,90,3,2,0,3,0,8,1,1,4,3,0,146.8,104.8,Intermediate,Intermediate,Tropical,Moderate,Very High
180,120,90,120,2,3,3,0,8,0,1,1,3,4,0,135.3,106.0,Linear,Intermediate,Tropical/Subtropical,Moderate,Very High
120,180,120,90,3,2,0,3,0,8,1,1,4,3,0,150.1,98.7,Linear,Intermediate,Tropical/Subtropical,Moderate,Very High
180,120,90,120,2,3,3,0,8,0,1,1,3,4,0,151.8,112.2,Linear,White,Tropical/Subtropical,Moderate,Very High
120,180,120,90,3,2,0,3,0,8,1,1,4,3,0,168.8,95.7,Intermediate,Intermediate,Tropical/Subtropical,Moderate,Very High
180,120,90,120,2,3,3,0,8,0,1,1,3,4,0,138.9,102.2,Elliptical,White,Tropical,Moderate,Very High
120,180,120,90,3,2,0,3,0,8,1,1,4,3,0,162.2,105.2,Elliptical,Pink,Tropical,Moderate,Very High
180,120,90,120,2,3,3,0,8,0,1,1,3,4,0,151.5,103.1,Intermediate,Intermediate,Tropical/Subtropical,Moderate,Very High
120,180,120,90,3,2,0,3,0,8,1,1,4,3,0,151.3,101.7,Linear,Intermediate,Tropical/Subtropical,Moderate,Very High
180,120,90,120,2,3,3,0,8,0,1,1,3,4,0,140.3,111.8,Intermediate,Pink,Tropical,Moderate,Very High
120,100,120,80,3,0,0,1,0,2,1,3,4,1,0,108.6,103.3,Ovate,Intermediate,Tropical,Very High,High
100,120,80,120,0,3,1,0,2,0,3,1,1,4,0,107.0,101.1,Intermediate,Intermediate,Temperate,Very High,High
120,100,120,80,3,0,0,1,0,2,1,3,4,1,0,115.7,106.4,Intermediate,Intermediate,Temperate,Very High,High
100,120,80,120,0,3,1,0,2,0,3,1,1,4,0,99.0,104.0,Intermediate,Yellow,Tropical,Very High,High
120,100,120,80,3,0,0,1,0,2,1,3,4,1,0,109.7,100.4,Ovate,White,Tropical,Very High,High
100,120,80,120,0,3,1,0,2,0,3,1,1,4,0,116.7,110.0,Linear,Intermediate,Temperate,Very High,High
120,100,120,80,3,0,0,1,0,2,1,3,4,1,0,105.3,102.5,Intermediate,White,Temperate,Very High,High
100,120,80,120,0,3,1,0,2,0,3,1,1,4,0,105.3,104.2,Linear,White,Tropical,Very High,High
120,100,120,80,3,0,0,1,0,2,1,3,4,1,0,108.5,93.6,Intermediate,Intermediate,Temperate,Very High,High
100,120,80,120,0,3,1,0,2,0,3,1,1,4,0,105.9,100.3,Intermediate,Yellow,Tropical,Very High,High
120,100,120,80,3,0,0,1,0,2,1,3,4,1,0,109.5,100.1,Linear,Intermediate,Temperate,Very High,High
100,120,80,120,0,3,1,0,2,0,3,1,1,4,0,109.8,92.8,Linear,Intermediate,Tropical,Very High,High
120,100,120,80,3,0,0,1,0,2,1,3,4,1,0,101.3,94.0,Ovate,Intermediate,Temperate,Very High,High
100,120,80,120,0,3,1,0,2,0,3,1,1,4,0,103.8,105.4,Intermediate,Intermediate,Tropical,Very High,High
120,100,120,80,3,0,0,1,0,2,1,3,4,1,0,111.8,97.5,Ovate,White,Temperate,Very High,High
100,120,80,120,0,3,1,0,2,0,3,1,1,4,0,103.6,102.5,Ovate,Yellow,Tropical,Very High,High
120,300,120,110,3,3,0,0,0,4,1,3,4,3,1,209.9,113.4,Linear,White,Tropical,Very High,Very High
300,120,110,120,3,3,0,0,4,0,3,1,3,4,1,220.5,111.5,Linear,White,Arid,Very High,Very High
120,300,120,110,3,3,0,0,0,4,1,3,4,3,1,212.0,109.5,Linear,White,Arid,Very High,Very High
300,120,110,120,3,3,0,0,4,0,3,1,3,4,1,215.8,113.1,Linear,White,Tropical,Very High,Very High
120,300,120,110,3,3,0,0,0,4,1,3,4,3,1,241.7,120.2,Linear,White,Arid,Very High,Very High
300,120,110,120,3,3,0,0,4,0,3,1,3,4,1,195.9,111.7,Linear,White,Tropical,Very High,Very High
120,300,120,110,3,3,0,0,0,4,1,3,4,3,1,208.7,109.3,Linear,White,Arid,Very High,Very High
300,120,110,120,3,3,0,0,4,0,3,1,3,4,1,195.8,110.9,Linear,White,Tropical,Very High,Very High
120,300,120,110,3,3,0,0,0,4,1,3,4,3,1,190.2,113.2,Linear,White,Tropical,Very High,Very High
300,120,110,120,3,3,0,0,4,0,3,1,3,4,1,204.9,113.8,Linear,White,Tropical,Very High,Very High
120,300,120,110,3,3,0,0,0,4,1,3,4,3,1,206.2,108.9,Linear,White,Tropical,Very High,Very High
300,120,110,120,3,3,0,0,4,0,3,1,3,4,1,219.5,119.0,Linear,White,Tropical,Very High,Very High
120,300,120,110,3,3,0,0,0,4,1,3,4,3,1,217.2,119.1,Linear,White,Arid,Very High,Very High
300,120,110,120,3,3,0,0,4,0,3,1,3,4,1,207.5,107.7,Linear,White,Tropical,Very High,Very High
120,300,120,110,3,3,0,0,0,4,1,3,4,3,1,193.3,118.3,Linear,White,Tropical,Very High,Very High
300,120,110,120,3,3,0,0,4,0,3,1,3,4,1,195.0,107.6,Linear,White,Arid,Very High,Very High
120,250,120,90,3,3,0,2,0,5,1,3,4,1,1,191.6,103.7,Linear,White,Tropical,Very High,High
250,120,90,120,3,3,2,0,5,0,3,1,1,4,1,190.1,102.1,Linear,Purple,Semi-Arid,Very High,High
120,250,120,90,3,3,0,2,0,5,1,3,4,1,1,174.7,104.0,Linear,Purple,Semi-Arid,Very High,High
250,120,90,120,3,3,2,0,5,0,3,1,1,4,1,181.3,104.4,Linear,Purple,Tropical,Very High,High
120,250,120,90,3,3,0,2,0,5,1,3,4,1,1,179.5,104.1,Linear,Intermediate,Tropical,Very High,High
250,120,90,120,3,3,2,0,5,0,3,1,1,4,1,184.7,106.7,Linear,White,Tropical,Very High,High
120,250,120,90,3,3,0,2,0,5,1,3,4,1,1,194.3,110.9,Linear,Intermediate,Semi-Arid,Very High,High
250,120,90,120,3,3,2,0,5,0,3,1,1,4,1,183.7,99.8,Linear,Intermediate,Tropical,Very High,High
120,250,120,90,3,3,0,2,0,5,1,3,4,1,1,177.9,97.5,Linear,Intermediate,Tropical,Very High,High
250,120,90,120,3,3,2,0,5,0,3,1,1,4,1,182.3,106.2,Linear,Intermediate,Tropical,Very High,High
120,250,120,90,3,3,0,2,0,5,1,3,4,1,1,194.5,99.3,Linear,Purple,Tropical,Very High,High
250,120,90,120,3,3,2,0,5,0,3,1,1,4,1,188.2,108.4,Linear,Intermediate,Semi-Arid,Very High,High
120,250,120,90,3,3,0,2,0,5,1,3,4,1,1,179.0,104.8,Linear,White,Tropical,Very High,High
250,120,90,120,3,3,2,0,5,0,3,1,1,4,1,187.9,107.0,Linear,Purple,Semi-Arid,Very High,High
120,250,120,90,3,3,0,2,0,5,1,3,4,1,1,178.9,98.9,Linear,Intermediate,Semi-Arid,Very High,High
250,120,90,120,3,3,2,0,5,0,3,1,1,4,1,183.4,114.2,Linear,Purple,Tropical,Very High,High
120,100,120,65,3,7,0,1,0,0,1,2,4,3,0,106.2,96.7,Intermediate,Intermediate,Tropical,Very High,Very High
100,120,65,120,7,3,1,0,0,0,2,1,3,4,0,115.8,82.9,Intermediate,Intermediate,Tropical,Very High,Very High
120,100,120,65,3,7,0,1,0,0,1,2,4,3,0,105.4,85.7,Pinnate,Intermediate,Tropical,Very High,Very High
100,120,65,120,7,3,1,0,0,0,2,1,3,4,0,105.3,78.8,Linear,Yellow,Tropical,Very High,Very High
120,100,120,65,3,7,0,1,0,0,1,2,4,3,0,99.0,86.8,Linear,Yellow,Tropical,Very High,Very High
100,120,65,120,7,3,1,0,0,0,2,1,3,4,0,113.6,91.3,Pinnate,Intermediate,Tropical,Very High,Very High
120,100,120,65,3,7,0,1,0,0,1,2,4,3,0,117.6,86.3,Intermediate,Yellow,Tropical,Very High,Very High
100,120,65,120,7,3,1,0,0,0,2,1,3,4,0,110.7,95.4,Linear,Yellow,Tropical,Very High,Very High
120,100,120,65,3,7,0,1,0,0,1,2,4,3,0,119.2,89.6,Pinnate,Yellow,Tropical,Very High,Very High
100,120,65,120,7,3,1,0,0,0,2,1,3,4,0,115.8,94.2,Linear,Yellow,Tropical,Very High,Very High
120,100,120,65,3,7,0,1,0,0,1,2,4,3,0,101.6,88.5,Intermediate,Intermediate,Tropical,Very High,Very High
100,120,65,120,7,3,1,0,0,0,2,1,3,4,0,110.4,90.0,Intermediate,Intermediate,Tropical,Very High,Very High
120,100,120,65,3,7,0,1,0,0,1,2,4,3,0,111.3,85.2,Linear,Intermediate,Tropical,Very High,Very High
100,120,65,120,7,3,1,0,0,0,2,1,3,4,0,106.8,95.9,Intermediate,White,Tropical,Very High,Very High
120,100,120,65,3,7,0,1,0,0,1,2,4,3,0,117.5,94.1,Intermediate,Yellow,Tropical,Very High,Very High
100,120,65,120,7,3,1,0,0,0,2,1,3,4,0,111.8,87.8,Linear,White,Tropical,Very High,Very High
120,30,120,75,3,7,0,0,0,6,1,1,4,3,0,73.1,105.7,Linear,White,Cool Temperate,Moderate,Very High
30,120,75,120,7,3,0,0,6,0,1,1,3,4,0,72.7,98.4,Pinnate,White,Tropical,Moderate,Very High
120,30,120,75,3,7,0,0,0,6,1,1,4,3,0,70.4,96.5,Pinnate,White,Tropical,Moderate,Very High
30,120,75,120,7,3,0,0,6,0,1,1,3,4,0,76.2,96.4,Intermediate,White,Tropical,Moderate,Very High
120,30,120,75,3,7,0,0,0,6,1,1,4,3,0,72.3,98.5,Intermediate,White,Tropical,Moderate,Very High
30,120,75,120,7,3,0,0,6,0,1,1,3,4,0,75.9,91.1,Intermediate,White,Tropical,Moderate,Very High
120,30,120,75,3,7,0,0,0,6,1,1,4,3,0,86.1,100.2,Linear,White,Cool Temperate,Moderate,Very High
30,120,75,120,7,3,0,0,6,0,1,1,3,4,0,75.2,97.6,Linear,White,Cool Temperate,Moderate,Very High
120,30,120,75,3,7,0,0,0,6,1,1,4,3,0,77.1,95.6,Intermediate,White,Tropical,Moderate,Very High
30,120,75,120,7,3,0,0,6,0,1,1,3,4,0,73.5,100.1,Intermediate,White,Tropical,Moderate,Very High
120,30,120,75,3,7,0,0,0,6,1,1,4,3,0,76.7,101.0,Linear,White,Cool Temperate,Moderate,Very High
30,120,75,120,7,3,0,0,6,0,1,1,3,4,0,74.8,96.4,Intermediate,White,Cool Temperate,Moderate,Very High
120,30,120,75,3,7,0,0,0,6,1,1,4,3,0,76.8,97.4,Linear,White,Tropical,Moderate,Very High
30,120,75,120,7,3,0,0,6,0,1,1,3,4,0,67.6,105.0,Linear,White,Cool Temperate,Moderate,Very High
120,30,120,75,3,7,0,0,0,6,1,1,4,3,0,79.2,102.5,Linear,White,Tropical,Moderate,Very High
30,120,75,120,7,3,0,0,6,0,1,1,3,4,0,77.0,101.4,Intermediate,White,Tropical,Moderate,Very High
100,90,110,100,3,3,0,0,0,2,2,1,3,4,1,95.9,102.3,Linear,White,Temperate,Very High,Very High
90,100,100,110,3,3,0,0,2,0,1,2,4,3,1,95.9,102.8,Linear,White,Temperate,Very High,Very High
100,90,110,100,3,3,0,0,0,2,2,1,3,4,1,92.1,101.0,Linear,White,Tropical,Very High,Very High
90,100,100,110,3,3,0,0,2,0,1,2,4,3,1,99.3,104.1,Linear,White,Tropical,Very High,Very High
100,90,110,100,3,3,0,0,0,2,2,1,3,4,1,89.8,98.2,Linear,White,Tropical,Very High,Very High
90,100,100,110,3,3,0,0,2,0,1,2,4,3,1,92.6,108.8,Linear,White,Tropical,Very High,Very High
100,90,110,100,3,3,0,0,0,2,2,1,3,4,1,89.3,106.2,Linear,White,Temperate,Very High,Very High
90,100,100,110,3,3,0,0,2,0,1,2,4,3,1,99.2,104.8,Linear,White,Temperate,Very High,Very High
100,90,110,100,3,3,0,0,0,2,2,1,3,4,1,94.0,106.3,Linear,White,Tropical,Very High,Very High
90,100,100,110,3,3,0,0,2,0,1,2,4,3,1,91.6,104.4,Linear,White,Tropical,Very High,Very High
100,90,110,100,3,3,0,0,0,2,2,1,3,4,1,89.1,107.5,Linear,White,Temperate,Very High,Very High
90,100,100,110,3,3,0,0,2,0,1,2,4,3,1,94.4,107.9,Linear,White,Tropical,Very High,Very High
100,90,110,100,3,3,0,0,0,2,2,1,3,4,1,92.4,108.4,Linear,White,Temperate,Very High,Very High
90,100,100,110,3,3,0,0,2,0,1,2,4,3,1,100.7,106.2,Linear,White,Tropical,Very High,Very High
100,90,110,100,3,3,0,0,0,2,2,1,3,4,1,99.0,101.5,Linear,White,Temperate,Very High,Very High
90,100,100,110,3,3,0,0,2,0,1,2,4,3,1,97.5,102.5,Linear,White,Tropical,Very High,Very High
100,100,110,110,3,3,0,0,0,3,2,2,3,3,1,93.8,119.1,Linear,White,Tropical,High,High
100,100,110,110,3,3,0,0,3,0,2,2,3,3,1,101.7,111.1,Linear,White,Mediterranean,High,High
100,100,110,110,3,3,0,0,0,3,2,2,3,3,1,101.6,104.2,Linear,White,Mediterranean,High,High
100,100,110,110,3,3,0,0,3,0,2,2,3,3,1,99.2,114.2,Linear,White,Mediterranean,High,High
100,100,110,110,3,3,0,0,0,3,2,2,3,3,1,108.0,108.2,Linear,White,Tropical,High,High
100,100,110,110,3,3,0,0,3,0,2,2,3,3,1,84.4,114.0,Linear,White,Mediterranean,High,High
100,100,110,110,3,3,0,0,0,3,2,2,3,3,1,94.2,110.8,Linear,White,Tropical,High,High
100,100,110,110,3,3,0,0,3,0,2,2,3,3,1,105.9,101.0,Linear,White,Tropical,High,High
100,100,110,110,3,3,0,0,0,3,2,2,3,3,1,108.1,108.0,Linear,White,Mediterranean,High,High
100,100,110,110,3,3,0,0,3,0,2,2,3,3,1,93.0,106.4,Linear,White,Tropical,High,High
100,100,110,110,3,3,0,0,0,3,2,2,3,3,1,101.2,117.9,Linear,White,Tropical,High,High
100,100,110,110,3,3,0,0,3,0,2,2,3,3,1,94.2,116.8,Linear,White,Mediterranean,High,High
100,100,110,110,3,3,0,0,0,3,2,2,3,3,1,104.0,109.7,Linear,White,Mediterranean,High,High
100,100,110,110,3,3,0,0,3,0,2,2,3,3,1,104.7,108.6,Linear,White,Tropical,High,High
100,100,110,110,3,3,0,0,0,3,2,2,3,3,1,95.9,115.1,Linear,White,Mediterranean,High,High
100,100,110,110,3,3,0,0,3,0,2,2,3,3,1,99.9,111.1,Linear,White,Tropical,High,High
100,200,110,55,3,4,0,1,0,9,2,1,3,3,0,140.8,85.0,Intermediate,Yellow,Tropical,Very High,High
200,100,55,110,4,3,1,0,9,0,1,2,3,3,0,139.3,74.4,Intermediate,Intermediate,Tropical,Very High,High
100,200,110,55,3,4,0,1,0,9,2,1,3,3,0,141.2,89.8,Palmate,Intermediate,Tropical,Very High,High
200,100,55,110,4,3,1,0,9,0,1,2,3,3,0,142.5,86.5,Intermediate,Yellow,Tropical,Very High,High
100,200,110,55,3,4,0,1,0,9,2,1,3,3,0,160.0,80.0,Intermediate,Intermediate,Tropical,Very High,High
200,100,55,110,4,3,1,0,9,0,1,2,3,3,0,143.4,85.4,Intermediate,White,Tropical,Very High,High
100,200,110,55,3,4,0,1,0,9,2,1,3,3,0,153.2,78.0,Linear,Intermediate,Tropical/Temperate,Very High,High
200,100,55,110,4,3,1,0,9,0,1,2,3,3,0,158.3,81.6,Linear,Intermediate,Tropical/Temperate,Very High,High
100,200,110,55,3,4,0,1,0,9,2,1,3,3,0,152.0,89.1,Intermediate,Intermediate,Tropical/Temperate,Very High,High
200,100,55,110,4,3,1,0,9,0,1,2,3,3,0,154.3,85.6,Intermediate,White,Tropical/Temperate,Very High,High
100,200,110,55,3,4,0,1,0,9,2,1,3,3,0,138.4,84.7,Intermediate,White,Tropical/Temperate,Very High,High
200,100,55,110,4,3,1,0,9,0,1,2,3,3,0,148.7,84.4,Intermediate,White,Tropical/Temperate,Very High,High
100,200,110,55,3,4,0,1,0,9,2,1,3,3,0,133.2,83.2,Palmate,Yellow,Tropical/Temperate,Very High,High
200,100,55,110,4,3,1,0,9,0,1,2,3,3,0,139.3,83.9,Intermediate,Intermediate,Tropical,Very High,High
100,200,110,55,3,4,0,1,0,9,2,1,3,3,0,153.6,87.0,Palmate,Intermediate,Tropical/Temperate,Very High,High
200,100,55,110,4,3,1,0,9,0,1,2,3,3,0,155.2,84.8,Intermediate,Intermediate,Tropical/Temperate,Very High,High
100,150,110,75,3,4,0,1,0,4,2,1,3,3,0,113.7,100.8,Intermediate,Intermediate,Arid,Very High,High
150,100,75,110,4,3,1,0,4,0,1,2,3,3,0,114.6,102.2,Linear,Yellow,Arid,Very High,High
100,150,110,75,3,4,0,1,0,4,2,1,3,3,0,125.5,89.7,Intermediate,Intermediate,Arid,Very High,High
150,100,75,110,4,3,1,0,4,0,1,2,3,3,0,129.3,87.3,Palmate,White,Arid,Very High,High
100,150,110,75,3,4,0,1,0,4,2,1,3,3,0,120.5,91.1,Intermediate,White,Tropical,Very High,High
150,100,75,110,4,3,1,0,4,0,1,2,3,3,0,134.1,91.7,Intermediate,White,Tropical,Very High,High
100,150,110,75,3,4,0,1,0,4,2,1,3,3,0,112.9,94.4,Intermediate,White,Arid,Very High,High
150,100,75,110,4,3,1,0,4,0,1,2,3,3,0,127.3,92.6,Intermediate,Yellow,Tropical,Very High,High
100,150,110,75,3,4,0,1,0,4,2,1,3,3,0,125.8,86.7,Intermediate,White,Arid,Very High,High
150,100,75,110,4,3,1,0,4,0,1,2,3,3,0,138.3,96.2,Palmate,White,Tropical,Very High,High
100,150,110,75,3,4,0,1,0,4,2,1,3,3,0,129.5,83.8,Palmate,Yellow,Arid,Very High,High
150,100,75,110,4,3,1,0,4,0,1,2,3,3,0,111.8,100.6,Palmate,Yellow,Tropical,Very High,High
100,150,110,75,3,4,0,1,0,4,2,1,3,3,0,115.4,90.6,Intermediate,Intermediate,Arid,Very High,High
150,100,75,110,4,3,1,0,4,0,1,2,3,3,0,131.6,83.6,Palmate,White,Tropical,Very High,High
100,150,110,75,3,4,0,1,0,4,2,1,3,3,0,129.4,88.8,Palmate,White,Tropical,Very High,High
150,100,75,110,4,3,1,0,4,0,1,2,3,3,0,126.9,91.4,Linear,Intermediate,Tropical,Very High,High
100,60,110,60,3,0,0,0,0,2,2,1,3,3,0,79.2,80.7,Intermediate,White,Temperate,Very High,High
60,100,60,110,0,3,0,0,2,0,1,2,3,3,0,78.6,84.9,Intermediate,White,Temperate,Very High,High
100,60,110,60,3,0,0,0,0,2,2,1,3,3,0,71.3,83.2,Ovate,White,Tropical,Very High,High
60,100,60,110,0,3,0,0,2,0,1,2,3,3,0,78.2,81.0,Linear,White,Tropical,Very High,High
100,60,110,60,3,0,0,0,0,2,2,1,3,3,0,79.3,79.7,Ovate,White,Tropical,Very High,High
60,100,60,110,0,3,0,0,2,0,1,2,3,3,0,84.7,86.0,Intermediate,White,Temperate,Very High,High
100,60,110,60,3,0,0,0,0,2,2,1,3,3,0,86.7,80.7,Ovate,White,Tropical,Very High,High
60,100,60,110,0,3,0,0,2,0,1,2,3,3,0,81.6,83.6,Linear,White,Temperate,Very High,High
100,60,110,60,3,0,0,0,0,2,2,1,3,3,0,82.2,93.4,Linear,White,Temperate,Very High,High
60,100,60,110,0,3,0,0,2,0,1,2,3,3,0,85.1,86.7,Intermediate,White,Temperate,Very High,High
100,60,110,60,3,0,0,0,0,2,2,1,3,3,0,77.2,85.5,Intermediate,White,Tropical,Very High,High
60,100,60,110,0,3,0,0,2,0,1,2,3,3,0,79.0,87.6,Intermediate,White,Temperate,Very High,High
100,60,110,60,3,0,0,0,0,2,2,1,3,3,0,86.1,87.7,Linear,White,Temperate,Very High,High
60,100,60,110,0,3,0,0,2,0,1,2,3,3,0,76.9,82.6,Linear,White,Temperate,Very High,High
100,60,110,60,3,0,0,0,0,2,2,1,3,3,0,78.3,83.3,Ovate,White,Tropical,Very High,High
60,100,60,110,0,3,0,0,2,0,1,2,3,3,0,80.9,82.9,Intermediate,White,Temperate,Very High,High
100,180,110,80,3,0,0,0,0,0,2,2,3,3,0,142.0,89.7,Linear,White,Tropical,High,High
180,100,80,110,0,3,0,0,0,0,2,2,3,3,0,134.9,90.1,Ovate,White,Tropical,High,High
100,180,110,80,3,0,0,0,0,0,2,2,3,3,0,122.5,94.8,Intermediate,White,Tropical,High,High
180,100,80,110,0,3,0,0,0,0,2,2,3,3,0,146.5,99.2,Intermediate,White,Tropical,High,High
100,180,110,80,3,0,0,0,0,0,2,2,3,3,0,132.2,97.5,Linear,White,Tropical,High,High
180,100,80,110,0,3,0,0,0,0,2,2,3,3,0,137.9,97.1,Linear,White,Tropical,High,High
100,180,110,80,3,0,0,0,0,0,2,2,3,3,0,135.8,95.6,Intermediate,White,Tropical,High,High
180,100,80,110,0,3,0,0,0,0,2,2,3,3,0,134.2,87.0,Ovate,White,Tropical,High,High
100,180,110,80,3,0,0,0,0,0,2,2,3,3,0,131.4,95.5,Ovate,White,Tropical,High,High
180,100,80,110,0,3,0,0,0,0,2,2,3,3,0,149.9,96.8,Intermediate,White,Tropical,High,High
100,180,110,80,3,0,0,0,0,0,2,2,3,3,0,155.9,88.2,Linear,White,Tropical,High,High
180,100,80,110,0,3,0,0,0,0,2,2,3,3,0,140.8,103.4,Intermediate,White,Tropical,High,High
100,180,110,80,3,0,0,0,0,0,2,2,3,3,0,141.7,101.7,Linear,White,Tropical,High,High
180,100,80,110,0,3,0,0,0,0,2,2,3,3,0,123.5,94.8,Ovate,White,Tropical,High,High
100,180,110,80,3,0,0,0,0,0,2,2,3,3,0,130.6,89.4,Intermediate,White,Tropical,High,High
180,100,80,110,0,3,0,0,0,0,2,2,3,3,0,137.3,97.8,Linear,White,Tropical,High,High
100,100,110,95,3,0,0,2,0,2,2,2,3,4,0,100.0,96.9,Ovate,White,Temperate,High,Very High
100,100,95,110,0,3,2,0,2,0,2,2,4,3,0,100.4,103.7,Ovate,Intermediate,Tropical,High,Very High
100,100,110,95,3,0,0,2,0,2,2,2,3,4,0,99.3,100.8,Intermediate,Intermediate,Tropical,High,Very High
100,100,95,110,0,3,2,0,2,0,2,2,4,3,0,99.5,95.1,Intermediate,White,Tropical,High,Very High
100,100,110,95,3,0,0,2,0,2,2,2,3,4,0,103.8,110.4,Intermediate,Intermediate,Temperate,High,Very High
100,100,95,110,0,3,2,0,2,0,2,2,4,3,0,99.6,97.3,Ovate,White,Tropical,High,Very High
100,100,110,95,3,0,0,2,0,2,2,2,3,4,0,97.2,101.7,Ovate,Purple,Tropical,High,Very High
100,100,95,110,0,3,2,0,2,0,2,2,4,3,0,92.8,102.1,Intermediate,White,Temperate,High,Very High
100,100,110,95,3,0,0,2,0,2,2,2,3,4,0,98.2,100.8,Linear,Purple,Tropical,High,Very High
100,100,95,110,0,3,2,0,2,0,2,2,4,3,0,93.2,98.7,Intermediate,White,Tropical,High,Very High
100,100,110,95,3,0,0,2,0,2,2,2,3,4,0,88.2,105.6,Ovate,Intermediate,Tropical,High,Very High
100,100,95,110,0,3,2,0,2,0,2,2,4,3,0,96.6,103.2,Intermediate,Purple,Temperate,High,Very High
100,100,110,95,3,0,0,2,0,2,2,2,3,4,0,100.0,108.4,Ovate,Intermediate,Temperate,High,Very High
100,100,95,110,0,3,2,0,2,0,2,2,4,3,0,103.0,98.3,Linear,White,Tropical,High,Very High
100,100,110,95,3,0,0,2,0,2,2,2,3,4,0,106.8,98.4,Intermediate,Intermediate,Temperate,High,Very High
100,100,95,110,0,3,2,0,2,0,2,2,4,3,0,101.9,98.3,Intermediate,Intermediate,Tropical,High,Very High
100,50,110,130,3,9,0,1,0,8,2,1,3,3,0,69.7,117.4,Linear,Intermediate,Tropical/Subtropical,Very High,High
50,100,130,110,9,3,1,0,8,0,1,2,3,3,0,70.5,120.5,Linear,Intermediate,Tropical/Subtropical,Very High,High
100,50,110,130,3,9,0,1,0,8,2,1,3,3,0,74.4,122.8,Intermediate,Intermediate,Tropical,Very High,High
50,100,130,110,9,3,1,0,8,0,1,2,3,3,0,82.0,108.8,Compound,Intermediate,Tropical,Very High,High
100,50,110,130,3,9,0,1,0,8,2,1,3,3,0,78.0,130.2,Compound,Intermediate,Tropical/Subtropical,Very High,High
50,100,130,110,9,3,1,0,8,0,1,2,3,3,0,78.7,127.9,Linear,White,Tropical,Very High,High
100,50,110,130,3,9,0,1,0,8,2,1,3,3,0,74.3,121.2,Intermediate,White,Tropical/Subtropical,Very High,High
50,100,130,110,9,3,1,0,8,0,1,2,3,3,0,71.5,116.6,Linear,Yellow,Tropical,Very High,High
100,50,110,130,3,9,0,1,0,8,2,1,3,3,0,72.5,122.3,Linear,Yellow,Tropical,Very High,High
50,100,130,110,9,3,1,0,8,0,1,2,3,3,0,75.4,128.0,Intermediate,Yellow,Tropical,Very High,High
100,50,110,130,3,9,0,1,0,8,2,1,3,3,0,79.5,123.0,Linear,Intermediate,Tropical,Very High,High
50,100,130,110,9,3,1,0,8,0,1,2,3,3,0,76.7,119.0,Compound,Intermediate,Tropical,Very High,High
100,50,110,130,3,9,0,1,0,8,2,1,3,3,0,79.8,131.9,Intermediate,Intermediate,Tropical,Very High,High
50,100,130,110,9,3,1,0,8,0,1,2,3,3,0,76.1,106.7,Intermediate,Intermediate,Tropical,Very High,High
100,50,110,130,3,9,0,1,0,8,2,1,3,3,0,71.0,112.6,Compound,Yellow,Tropical,Very High,High
50,100,130,110,9,3,1,0,8,0,1,2,3,3,0,73.3,125.7,Linear,Intermediate,Tropical/Subtropical,Very High,High
100,70,110,90,3,7,0,0,0,6,2,1,3,4,0,84.9,94.9,Linear,White,Cool Temperate,Very High,Very High
70,100,90,110,7,3,0,0,6,0,1,2,4,3,0,90.9,105.6,Intermediate,White,Cool Temperate,Very High,Very High
100,70,110,90,3,7,0,0,0,6,2,1,3,4,0,83.1,102.1,Linear,White,Tropical,Very High,Very High
70,100,90,110,7,3,0,0,6,0,1,2,4,3,0,88.3,95.6,Linear,White,Tropical,Very High,Very High
100,70,110,90,3,7,0,0,0,6,2,1,3,4,0,85.4,98.7,Intermediate,White,Cool Temperate,Very High,Very High
70,100,90,110,7,3,0,0,6,0,1,2,4,3,0,80.1,93.5,Intermediate,White,Cool Temperate,Very High,Very High
100,70,110,90,3,7,0,0,0,6,2,1,3,4,0,86.3,106.3,Linear,White,Tropical,Very High,Very High
70,100,90,110,7,3,0,0,6,0,1,2,4,3,0,74.1,100.5,Linear,White,Tropical,Very High,Very High
100,70,110,90,3,7,0,0,0,6,2,1,3,4,0,81.1,97.3,Pinnate,White,Cool Temperate,Very High,Very High
70,100,90,110,7,3,0,0,6,0,1,2,4,3,0,80.5,95.3,Pinnate,White,Tropical,Very High,Very High
100,70,110,90,3,7,0,0,0,6,2,1,3,4,0,88.9,103.4,Linear,White,Cool Temperate,Very High,Very High
70,100,90,110,7,3,0,0,6,0,1,2,4,3,0,87.9,104.5,Intermediate,White,Cool Temperate,Very High,Very High
100,70,110,90,3,7,0,0,0,6,2,1,3,4,0,90.7,100.4,Pinnate,White,Tropical,Very High,Very High
70,100,90,110,7,3,0,0,6,0,1,2,4,3,0,79.5,97.8,Intermediate,White,Cool Temperate,Very High,Very High
100,70,110,90,3,7,0,0,0,6,2,1,3,4,0,83.9,99.4,Pinnate,White,Tropical,Very High,Very High
70,100,90,110,7,3,0,0,6,0,1,2,4,3,0,86.0,105.2,Linear,White,Cool Temperate,Very High,Very High
100,30,110,100,3,5,0,2,0,8,2,2,3,3,0,64.6,110.0,Linear,Intermediate,Tropical/Subtropical,High,High
30,100,100,110,5,3,2,0,8,0,2,2,3,3,0,62.1,100.6,Intermediate,Intermediate,Tropical/Subtropical,High,High
100,30,110,100,3,5,0,2,0,8,2,2,3,3,0,64.6,101.0,Intermediate,Intermediate,Tropical/Subtropical,High,High
30,100,100,110,5,3,2,0,8,0,2,2,3,3,0,68.2,99.8,Intermediate,Intermediate,Tropical/Subtropical,High,High
100,30,110,100,3,5,0,2,0,8,2,2,3,3,0,58.6,104.7,Intermediate,Intermediate,Tropical/Subtropical,High,High
30,100,100,110,5,3,2,0,8,0,2,2,3,3,0,63.2,104.1,Linear,Intermediate,Tropical,High,High
100,30,110,100,3,5,0,2,0,8,2,2,3,3,0,67.9,100.9,Linear,Intermediate,Tropical/Subtropical,High,High
30,100,100,110,5,3,2,0,8,0,2,2,3,3,0,67.7,100.5,Cordate,Intermediate,Tropical,High,High
100,30,110,100,3,5,0,2,0,8,2,2,3,3,0,68.8,105.7,Linear,Intermediate,Tropical,High,High
30,100,100,110,5,3,2,0,8,0,2,2,3,3,0,67.6,115.9,Cordate,Purple,Tropical/Subtropical,High,High
100,30,110,100,3,5,0,2,0,8,2,2,3,3,0,65.8,104.3,Intermediate,Intermediate,Tropical/Subtropical,High,High
30,100,100,110,5,3,2,0,8,0,2,2,3,3,0,53.4,107.1,Linear,White,Tropical/Subtropical,High,High
100,30,110,100,3,5,0,2,0,8,2,2,3,3,0,74.6,109.7,Linear,Purple,Tropical,High,High
30,100,100,110,5,3,2,0,8,0,2,2,3,3,0,66.0,98.5,Intermediate,Intermediate,Tropical/Subtropical,High,High
100,30,110,100,3,5,0,2,0,8,2,2,3,3,0,69.6,115.5,Linear,Intermediate,Tropical,High,High
30,100,100,110,5,3,2,0,8,0,2,2,3,3,0,70.0,102.5,Linear,White,Tropical,High,High
100,300,110,270,3,4,0,0,0,0,2,3,3,4,0,201.0,176.7,Intermediate,White,Tropical,Very High,Very High
300,100,270,110,4,3,0,0,0,0,3,2,4,3,0,201.7,199.1,Intermediate,White,Tropical,Very High,Very High
100,300,110,270,3,4,0,0,0,0,2,3,3,4,0,196.0,184.0,Intermediate,White,Tropical,Very High,Very High
300,100,270,110,4,3,0,0,0,0,3,2,4,3,0,186.0,190.4,Intermediate,White,Tropical,Very High,Very High
100,300,110,270,3,4,0,0,0,0,2,3,3,4,0,205.0,185.2,Intermediate,White,Tropical,Very High,Very High
300,100,270,110,4,3,0,0,0,0,3,2,4,3,0,188.5,187.4,Linear,White,Tropical,Very High,Very High
100,300,110,270,3,4,0,0,0,0,2,3,3,4,0,188.7,201.6,Intermediate,White,Tropical,Very High,Very High
300,100,270,110,4,3,0,0,0,0,3,2,4,3,0,197.4,189.8,Palmate,White,Tropical,Very High,Very High
100,300,110,270,3,4,0,0,0,0,2,3,3,4,0,201.3,193.1,Intermediate,White,Tropical,Very High,Very High
300,100,270,110,4,3,0,0,0,0,3,2,4,3,0,199.7,187.4,Palmate,White,Tropical,Very High,Very High
100,300,110,270,3,4,0,0,0,0,2,3,3,4,0,188.9,188.5,Linear,White,Tropical,Very High,Very High
300,100,270,110,4,3,0,0,0,0,3,2,4,3,0,198.5,184.8,Intermediate,White,Tropical,Very High,Very High
100,300,110,270,3,4,0,0,0,0,2,3,3,4,0,205.0,183.5,Intermediate,White,Tropical,Very High,Very High
300,100,270,110,4,3,0,0,0,0,3,2,4,3,0,196.8,171.8,Intermediate,White,Tropical,Very High,Very High
100,300,110,270,3,4,0,0,0,0,2,3,3,4,0,194.6,198.8,Palmate,White,Tropical,Very High,Very High
300,100,270,110,4,3,0,0,0,0,3,2,4,3,0,201.3,178.8,Palmate,White,Tropical,Very High,Very High
100,50,110,70,3,6,0,1,0,6,2,1,3,3,0,76.3,90.2,Linear,Yellow,Tropical,Very High,High
50,100,70,110,6,3,1,0,6,0,1,2,3,3,0,71.4,90.2,Oblong,Intermediate,Cool Temperate,Very High,High
100,50,110,70,3,6,0,1,0,6,2,1,3,3,0,75.9,88.0,Oblong,White,Tropical,Very High,High
50,100,70,110,6,3,1,0,6,0,1,2,3,3,0,81.6,90.0,Intermediate,Intermediate,Tropical,Very High,High
100,50,110,70,3,6,0,1,0,6,2,1,3,3,0,77.0,97.6,Oblong,Intermediate,Tropical,Very High,High
50,100,70,110,6,3,1,0,6,0,1,2,3,3,0,74.7,87.0,Linear,Yellow,Cool Temperate,Very High,High
100,50,110,70,3,6,0,1,0,6,2,1,3,3,0,73.2,94.8,Oblong,White,Tropical,Very High,High
50,100,70,110,6,3,1,0,6,0,1,2,3,3,0,75.4,86.6,Intermediate,Intermediate,Tropical,Very High,High
100,50,110,70,3,6,0,1,0,6,2,1,3,3,0,77.2,90.2,Intermediate,Intermediate,Cool Temperate,Very High,High
50,100,70,110,6,3,1,0,6,0,1,2,3,3,0,78.5,86.4,Intermediate,Intermediate,Tropical,Very High,High
100,50,110,70,3,6,0,1,0,6,2,1,3,3,0,73.7,88.3,Oblong,White,Cool Temperate,Very High,High
50,100,70,110,6,3,1,0,6,0,1,2,3,3,0,78.8,86.2,Intermediate,Intermediate,Tropical,Very High,High
100,50,110,70,3,6,0,1,0,6,2,1,3,3,0,77.1,87.4,Intermediate,Yellow,Tropical,Very High,High
50,100,70,110,6,3,1,0,6,0,1,2,3,3,0,75.2,92.7,Intermediate,Intermediate,Tropical,Very High,High
100,50,110,70,3,6,0,1,0,6,2,1,3,3,0,74.2,85.7,Intermediate,White,Cool Temperate,Very High,High
50,100,70,110,6,3,1,0,6,0,1,2,3,3,0,71.4,86.8,Intermediate,Intermediate,Cool Temperate,Very High,High
100,130,110,100,3,10,0,1,0,2,2,2,3,4,0,119.7,105.0,Intermediate,Intermediate,Tropical,High,Very High
130,100,100,110,10,3,1,0,2,0,2,2,4,3,0,117.3,117.5,Intermediate,White,Temperate,High,Very High
100,130,110,100,3,10,0,1,0,2,2,2,3,4,0,118.4,106.9,Intermediate,Intermediate,Tropical,High,Very High
130,100,100,110,10,3,1,0,2,0,2,2,4,3,0,109.7,104.0,Intermediate,White,Temperate,High,Very High
100,130,110,100,3,10,0,1,0,2,2,2,3,4,0,118.2,101.3,Lobed,Intermediate,Temperate,High,Very High
130,100,100,110,10,3,1,0,2,0,2,2,4,3,0,118.7,100.0,Lobed,Intermediate,Temperate,High,Very High
100,130,110,100,3,10,0,1,0,2,2,2,3,4,0,118.8,110.8,Intermediate,Yellow,Tropical,High,Very High
130,100,100,110,10,3,1,0,2,0,2,2,4,3,0,118.5,100.5,Linear,Intermediate,Temperate,High,Very High
100,130,110,100,3,10,0,1,0,2,2,2,3,4,0,109.4,100.5,Intermediate,Intermediate,Tropical,High,Very High
130,100,100,110,10,3,1,0,2,0,2,2,4,3,0,119.8,108.1,Intermediate,Yellow,Temperate,High,Very High
100,130,110,100,3,10,0,1,0,2,2,2,3,4,0,116.5,101.4,Lobed,White,Tropical,High,Very High
130,100,100,110,10,3,1,0,2,0,2,2,4,3,0,117.7,100.9,Intermediate,Intermediate,Temperate,High,Very High
100,130,110,100,3,10,0,1,0,2,2,2,3,4,0,117.0,103.5,Lobed,White,Temperate,High,Very High
130,100,100,110,10,3,1,0,2,0,2,2,4,3,0,111.4,107.5,Intermediate,Intermediate,Tropical,High,Very High
100,130,110,100,3,10,0,1,0,2,2,2,3,4,0,107.6,106.6,Intermediate,Yellow,Tropical,High,Very High
130,100,100,110,10,3,1,0,2,0,2,2,4,3,0,105.9,104.9,Intermediate,Intermediate,Temperate,High,Very High
100,150,110,150,3,4,0,0,0,1,2,1,3,3,0,125.0,131.2,Intermediate,White,Tropical,Very High,High
150,100,150,110,4,3,0,0,1,0,1,2,3,3,0,126.9,122.3,Palmate,White,Subtropical,Very High,High
100,150,110,150,3,4,0,0,0,1,2,1,3,3,0,123.1,135.7,Intermediate,White,Tropical,Very High,High
150,100,150,110,4,3,0,0,1,0,1,2,3,3,0,128.1,128.9,Linear,White,Tropical,Very High,High
100,150,110,150,3,4,0,0,0,1,2,1,3,3,0,127.6,125.7,Palmate,White,Tropical,Very High,High
150,100,150,110,4,3,0,0,1,0,1,2,3,3,0,115.3,128.8,Intermediate,White,Tropical,Very High,High
100,150,110,150,3,4,0,0,0,1,2,1,3,3,0,123.2,121.4,Palmate,White,Subtropical,Very High,High
150,100,150,110,4,3,0,0,1,0,1,2,3,3,0,123.6,129.4,Linear,White,Subtropical,Very High,High
100,150,110,150,3,4,0,0,0,1,2,1,3,3,0,115.9,133.0,Palmate,White,Subtropical,Very High,High
150,100,150,110,4,3,0,0,1,0,1,2,3,3,0,120.6,125.4,Intermediate,White,Subtropical,Very High,High
100,150,110,150,3,4,0,0,0,1,2,1,3,3,0,143.4,132.0,Linear,White,Tropical,Very High,High
150,100,150,110,4,3,0,0,1,0,1,2,3,3,0,116.2,134.1,Intermediate,White,Subtropical,Very High,High
100,150,110,150,3,4,0,0,0,1,2,1,3,3,0,124.6,135.1,Intermediate,White,Tropical,Very High,High
150,100,150,110,4,3,0,0,1,0,1,2,3,3,0,120.8,133.4,Intermediate,White,Subtropical,Very High,High
100,150,110,150,3,4,0,0,0,1,2,1,3,3,0,129.9,134.6,Intermediate,White,Tropical,Very High,High
150,100,150,110,4,3,0,0,1,0,1,2,3,3,0,117.2,126.3,Intermediate,White,Tropical,Very High,High
100,200,110,170,3,4,0,1,0,0,2,2,3,1,0,145.4,145.2,Intermediate,Intermediate,Tropical,High,High
200,100,170,110,4,3,1,0,0,0,2,2,1,3,0,165.7,138.8,Linear,Yellow,Tropical,High,High
100,200,110,170,3,4,0,1,0,0,2,2,3,1,0,154.8,145.2,Palmate,Intermediate,Tropical,High,High
200,100,170,110,4,3,1,0,0,0,2,2,1,3,0,151.7,146.3,Intermediate,Yellow,Tropical,High,High
100,200,110,170,3,4,0,1,0,0,2,2,3,1,0,154.5,136.6,Intermediate,Intermediate,Tropical,High,High
200,100,170,110,4,3,1,0,0,0,2,2,1,3,0,139.0,145.0,Intermediate,Intermediate,Tropical,High,High
100,200,110,170,3,4,0,1,0,0,2,2,3,1,0,145.4,136.2,Palmate,Intermediate,Tropical,High,High
200,100,170,110,4,3,1,0,0,0,2,2,1,3,0,163.0,138.9,Palmate,Intermediate,Tropical,High,High
100,200,110,170,3,4,0,1,0,0,2,2,3,1,0,150.9,136.8,Palmate,White,Tropical,High,High
200,100,170,110,4,3,1,0,0,0,2,2,1,3,0,159.5,138.6,Linear,Intermediate,Tropical,High,High
100,200,110,170,3,4,0,1,0,0,2,2,3,1,0,146.3,128.8,Linear,White,Tropical,High,High
200,100,170,110,4,3,1,0,0,0,2,2,1,3,0,155.4,138.7,Palmate,White,Tropical,High,High
100,200,110,170,3,4,0,1,0,0,2,2,3,1,0,136.5,135.9,Intermediate,Intermediate,Tropical,High,High
200,100,170,110,4,3,1,0,0,0,2,2,1,3,0,153.2,139.3,Intermediate,Yellow,Tropical,High,High
100,200,110,170,3,4,0,1,0,0,2,2,3,1,0,142.6,142.0,Intermediate,Yellow,Tropical,High,High
200,100,170,110,4,3,1,0,0,0,2,2,1,3,0,146.1,147.5,Intermediate,White,Tropical,High,High
100,180,110,90,3,2,0,3,0,8,2,1,3,3,0,141.5,94.5,Elliptical,White,Tropical/Subtropical,Very High,High
180,100,90,110,2,3,3,0,8,0,1,2,3,3,0,147.0,101.3,Elliptical,White,Tropical,Very High,High
100,180,110,90,3,2,0,3,0,8,2,1,3,3,0,129.5,98.7,Intermediate,Pink,Tropical/Subtropical,Very High,High
180,100,90,110,2,3,3,0,8,0,1,2,3,3,0,134.6,97.5,Intermediate,Intermediate,Tropical/Subtropical,Very High,High
100,180,110,90,3,2,0,3,0,8,2,1,3,3,0,146.7,102.0,Elliptical,Intermediate,Tropical/Subtropical,Very High,High
180,100,90,110,2,3,3,0,8,0,1,2,3,3,0,155.6,106.1,Linear,Intermediate,Tropical,Very High,High
100,180,110,90,3,2,0,3,0,8,2,1,3,3,0,141.0,98.0,Intermediate,Intermediate,Tropical/Subtropical,Very High,High
180,100,90,110,2,3,3,0,8,0,1,2,3,3,0,149.1,107.1,Intermediate,Intermediate,Tropical,Very High,High
100,180,110,90,3,2,0,3,0,8,2,1,3,3,0,142.5,97.7,Linear,White,Tropical,Very High,High
180,100,90,110,2,3,3,0,8,0,1,2,3,3,0,145.2,97.7,Elliptical,Pink,Tropical/Subtropical,Very High,High
100,180,110,90,3,2,0,3,0,8,2,1,3,3,0,144.7,104.8,Linear,Pink,Tropical,Very High,High
180,100,90,110,2,3,3,0,8,0,1,2,3,3,0,132.8,99.4,Intermediate,White,Tropical,Very High,High
100,180,110,90,3,2,0,3,0,8,2,1,3,3,0,148.8,100.7,Intermediate,White,Tropical,Very High,High
180,100,90,110,2,3,3,0,8,0,1,2,3,3,0,139.6,103.8,Linear,Intermediate,Tropical,Very High,High
100,180,110,90,3,2,0,3,0,8,2,1,3,3,0,154.1,98.4,Linear,Intermediate,Tropical/Subtropical,Very High,High
180,100,90,110,2,3,3,0,8,0,1,2,3,3,0,133.1,96.3,Elliptical,White,Tropical/Subtropical,Very High,High
100,100,110,80,3,0,0,1,0,2,2,3,3,1,0,97.9,94.7,Linear,White,Tropical,Very High,High
100,100,80,110,0,3,1,0,2,0,3,2,1,3,0,97.5,96.1,Ovate,Yellow,Temperate,Very High,High
100,100,110,80,3,0,0,1,0,2,2,3,3,1,0,101.3,100.1,Intermediate,White,Tropical,Very High,High
100,100,80,110,0,3,1,0,2,0,3,2,1,3,0,86.4,88.6,Intermediate,Intermediate,Temperate,Very High,High
100,100,110,80,3,0,0,1,0,2,2,3,3,1,0,95.0,94.2,Linear,Intermediate,Tropical,Very High,High
100,100,80,110,0,3,1,0,2,0,3,2,1,3,0,112.4,84.0,Intermediate,Intermediate,Tropical,Very High,High
100,100,110,80,3,0,0,1,0,2,2,3,3,1,0,93.0,97.3,Intermediate,Intermediate,Temperate,Very High,High
100,100,80,110,0,3,1,0,2,0,3,2,1,3,0,91.3,92.8,Linear,Intermediate,Tropical,Very High,High
100,100,110,80,3,0,0,1,0,2,2,3,3,1,0,101.3,92.0,Intermediate,Intermediate,Temperate,Very High,High
100,100,80,110,0,3,1,0,2,0,3,2,1,3,0,109.2,92.8,Intermediate,Intermediate,Tropical,Very High,High
100,100,110,80,3,0,0,1,0,2,2,3,3,1,0,98.9,92.5,Intermediate,Intermediate,Tropical,Very High,High
100,100,80,110,0,3,1,0,2,0,3,2,1,3,0,96.8,92.5,Linear,Intermediate,Temperate,Very High,High
100,100,110,80,3,0,0,1,0,2,2,3,3,1,0,108.4,88.5,Intermediate,Intermediate,Tropical,Very High,High
100,100,80,110,0,3,1,0,2,0,3,2,1,3,0,97.7,90.4,Ovate,Yellow,Tropical,Very High,High
100,100,110,80,3,0,0,1,0,2,2,3,3,1,0,104.8,96.0,Intermediate,Intermediate,Temperate,Very High,High
100,100,80,110,0,3,1,0,2,0,3,2,1,3,0,101.3,93.2,Ovate,Intermediate,Temperate,Very High,High
100,300,110,110,3,3,0,0,0,4,2,3,3,3,1,188.2,113.5,Linear,White,Arid,Very High,High
300,100,110,110,3,3,0,0,4,0,3,2,3,3,1,194.0,112.5,Linear,White,Arid,Very High,High
100,300,110,110,3,3,0,0,0,4,2,3,3,3,1,204.2,123.1,Linear,White,Tropical,Very High,High
300,100,110,110,3,3,0,0,4,0,3,2,3,3,1,181.7,113.0,Linear,White,Arid,Very High,High
100,300,110,110,3,3,0,0,0,4,2,3,3,3,1,202.4,110.9,Linear,White,Arid,Very High,High
300,100,110,110,3,3,0,0,4,0,3,2,3,3,1,195.6,115.5,Linear,White,Arid,Very High,High
100,300,110,110,3,3,0,0,0,4,2,3,3,3,1,195.1,106.1,Linear,White,Arid,Very High,High
300,100,110,110,3,3,0,0,4,0,3,2,3,3,1,201.4,117.1,Linear,White,Tropical,Very High,High
100,300,110,110,3,3,0,0,0,4,2,3,3,3,1,221.3,117.7,Linear,White,Tropical,Very High,High
300,100,110,110,3,3,0,0,4,0,3,2,3,3,1,177.8,111.5,Linear,White,Arid,Very High,High
100,300,110,110,3,3,0,0,0,4,2,3,3,3,1,186.2,107.3,Linear,White,Tropical,Very High,High
300,100,110,110,3,3,0,0,4,0,3,2,3,3,1,228.1,105.1,Linear,White,Arid,Very High,High
100,300,110,110,3,3,0,0,0,4,2,3,3,3,1,205.1,113.8,Linear,White,Tropical,Very High,High
300,100,110,110,3,3,0,0,4,0,3,2,3,3,1,189.0,101.0,Linear,White,Tropical,Very High,High
100,300,110,110,3,3,0,0,0,4,2,3,3,3,1,207.7,106.7,Linear,White,Tropical,Very High,High
300,100,110,110,3,3,0,0,4,0,3,2,3,3,1,176.7,110.6,Linear,White,Tropical,Very High,High
100,250,110,90,3,3,0,2,0,5,2,3,3,1,1,175.5,97.9,Linear,Intermediate,Tropical,Very High,High
250,100,90,110,3,3,2,0,5,0,3,2,1,3,1,172.8,88.3,Linear,Intermediate,Semi-Arid,Very High,High
100,250,110,90,3,3,0,2,0,5,2,3,3,1,1,181.2,107.9,Linear,Purple,Tropical,Very High,High
250,100,90,110,3,3,2,0,5,0,3,2,1,3,1,153.8,94.2,Linear,Purple,Tropical,Very High,High
100,250,110,90,3,3,0,2,0,5,2,3,3,1,1,179.0,97.1,Linear,Purple,Tropical,Very High,High
250,100,90,110,3,3,2,0,5,0,3,2,1,3,1,176.2,104.4,Linear,Purple,Semi-Arid,Very High,High
100,250,110,90,3,3,0,2,0,5,2,3,3,1,1,179.5,109.7,Linear,Intermediate,Semi-Arid,Very High,High
250,100,90,110,3,3,2,0,5,0,3,2,1,3,1,176.3,99.7,Linear,Purple,Tropical,Very High,High
100,250,110,90,3,3,0,2,0,5,2,3,3,1,1,181.4,97.5,Linear,Intermediate,Semi-Arid,Very High,High
250,100,90,110,3,3,2,0,5,0,3,2,1,3,1,176.9,105.2,Linear,Intermediate,Tropical,Very High,High
100,250,110,90,3,3,0,2,0,5,2,3,3,1,1,173.8,102.6,Linear,White,Semi-Arid,Very High,High
250,100,90,110,3,3,2,0,5,0,3,2,1,3,1,183.8,100.6,Linear,Intermediate,Tropical,Very High,High
100,250,110,90,3,3,0,2,0,5,2,3,3,1,1,162.7,100.1,Linear,Intermediate,Semi-Arid,Very High,High
250,100,90,110,3,3,2,0,5,0,3,2,1,3,1,167.0,106.9,Linear,Intermediate,Tropical,Very High,High
100,250,110,90,3,3,0,2,0,5,2,3,3,1,1,163.6,98.9,Linear,White,Tropical,Very High,High
250,100,90,110,3,3,2,0,5,0,3,2,1,3,1,163.6,100.3,Linear,Intermediate,Semi-Arid,Very High,High
100,100,110,65,3,7,0,1,0,0,2,2,3,3,0,105.9,82.5,Intermediate,Intermediate,Tropical,High,High
100,100,65,110,7,3,1,0,0,0,2,2,3,3,0,103.5,86.6,Intermediate,Intermediate,Tropical,High,High
100,100,110,65,3,7,0,1,0,0,2,2,3,3,0,100.8,81.8,Intermediate,White,Tropical,High,High
100,100,65,110,7,3,1,0,0,0,2,2,3,3,0,98.9,84.1,Intermediate,Intermediate,Tropical,High,High
100,100,110,65,3,7,0,1,0,0,2,2,3,3,0,97.1,78.5,Intermediate,Intermediate,Tropical,High,High
100,100,65,110,7,3,1,0,0,0,2,2,3,3,0,105.0,91.3,Linear,White,Tropical,High,High
100,100,110,65,3,7,0,1,0,0,2,2,3,3,0,104.3,88.6,Pinnate,White,Tropical,High,High
100,100,65,110,7,3,1,0,0,0,2,2,3,3,0,101.4,90.1,Pinnate,Intermediate,Tropical,High,High
100,100,110,65,3,7,0,1,0,0,2,2,3,3,0,106.4,86.6,Linear,Intermediate,Tropical,High,High
100,100,65,110,7,3,1,0,0,0,2,2,3,3,0,97.5,85.1,Linear,Intermediate,Tropical,High,High
100,100,110,65,3,7,0,1,0,0,2,2,3,3,0,105.6,85.8,Intermediate,Intermediate,Tropical,High,High
100,100,65,110,7,3,1,0,0,0,2,2,3,3,0,108.2,88.5,Linear,Intermediate,Tropical,High,High
100,100,110,65,3,7,0,1,0,0,2,2,3,3,0,92.3,83.4,Intermediate,White,Tropical,High,High
100,100,65,110,7,3,1,0,0,0,2,2,3,3,0,99.9,81.8,Linear,Intermediate,Tropical,High,High
100,100,110,65,3,7,0,1,0,0,2,2,3,3,0,105.0,89.4,Intermediate,Intermediate,Tropical,High,High
100,100,65,110,7,3,1,0,0,0,2,2,3,3,0,89.2,91.4,Linear,Intermediate,Tropical,High,High
100,30,110,75,3,7,0,0,0,6,2,1,3,3,0,67.9,93.4,Pinnate,White,Cool Temperate,Very High,High
30,100,75,110,7,3,0,0,6,0,1,2,3,3,0,65.4,96.0,Linear,White,Tropical,Very High,High
100,30,110,75,3,7,0,0,0,6,2,1,3,3,0,66.4,83.6,Intermediate,White,Cool Temperate,Very High,High
30,100,75,110,7,3,0,0,6,0,1,2,3,3,0,64.9,94.0,Intermediate,White,Tropical,Very High,High
100,30,110,75,3,7,0,0,0,6,2,1,3,3,0,69.2,90.3,Intermediate,White,Tropical,Very High,High
30,100,75,110,7,3,0,0,6,0,1,2,3,3,0,65.1,91.5,Intermediate,White,Cool Temperate,Very High,High
100,30,110,75,3,7,0,0,0,6,2,1,3,3,0,62.9,93.5,Intermediate,White,Tropical,Very High,High
30,100,75,110,7,3,0,0,6,0,1,2,3,3,0,64.7,99.8,Intermediate,White,Cool Temperate,Very High,High
100,30,110,75,3,7,0,0,0,6,2,1,3,3,0,61.4,84.2,Pinnate,White,Tropical,Very High,High
30,100,75,110,7,3,0,0,6,0,1,2,3,3,0,67.1,91.7,Pinnate,White,Tropical,Very High,High
100,30,110,75,3,7,0,0,0,6,2,1,3,3,0,64.3,91.0,Intermediate,White,Cool Temperate,Very High,High
30,100,75,110,7,3,0,0,6,0,1,2,3,3,0,59.4,89.6,Pinnate,White,Tropical,Very High,High
100,30,110,75,3,7,0,0,0,6,2,1,3,3,0,71.5,93.8,Pinnate,White,Cool Temperate,Very High,High
30,100,75,110,7,3,0,0,6,0,1,2,3,3,0,71.0,98.4,Linear,White,Cool Temperate,Very High,High
100,30,110,75,3,7,0,0,0,6,2,1,3,3,0,67.7,90.7,Linear,White,Cool Temperate,Very High,High
30,100,75,110,7,3,0,0,6,0,1,2,3,3,0,67.2,98.7,Intermediate,White,Tropical,Very High,High
90,100,100,110,3,3,0,0,2,3,1,2,4,3,1,90.5,110.0,Linear,White,Temperate,Very High,Very High
100,90,110,100,3,3,0,0,3,2,2,1,3,4,1,96.2,104.9,Linear,White,Temperate,Very High,Very High
90,100,100,110,3,3,0,0,2,3,1,2,4,3,1,92.8,100.7,Linear,White,Mediterranean,Very High,Very High
100,90,110,100,3,3,0,0,3,2,2,1,3,4,1,96.9,102.0,Linear,White,Mediterranean,Very High,Very High
90,100,100,110,3,3,0,0,2,3,1,2,4,3,1,92.6,97.3,Linear,White,Mediterranean,Very High,Very High
100,90,110,100,3,3,0,0,3,2,2,1,3,4,1,90.5,112.7,Linear,White,Mediterranean,Very High,Very High
90,100,100,110,3,3,0,0,2,3,1,2,4,3,1,100.5,98.4,Linear,White,Temperate,Very High,Very High
100,90,110,100,3,3,0,0,3,2,2,1,3,4,1,94.7,111.9,Linear,White,Mediterranean,Very High,Very High
90,100,100,110,3,3,0,0,2,3,1,2,4,3,1,100.9,100.8,Linear,White,Mediterranean,Very High,Very High
100,90,110,100,3,3,0,0,3,2,2,1,3,4,1,90.9,109.3,Linear,White,Mediterranean,Very High,Very High
90,100,100,110,3,3,0,0,2,3,1,2,4,3,1,93.1,106.0,Linear,White,Temperate,Very High,Very High
100,90,110,100,3,3,0,0,3,2,2,1,3,4,1,101.3,106.7,Linear,White,Temperate,Very High,Very High
90,100,100,110,3,3,0,0,2,3,1,2,4,3,1,89.7,107.3,Linear,White,Temperate,Very High,Very High
100,90,110,100,3,3,0,0,3,2,2,1,3,4,1,97.8,105.2,Linear,White,Temperate,Very High,Very High
90,100,100,110,3,3,0,0,2,3,1,2,4,3,1,98.9,108.2,Linear,White,Mediterranean,Very High,Very High
100,90,110,100,3,3,0,0,3,2,2,1,3,4,1,90.0,105.3,Linear,White,Temperate,Very High,Very High
90,200,100,55,3,4,0,1,2,9,1,1,4,3,0,137.1,75.0,Palmate,Intermediate,Tropical/Temperate,Moderate,Very High
200,90,55,100,4,3,1,0,9,2,1,1,3,4,0,139.3,76.8,Linear,Yellow,Temperate,Moderate,Very High
90,200,100,55,3,4,0,1,2,9,1,1,4,3,0,154.9,72.4,Linear,White,Temperate,Moderate,Very High
200,90,55,100,4,3,1,0,9,2,1,1,3,4,0,158.5,75.2,Linear,Yellow,Temperate,Moderate,Very High
90,200,100,55,3,4,0,1,2,9,1,1,4,3,0,140.5,75.7,Intermediate,Intermediate,Temperate,Moderate,Very High
200,90,55,100,4,3,1,0,9,2,1,1,3,4,0,148.8,84.5,Intermediate,Intermediate,Tropical/Temperate,Moderate,Very High
90,200,100,55,3,4,0,1,2,9,1,1,4,3,0,138.4,76.7,Palmate,Intermediate,Tropical/Temperate,Moderate,Very High
200,90,55,100,4,3,1,0,9,2,1,1,3,4,0,157.8,74.7,Intermediate,Intermediate,Temperate,Moderate,Very High
90,200,100,55,3,4,0,1,2,9,1,1,4,3,0,149.3,76.9,Linear,Yellow,Temperate,Moderate,Very High
200,90,55,100,4,3,1,0,9,2,1,1,3,4,0,155.5,70.8,Intermediate,Intermediate,Temperate,Moderate,Very High
90,200,100,55,3,4,0,1,2,9,1,1,4,3,0,137.9,74.3,Intermediate,Intermediate,Tropical/Temperate,Moderate,Very High
200,90,55,100,4,3,1,0,9,2,1,1,3,4,0,143.1,70.9,Linear,White,Tropical/Temperate,Moderate,Very High
90,200,100,55,3,4,0,1,2,9,1,1,4,3,0,154.4,73.8,Linear,Yellow,Temperate,Moderate,Very High
200,90,55,100,4,3,1,0,9,2,1,1,3,4,0,152.5,84.0,Intermediate,Intermediate,Temperate,Moderate,Very High
90,200,100,55,3,4,0,1,2,9,1,1,4,3,0,159.6,77.8,Linear,White,Tropical/Temperate,Moderate,Very High
200,90,55,100,4,3,1,0,9,2,1,1,3,4,0,151.7,79.2,Palmate,Intermediate,Tropical/Temperate,Moderate,Very High
90,150,100,75,3,4,0,1,2,4,1,1,4,3,0,123.7,85.4,Palmate,Intermediate,Arid,Moderate,Very High
150,90,75,100,4,3,1,0,4,2,1,1,3,4,0,121.9,85.7,Intermediate,Yellow,Temperate,Moderate,Very High
90,150,100,75,3,4,0,1,2,4,1,1,4,3,0,115.5,87.7,Intermediate,Intermediate,Arid,Moderate,Very High
150,90,75,100,4,3,1,0,4,2,1,1,3,4,0,122.5,83.2,Intermediate,Yellow,Arid,Moderate,Very High
90,150,100,75,3,4,0,1,2,4,1,1,4,3,0,122.9,94.9,Linear,Yellow,Temperate,Moderate,Very High
150,90,75,100,4,3,1,0,4,2,1,1,3,4,0,113.6,80.1,Intermediate,Intermediate,Temperate,Moderate,Very High
90,150,100,75,3,4,0,1,2,4,1,1,4,3,0,117.3,85.4,Intermediate,Yellow,Temperate,Moderate,Very High
150,90,75,100,4,3,1,0,4,2,1,1,3,4,0,110.6,86.8,Palmate,Intermediate,Arid,Moderate,Very High
90,150,100,75,3,4,0,1,2,4,1,1,4,3,0,126.8,88.3,Palmate,Yellow,Arid,Moderate,Very High
150,90,75,100,4,3,1,0,4,2,1,1,3,4,0,117.2,89.3,Palmate,Intermediate,Temperate,Moderate,Very High
90,150,100,75,3,4,0,1,2,4,1,1,4,3,0,121.9,82.1,Linear,Yellow,Temperate,Moderate,Very High
150,90,75,100,4,3,1,0,4,2,1,1,3,4,0,125.1,91.3,Linear,Intermediate,Arid,Moderate,Very High
90,150,100,75,3,4,0,1,2,4,1,1,4,3,0,121.3,89.1,Linear,White,Arid,Moderate,Very High
150,90,75,100,4,3,1,0,4,2,1,1,3,4,0,120.1,86.8,Palmate,Yellow,Temperate,Moderate,Very High
90,150,100,75,3,4,0,1,2,4,1,1,4,3,0,127.8,87.0,Palmate,Yellow,Temperate,Moderate,Very High
150,90,75,100,4,3,1,0,4,2,1,1,3,4,0,121.1,84.8,Intermediate,Intermediate,Temperate,Moderate,Very High
90,60,100,60,3,0,0,0,2,2,1,1,4,3,0,78.8,84.6,Linear,White,Temperate,Moderate,Very High
60,90,60,100,0,3,0,0,2,2,1,1,3,4,0,76.2,78.0,Linear,White,Temperate,Moderate,Very High
90,60,100,60,3,0,0,0,2,2,1,1,4,3,0,76.6,79.3,Intermediate,White,Temperate,Moderate,Very High
60,90,60,100,0,3,0,0,2,2,1,1,3,4,0,70.7,79.1,Linear,White,Temperate,Moderate,Very High
90,60,100,60,3,0,0,0,2,2,1,1,4,3,0,81.0,80.7,Intermediate,White,Temperate,Moderate,Very High
60,90,60,100,0,3,0,0,2,2,1,1,3,4,0,73.8,79.1,Intermediate,White,Temperate,Moderate,Very High
90,60,100,60,3,0,0,0,2,2,1,1,4,3,0,72.3,79.6,Ovate,White,Temperate,Moderate,Very High
60,90,60,100,0,3,0,0,2,2,1,1,3,4,0,71.9,82.3,Linear,White,Temperate,Moderate,Very High
90,60,100,60,3,0,0,0,2,2,1,1,4,3,0,78.4,82.6,Ovate,White,Temperate,Moderate,Very High
60,90,60,100,0,3,0,0,2,2,1,1,3,4,0,75.8,82.8,Linear,White,Temperate,Moderate,Very High
90,60,100,60,3,0,0,0,2,2,1,1,4,3,0,70.2,80.8,Intermediate,White,Temperate,Moderate,Very High
60,90,60,100,0,3,0,0,2,2,1,1,3,4,0,82.2,78.7,Intermediate,White,Temperate,Moderate,Very High
90,60,100,60,3,0,0,0,2,2,1,1,4,3,0,70.8,80.6,Intermediate,White,Temperate,Moderate,Very High
60,90,60,100,0,3,0,0,2,2,1,1,3,4,0,72.5,78.6,Ovate,White,Temperate,Moderate,Very High
90,60,100,60,3,0,0,0,2,2,1,1,4,3,0,70.0,75.2,Linear,White,Temperate,Moderate,Very High
60,90,60,100,0,3,0,0,2,2,1,1,3,4,0,71.5,82.0,Linear,White,Temperate,Moderate,Very High
90,180,100,80,3,0,0,0,2,0,1,2,4,3,0,134.9,80.8,Intermediate,White,Temperate,Very High,Very High
180,90,80,100,0,3,0,0,0,2,2,1,3,4,0,141.4,93.0,Intermediate,White,Temperate,Very High,Very High
90,180,100,80,3,0,0,0,2,0,1,2,4,3,0,132.8,91.2,Linear,White,Tropical,Very High,Very High
180,90,80,100,0,3,0,0,0,2,2,1,3,4,0,131.2,77.2,Intermediate,White,Tropical,Very High,Very High
90,180,100,80,3,0,0,0,2,0,1,2,4,3,0,133.6,87.4,Ovate,White,Tropical,Very High,Very High
180,90,80,100,0,3,0,0,0,2,2,1,3,4,0,132.5,88.8,Ovate,White,Tropical,Very High,Very High
90,180,100,80,3,0,0,0,2,0,1,2,4,3,0,134.2,94.8,Linear,White,Tropical,Very High,Very High
180,90,80,100,0,3,0,0,0,2,2,1,3,4,0,134.4,86.9,Ovate,White,Tropical,Very High,Very High
90,180,100,80,3,0,0,0,2,0,1,2,4,3,0,129.9,89.3,Intermediate,White,Temperate,Very High,Very High
180,90,80,100,0,3,0,0,0,2,2,1,3,4,0,131.0,93.0,Intermediate,White,Temperate,Very High,Very High
90,180,100,80,3,0,0,0,2,0,1,2,4,3,0,128.0,85.7,Ovate,White,Temperate,Very High,Very High
180,90,80,100,0,3,0,0,0,2,2,1,3,4,0,125.1,85.3,Intermediate,White,Tropical,Very High,Very High
90,180,100,80,3,0,0,0,2,0,1,2,4,3,0,126.9,90.5,Linear,White,Tropical,Very High,Very High
180,90,80,100,0,3,0,0,0,2,2,1,3,4,0,138.7,91.9,Linear,White,Tropical,Very High,Very High
90,180,100,80,3,0,0,0,2,0,1,2,4,3,0,138.0,85.6,Ovate,White,Temperate,Very High,Very High
180,90,80,100,0,3,0,0,0,2,2,1,3,4,0,142.5,92.5,Linear,White,Tropical,Very High,Very High
90,100,100,95,3,0,0,2,2,2,1,2,4,4,0,90.7,96.0,Linear,Intermediate,Temperate,Very High,Very High
100,90,95,100,0,3,2,0,2,2,2,1,4,4,0,99.8,98.5,Intermediate,Intermediate,Temperate,Very High,Very High
90,100,100,95,3,0,0,2,2,2,1,2,4,4,0,89.0,102.3,Ovate,Intermediate,Temperate,Very High,Very High
100,90,95,100,0,3,2,0,2,2,2,1,4,4,0,97.3,92.5,Intermediate,Intermediate,Temperate,Very High,Very High
90,100,100,95,3,0,0,2,2,2,1,2,4,4,0,95.0,85.3,Intermediate,Intermediate,Temperate,Very High,Very High
100,90,95,100,0,3,2,0,2,2,2,1,4,4,0,97.7,96.6,Intermediate,White,Temperate,Very High,Very High
90,100,100,95,3,0,0,2,2,2,1,2,4,4,0,96.0,100.3,Ovate,Purple,Temperate,Very High,Very High
100,90,95,100,0,3,2,0,2,2,2,1,4,4,0,101.8,97.6,Intermediate,Intermediate,Temperate,Very High,Very High
90,100,100,95,3,0,0,2,2,2,1,2,4,4,0,92.5,96.9,Linear,Intermediate,Temperate,Very High,Very High
100,90,95,100,0,3,2,0,2,2,2,1,4,4,0,95.4,97.5,Linear,White,Temperate,Very High,Very High
90,100,100,95,3,0,0,2,2,2,1,2,4,4,0,93.9,103.4,Intermediate,White,Temperate,Very High,Very High
100,90,95,100,0,3,2,0,2,2,2,1,4,4,0,102.1,97.7,Ovate,Purple,Temperate,Very High,Very High
90,100,100,95,3,0,0,2,2,2,1,2,4,4,0,96.4,97.1,Ovate,Intermediate,Temperate,Very High,Very High
100,90,95,100,0,3,2,0,2,2,2,1,4,4,0,98.1,99.3,Linear,Intermediate,Temperate,Very High,Very High
90,100,100,95,3,0,0,2,2,2,1,2,4,4,0,98.5,89.2,Intermediate,Purple,Temperate,Very High,Very High
100,90,95,100,0,3,2,0,2,2,2,1,4,4,0,96.5,97.7,Ovate,White,Temperate,Very High,Very High
90,50,100,130,3,9,0,1,2,8,1,1,4,3,0,68.5,115.5,Intermediate,Yellow,Tropical/Subtropical,Moderate,Very High
50,90,130,100,9,3,1,0,8,2,1,1,3,4,0,71.0,118.5,Linear,Intermediate,Tropical/Subtropical,Moderate,Very High
90,50,100,130,3,9,0,1,2,8,1,1,4,3,0,62.9,114.4,Intermediate,Intermediate,Tropical/Subtropical,Moderate,Very High
50,90,130,100,9,3,1,0,8,2,1,1,3,4,0,72.2,114.9,Intermediate,Intermediate,Tropical/Subtropical,Moderate,Very High
90,50,100,130,3,9,0,1,2,8,1,1,4,3,0,68.9,119.3,Linear,Intermediate,Temperate,Moderate,Very High
50,90,130,100,9,3,1,0,8,2,1,1,3,4,0,73.9,122.2,Intermediate,White,Tropical/Subtropical,Moderate,Very High
90,50,100,130,3,9,0,1,2,8,1,1,4,3,0,74.5,115.3,Linear,Intermediate,Temperate,Moderate,Very High
50,90,130,100,9,3,1,0,8,2,1,1,3,4,0,68.1,124.6,Intermediate,Intermediate,Temperate,Moderate,Very High
90,50,100,130,3,9,0,1,2,8,1,1,4,3,0,67.2,105.5,Compound,Intermediate,Temperate,Moderate,Very High
50,90,130,100,9,3,1,0,8,2,1,1,3,4,0,69.9,121.1,Linear,White,Tropical/Subtropical,Moderate,Very High
90,50,100,130,3,9,0,1,2,8,1,1,4,3,0,73.1,112.9,Intermediate,Intermediate,Temperate,Moderate,Very High
50,90,130,100,9,3,1,0,8,2,1,1,3,4,0,75.0,120.4,Linear,Intermediate,Tropical/Subtropical,Moderate,Very High
90,50,100,130,3,9,0,1,2,8,1,1,4,3,0,70.6,114.2,Intermediate,Intermediate,Temperate,Moderate,Very High
50,90,130,100,9,3,1,0,8,2,1,1,3,4,0,73.8,103.2,Compound,Intermediate,Tropical/Subtropical,Moderate,Very High
90,50,100,130,3,9,0,1,2,8,1,1,4,3,0,72.1,110.7,Linear,Intermediate,Temperate,Moderate,Very High
50,90,130,100,9,3,1,0,8,2,1,1,3,4,0,67.3,107.8,Compound,Intermediate,Temperate,Moderate,Very High
90,70,100,90,3,7,0,0,2,6,1,1,4,4,0,83.6,89.9,Pinnate,White,Temperate,Moderate,Very High
70,90,90,100,7,3,0,0,6,2,1,1,4,4,0,77.2,92.6,Intermediate,White,Cool Temperate,Moderate,Very High
90,70,100,90,3,7,0,0,2,6,1,1,4,4,0,75.1,87.7,Pinnate,White,Cool Temperate,Moderate,Very High
70,90,90,100,7,3,0,0,6,2,1,1,4,4,0,79.7,96.7,Intermediate,White,Temperate,Moderate,Very High
90,70,100,90,3,7,0,0,2,6,1,1,4,4,0,78.8,97.5,Pinnate,White,Cool Temperate,Moderate,Very High
70,90,90,100,7,3,0,0,6,2,1,1,4,4,0,77.9,92.3,Intermediate,White,Cool Temperate,Moderate,Very High
90,70,100,90,3,7,0,0,2,6,1,1,4,4,0,81.5,86.2,Linear,White,Cool Temperate,Moderate,Very High
70,90,90,100,7,3,0,0,6,2,1,1,4,4,0,87.2,92.3,Pinnate,White,Temperate,Moderate,Very High
90,70,100,90,3,7,0,0,2,6,1,1,4,4,0,82.9,102.1,Pinnate,White,Temperate,Moderate,Very High
70,90,90,100,7,3,0,0,6,2,1,1,4,4,0,81.9,95.4,Linear,White,Temperate,Moderate,Very High
90,70,100,90,3,7,0,0,2,6,1,1,4,4,0,79.1,90.0,Linear,White,Cool Temperate,Moderate,Very High
70,90,90,100,7,3,0,0,6,2,1,1,4,4,0,82.8,85.6,Pinnate,White,Temperate,Moderate,Very High
90,70,100,90,3,7,0,0,2,6,1,1,4,4,0,77.6,96.4,Intermediate,White,Temperate,Moderate,Very High
70,90,90,100,7,3,0,0,6,2,1,1,4,4,0,82.5,100.4,Intermediate,White,Cool Temperate,Moderate,Very High
90,70,100,90,3,7,0,0,2,6,1,1,4,4,0,74.9,97.3,Linear,White,Temperate,Moderate,Very High
70,90,90,100,7,3,0,0,6,2,1,1,4,4,0,82.4,90.8,Intermediate,White,Cool Temperate,Moderate,Very High
90,30,100,100,3,5,0,2,2,8,1,2,4,3,0,55.8,89.9,Linear,Intermediate,Temperate,Very High,Very High
30,90,100,100,5,3,2,0,8,2,2,1,3,4,0,65.2,107.1,Intermediate,White,Tropical/Subtropical,Very High,Very High
90,30,100,100,3,5,0,2,2,8,1,2,4,3,0,55.7,102.4,Cordate,Intermediate,Temperate,Very High,Very High
30,90,100,100,5,3,2,0,8,2,2,1,3,4,0,60.0,97.1,Intermediate,White,Temperate,Very High,Very High
90,30,100,100,3,5,0,2,2,8,1,2,4,3,0,59.3,96.1,Intermediate,Intermediate,Temperate,Very High,Very High
30,90,100,100,5,3,2,0,8,2,2,1,3,4,0,59.8,101.8,Linear,White,Temperate,Very High,Very High
90,30,100,100,3,5,0,2,2,8,1,2,4,3,0,59.7,99.6,Cordate,Intermediate,Tropical/Subtropical,Very High,Very High
30,90,100,100,5,3,2,0,8,2,2,1,3,4,0,56.7,102.7,Cordate,Purple,Temperate,Very High,Very High
90,30,100,100,3,5,0,2,2,8,1,2,4,3,0,54.8,101.0,Intermediate,Intermediate,Temperate,Very High,Very High
30,90,100,100,5,3,2,0,8,2,2,1,3,4,0,66.3,98.1,Intermediate,Intermediate,Tropical/Subtropical,Very High,Very High
90,30,100,100,3,5,0,2,2,8,1,2,4,3,0,61.3,103.9,Intermediate,Intermediate,Temperate,Very High,Very High
30,90,100,100,5,3,2,0,8,2,2,1,3,4,0,59.0,106.4,Intermediate,Purple,Tropical/Subtropical,Very High,Very High
90,30,100,100,3,5,0,2,2,8,1,2,4,3,0,55.3,97.4,Intermediate,Purple,Temperate,Very High,Very High
30,90,100,100,5,3,2,0,8,2,2,1,3,4,0,60.8,101.6,Linear,Intermediate,Temperate,Very High,Very High
90,30,100,100,3,5,0,2,2,8,1,2,4,3,0,66.1,98.3,Intermediate,Intermediate,Tropical/Subtropical,Very High,Very High
30,90,100,100,5,3,2,0,8,2,2,1,3,4,0,65.5,97.7,Intermediate,Intermediate,Tropical/Subtropical,Very High,Very High
90,300,100,270,3,4,0,0,2,0,1,3,4,4,0,189.3,182.0,Intermediate,White,Temperate,Very High,Very High
300,90,270,100,4,3,0,0,0,2,3,1,4,4,0,196.3,187.5,Linear,White,Temperate,Very High,Very High
90,300,100,270,3,4,0,0,2,0,1,3,4,4,0,216.6,183.6,Linear,White,Tropical,Very High,Very High
300,90,270,100,4,3,0,0,0,2,3,1,4,4,0,207.5,180.9,Intermediate,White,Tropical,Very High,Very High
90,300,100,270,3,4,0,0,2,0,1,3,4,4,0,192.1,189.5,Palmate,White,Tropical,Very High,Very High
300,90,270,100,4,3,0,0,0,2,3,1,4,4,0,194.8,204.8,Palmate,White,Temperate,Very High,Very High
90,300,100,270,3,4,0,0,2,0,1,3,4,4,0,181.1,179.8,Linear,White,Temperate,Very High,Very High
300,90,270,100,4,3,0,0,0,2,3,1,4,4,0,187.0,176.2,Intermediate,White,Tropical,Very High,Very High
90,300,100,270,3,4,0,0,2,0,1,3,4,4,0,181.8,180.8,Intermediate,White,Temperate,Very High,Very High
300,90,270,100,4,3,0,0,0,2,3,1,4,4,0,201.3,176.9,Linear,White,Tropical,Very High,Very High
90,300,100,270,3,4,0,0,2,0,1,3,4,4,0,204.9,195.5,Linear,White,Tropical,Very High,Very High
300,90,270,100,4,3,0,0,0,2,3,1,4,4,0,200.4,191.4,Intermediate,White,Temperate,Very High,Very High
90,300,100,270,3,4,0,0,2,0,1,3,4,4,0,202.5,181.7,Intermediate,White,Temperate,Very High,Very High
300,90,270,100,4,3,0,0,0,2,3,1,4,4,0,203.6,187.8,Intermediate,White,Temperate,Very High,Very High
90,300,100,270,3,4,0,0,2,0,1,3,4,4,0,204.4,182.8,Intermediate,White,Tropical,Very High,Very High
300,90,270,100,4,3,0,0,0,2,3,1,4,4,0,175.4,188.9,Linear,White,Temperate,Very High,Very High
90,50,100,70,3,6,0,1,2,6,1,1,4,3,0,69.7,83.0,Oblong,Intermediate,Cool Temperate,Moderate,Very High
50,90,70,100,6,3,1,0,6,2,1,1,3,4,0,71.2,83.3,Intermediate,Intermediate,Cool Temperate,Moderate,Very High
90,50,100,70,3,6,0,1,2,6,1,1,4,3,0,72.6,78.5,Intermediate,Yellow,Temperate,Moderate,Very High
50,90,70,100,6,3,1,0,6,2,1,1,3,4,0,73.1,86.4,Intermediate,White,Cool Temperate,Moderate,Very High
90,50,100,70,3,6,0,1,2,6,1,1,4,3,0,71.0,90.7,Oblong,White,Cool Temperate,Moderate,Very High
50,90,70,100,6,3,1,0,6,2,1,1,3,4,0,71.5,87.2,Linear,White,Temperate,Moderate,Very High
90,50,100,70,3,6,0,1,2,6,1,1,4,3,0,67.9,89.9,Intermediate,Intermediate,Temperate,Moderate,Very High
50,90,70,100,6,3,1,0,6,2,1,1,3,4,0,70.1,87.0,Oblong,Yellow,Temperate,Moderate,Very High
90,50,100,70,3,6,0,1,2,6,1,1,4,3,0,66.9,87.3,Intermediate,White,Cool Temperate,Moderate,Very High
50,90,70,100,6,3,1,0,6,2,1,1,3,4,0,68.4,81.6,Oblong,White,Temperate,Moderate,Very High
90,50,100,70,3,6,0,1,2,6,1,1,4,3,0,70.3,83.6,Intermediate,Intermediate,Cool Temperate,Moderate,Very High
50,90,70,100,6,3,1,0,6,2,1,1,3,4,0,67.5,87.9,Intermediate,Intermediate,Temperate,Moderate,Very High
90,50,100,70,3,6,0,1,2,6,1,1,4,3,0,69.5,87.2,Intermediate,Intermediate,Temperate,Moderate,Very High
50,90,70,100,6,3,1,0,6,2,1,1,3,4,0,70.6,76.2,Linear,Yellow,Temperate,Moderate,Very High
90,50,100,70,3,6,0,1,2,6,1,1,4,3,0,68.2,89.4,Linear,Intermediate,Cool Temperate,Moderate,Very High
50,90,70,100,6,3,1,0,6,2,1,1,3,4,0,71.7,76.1,Linear,Intermediate,Temperate,Moderate,Very High
90,130,100,100,3,10,0,1,2,2,1,2,4,4,0,108.5,101.9,Linear,Yellow,Temperate,Very High,Very High
130,90,100,100,10,3,1,0,2,2,2,1,4,4,0,118.5,92.7,Lobed,Yellow,Temperate,Very High,Very High
90,130,100,100,3,10,0,1,2,2,1,2,4,4,0,112.4,98.6,Linear,Yellow,Temperate,Very High,Very High
130,90,100,100,10,3,1,0,2,2,2,1,4,4,0,113.7,106.0,Lobed,Intermediate,Temperate,Very High,Very High
90,130,100,100,3,10,0,1,2,2,1,2,4,4,0,99.9,111.0,Intermediate,Intermediate,Temperate,Very High,Very High
130,90,100,100,10,3,1,0,2,2,2,1,4,4,0,103.0,103.3,Intermediate,Yellow,Temperate,Very High,Very High
90,130,100,100,3,10,0,1,2,2,1,2,4,4,0,111.2,98.1,Lobed,White,Temperate,Very High,Very High
130,90,100,100,10,3,1,0,2,2,2,1,4,4,0,107.6,91.9,Linear,White,Temperate,Very High,Very High
90,130,100,100,3,10,0,1,2,2,1,2,4,4,0,110.3,97.2,Intermediate,Intermediate,Temperate,Very High,Very High
130,90,100,100,10,3,1,0,2,2,2,1,4,4,0,117.1,90.0,Intermediate,Intermediate,Temperate,Very High,Very High
90,130,100,100,3,10,0,1,2,2,1,2,4,4,0,116.6,99.7,Intermediate,Intermediate,Temperate,Very High,Very High
130,90,100,100,10,3,1,0,2,2,2,1,4,4,0,116.2,98.7,Intermediate,White,Temperate,Very High,Very High
90,130,100,100,3,10,0,1,2,2,1,2,4,4,0,116.4,102.7,Linear,Intermediate,Temperate,Very High,Very High
130,90,100,100,10,3,1,0,2,2,2,1,4,4,0,104.0,102.8,Intermediate,Yellow,Temperate,Very High,Very High
90,130,100,100,3,10,0,1,2,2,1,2,4,4,0,100.9,103.6,Linear,Intermediate,Temperate,Very High,Very High
130,90,100,100,10,3,1,0,2,2,2,1,4,4,0,100.1,94.6,Lobed,White,Temperate,Very High,Very High
90,150,100,150,3,4,0,0,2,1,1,1,4,3,0,97.7,129.6,Intermediate,White,Subtropical,Moderate,Very High
150,90,150,100,4,3,0,0,1,2,1,1,3,4,0,113.1,122.8,Palmate,White,Temperate,Moderate,Very High
90,150,100,150,3,4,0,0,2,1,1,1,4,3,0,124.8,123.2,Intermediate,White,Subtropical,Moderate,Very High
150,90,150,100,4,3,0,0,1,2,1,1,3,4,0,116.6,127.7,Intermediate,White,Temperate,Moderate,Very High
90,150,100,150,3,4,0,0,2,1,1,1,4,3,0,105.3,120.7,Intermediate,White,Subtropical,Moderate,Very High
150,90,150,100,4,3,0,0,1,2,1,1,3,4,0,122.2,121.3,Intermediate,White,Subtropical,Moderate,Very High
90,150,100,150,3,4,0,0,2,1,1,1,4,3,0,119.7,124.3,Intermediate,White,Subtropical,Moderate,Very High
150,90,150,100,4,3,0,0,1,2,1,1,3,4,0,122.8,126.3,Intermediate,White,Temperate,Moderate,Very High
90,150,100,150,3,4,0,0,2,1,1,1,4,3,0,111.1,127.8,Intermediate,White,Temperate,Moderate,Very High
150,90,150,100,4,3,0,0,1,2,1,1,3,4,0,119.9,128.6,Palmate,White,Subtropical,Moderate,Very High
90,150,100,150,3,4,0,0,2,1,1,1,4,3,0,117.8,130.0,Palmate,White,Subtropical,Moderate,Very High
150,90,150,100,4,3,0,0,1,2,1,1,3,4,0,121.5,116.4,Intermediate,White,Temperate,Moderate,Very High
90,150,100,150,3,4,0,0,2,1,1,1,4,3,0,126.6,118.8,Intermediate,White,Subtropical,Moderate,Very High
150,90,150,100,4,3,0,0,1,2,1,1,3,4,0,129.2,125.5,Intermediate,White,Temperate,Moderate,Very High
90,150,100,150,3,4,0,0,2,1,1,1,4,3,0,117.0,130.2,Linear,White,Subtropical,Moderate,Very High
150,90,150,100,4,3,0,0,1,2,1,1,3,4,0,111.9,121.6,Palmate,White,Temperate,Moderate,Very High
90,200,100,170,3,4,0,1,2,0,1,2,4,1,0,149.6,135.5,Linear,White,Tropical,Very High,High
200,90,170,100,4,3,1,0,0,2,2,1,1,4,0,133.9,142.0,Intermediate,Yellow,Tropical,Very High,High
90,200,100,170,3,4,0,1,2,0,1,2,4,1,0,153.8,162.0,Intermediate,White,Temperate,Very High,High
200,90,170,100,4,3,1,0,0,2,2,1,1,4,0,143.6,136.1,Intermediate,White,Temperate,Very High,High
90,200,100,170,3,4,0,1,2,0,1,2,4,1,0,144.1,137.7,Intermediate,Intermediate,Temperate,Very High,High
200,90,170,100,4,3,1,0,0,2,2,1,1,4,0,145.7,146.0,Palmate,Yellow,Tropical,Very High,High
90,200,100,170,3,4,0,1,2,0,1,2,4,1,0,139.4,123.2,Intermediate,White,Temperate,Very High,High
200,90,170,100,4,3,1,0,0,2,2,1,1,4,0,159.4,126.5,Palmate,White,Tropical,Very High,High
90,200,100,170,3,4,0,1,2,0,1,2,4,1,0,138.5,134.2,Linear,White,Tropical,Very High,High
200,90,170,100,4,3,1,0,0,2,2,1,1,4,0,150.1,132.4,Intermediate,Intermediate,Temperate,Very High,High
90,200,100,170,3,4,0,1,2,0,1,2,4,1,0,139.7,138.8,Intermediate,White,Tropical,Very High,High
200,90,170,100,4,3,1,0,0,2,2,1,1,4,0,140.5,131.0,Palmate,Intermediate,Temperate,Very High,High
90,200,100,170,3,4,0,1,2,0,1,2,4,1,0,152.5,143.0,Intermediate,Intermediate,Temperate,Very High,High
200,90,170,100,4,3,1,0,0,2,2,1,1,4,0,139.2,131.2,Intermediate,Intermediate,Temperate,Very High,High
90,200,100,170,3,4,0,1,2,0,1,2,4,1,0,139.3,127.5,Palmate,Yellow,Temperate,Very High,High
200,90,170,100,4,3,1,0,0,2,2,1,1,4,0,143.6,128.0,Intermediate,White,Tropical,Very High,High
90,180,100,90,3,2,0,3,2,8,1,1,4,3,0,134.4,97.5,Linear,Intermediate,Temperate,Moderate,Very High
180,90,90,100,2,3,3,0,8,2,1,1,3,4,0,135.3,95.6,Linear,Pink,Tropical/Subtropical,Moderate,Very High
90,180,100,90,3,2,0,3,2,8,1,1,4,3,0,139.8,94.9,Intermediate,Intermediate,Tropical/Subtropical,Moderate,Very High
180,90,90,100,2,3,3,0,8,2,1,1,3,4,0,144.9,94.9,Intermediate,Intermediate,Tropical/Subtropical,Moderate,Very High
90,180,100,90,3,2,0,3,2,8,1,1,4,3,0,126.2,94.8,Intermediate,Pink,Temperate,Moderate,Very High
180,90,90,100,2,3,3,0,8,2,1,1,3,4,0,129.2,91.6,Intermediate,Intermediate,Tropical/Subtropical,Moderate,Very High
90,180,100,90,3,2,0,3,2,8,1,1,4,3,0,126.9,96.3,Linear,White,Temperate,Moderate,Very High
180,90,90,100,2,3,3,0,8,2,1,1,3,4,0,129.6,91.2,Intermediate,Pink,Tropical/Subtropical,Moderate,Very High
90,180,100,90,3,2,0,3,2,8,1,1,4,3,0,143.3,94.1,Intermediate,Intermediate,Temperate,Moderate,Very High
180,90,90,100,2,3,3,0,8,2,1,1,3,4,0,133.5,102.4,Intermediate,Intermediate,Temperate,Moderate,Very High
90,180,100,90,3,2,0,3,2,8,1,1,4,3,0,139.3,92.7,Elliptical,White,Tropical/Subtropical,Moderate,Very High
180,90,90,100,2,3,3,0,8,2,1,1,3,4,0,129.0,96.5,Elliptical,Intermediate,Tropical/Subtropical,Moderate,Very High
90,180,100,90,3,2,0,3,2,8,1,1,4,3,0,138.6,95.7,Intermediate,Intermediate,Tropical/Subtropical,Moderate,Very High
180,90,90,100,2,3,3,0,8,2,1,1,3,4,0,137.0,93.8,Intermediate,White,Temperate,Moderate,Very High
90,180,100,90,3,2,0,3,2,8,1,1,4,3,0,138.8,91.5,Intermediate,Pink,Temperate,Moderate,Very High
180,90,90,100,2,3,3,0,8,2,1,1,3,4,0,140.8,109.3,Intermediate,Pink,Temperate,Moderate,Very High
90,100,100,80,3,0,0,1,2,2,1,3,4,1,0,93.6,90.1,Linear,Yellow,Temperate,Very High,High
100,90,80,100,0,3,1,0,2,2,3,1,1,4,0,100.7,87.5,Intermediate,Intermediate,Temperate,Very High,High
90,100,100,80,3,0,0,1,2,2,1,3,4,1,0,100.6,88.3,Intermediate,Intermediate,Temperate,Very High,High
100,90,80,100,0,3,1,0,2,2,3,1,1,4,0,102.6,94.6,Linear,Intermediate,Temperate,Very High,High
90,100,100,80,3,0,0,1,2,2,1,3,4,1,0,92.9,93.5,Intermediate,Intermediate,Temperate,Very High,High
100,90,80,100,0,3,1,0,2,2,3,1,1,4,0,90.9,97.7,Linear,Intermediate,Temperate,Very High,High
90,100,100,80,3,0,0,1,2,2,1,3,4,1,0,97.3,89.6,Intermediate,Yellow,Temperate,Very High,High
100,90,80,100,0,3,1,0,2,2,3,1,1,4,0,92.6,87.7,Intermediate,Yellow,Temperate,Very High,High
90,100,100,80,3,0,0,1,2,2,1,3,4,1,0,89.0,93.2,Intermediate,Yellow,Temperate,Very High,High
100,90,80,100,0,3,1,0,2,2,3,1,1,4,0,91.3,94.5,Ovate,White,Temperate,Very High,High
90,100,100,80,3,0,0,1,2,2,1,3,4,1,0,85.0,87.8,Intermediate,White,Temperate,Very High,High
100,90,80,100,0,3,1,0,2,2,3,1,1,4,0,96.4,96.0,Linear,Intermediate,Temperate,Very High,High
90,100,100,80,3,0,0,1,2,2,1,3,4,1,0,91.9,82.6,Ovate,Intermediate,Temperate,Very High,High
100,90,80,100,0,3,1,0,2,2,3,1,1,4,0,93.1,97.0,Ovate,Intermediate,Temperate,Very High,High
90,100,100,80,3,0,0,1,2,2,1,3,4,1,0,97.4,92.3,Linear,Yellow,Temperate,Very High,High
100,90,80,100,0,3,1,0,2,2,3,1,1,4,0,87.4,83.2,Intermediate,Yellow,Temperate,Very High,High
90,300,100,110,3,3,0,0,2,4,1,3,4,3,1,189.7,111.4,Linear,White,Arid,Very High,Very High
300,90,110,100,3,3,0,0,4,2,3,1,3,4,1,201.9,98.0,Linear,White,Temperate,Very High,Very High
90,300,100,110,3,3,0,0,2,4,1,3,4,3,1,184.3,105.1,Linear,White,Temperate,Very High,Very High
300,90,110,100,3,3,0,0,4,2,3,1,3,4,1,193.8,114.4,Linear,White,Arid,Very High,Very High
90,300,100,110,3,3,0,0,2,4,1,3,4,3,1,185.7,106.0,Linear,White,Temperate,Very High,Very High
300,90,110,100,3,3,0,0,4,2,3,1,3,4,1,191.6,106.1,Linear,White,Arid,Very High,Very High
90,300,100,110,3,3,0,0,2,4,1,3,4,3,1,208.5,104.3,Linear,White,Temperate,Very High,Very High
300,90,110,100,3,3,0,0,4,2,3,1,3,4,1,207.8,96.8,Linear,White,Arid,Very High,Very High
90,300,100,110,3,3,0,0,2,4,1,3,4,3,1,205.3,110.2,Linear,White,Temperate,Very High,Very High
300,90,110,100,3,3,0,0,4,2,3,1,3,4,1,186.0,105.5,Linear,White,Temperate,Very High,Very High
90,300,100,110,3,3,0,0,2,4,1,3,4,3,1,189.8,103.6,Linear,White,Temperate,Very High,Very High
300,90,110,100,3,3,0,0,4,2,3,1,3,4,1,191.6,101.6,Linear,White,Arid,Very High,Very High
90,300,100,110,3,3,0,0,2,4,1,3,4,3,1,205.1,97.1,Linear,White,Arid,Very High,Very High
300,90,110,100,3,3,0,0,4,2,3,1,3,4,1,201.1,104.4,Linear,White,Arid,Very High,Very High
90,300,100,110,3,3,0,0,2,4,1,3,4,3,1,210.6,99.9,Linear,White,Temperate,Very High,Very High
300,90,110,100,3,3,0,0,4,2,3,1,3,4,1,197.5,105.5,Linear,White,Arid,Very High,Very High
90,250,100,90,3,3,0,2,2,5,1,3,4,1,1,171.5,91.4,Linear,Intermediate,Semi-Arid,Very High,High
250,90,90,100,3,3,2,0,5,2,3,1,1,4,1,157.6,100.6,Linear,Intermediate,Semi-Arid,Very High,High
90,250,100,90,3,3,0,2,2,5,1,3,4,1,1,164.4,97.0,Linear,White,Temperate,Very High,High
250,90,90,100,3,3,2,0,5,2,3,1,1,4,1,175.4,92.0,Linear,White,Temperate,Very High,High
90,250,100,90,3,3,0,2,2,5,1,3,4,1,1,169.5,100.1,Linear,White,Temperate,Very High,High
250,90,90,100,3,3,2,0,5,2,3,1,1,4,1,173.6,96.1,Linear,Intermediate,Temperate,Very High,High
90,250,100,90,3,3,0,2,2,5,1,3,4,1,1,160.7,100.5,Linear,Purple,Semi-Arid,Very High,High
250,90,90,100,3,3,2,0,5,2,3,1,1,4,1,168.5,100.1,Linear,Purple,Temperate,Very High,High
90,250,100,90,3,3,0,2,2,5,1,3,4,1,1,174.5,88.9,Linear,White,Temperate,Very High,High
250,90,90,100,3,3,2,0,5,2,3,1,1,4,1,182.0,95.6,Linear,White,Semi-Arid,Very High,High
90,250,100,90,3,3,0,2,2,5,1,3,4,1,1,170.2,93.6,Linear,Purple,Temperate,Very High,High
250,90,90,100,3,3,2,0,5,2,3,1,1,4,1,175.5,92.6,Linear,Intermediate,Semi-Arid,Very High,High
90,250,100,90,3,3,0,2,2,5,1,3,4,1,1,164.4,93.5,Linear,Intermediate,Temperate,Very High,High
250,90,90,100,3,3,2,0,5,2,3,1,1,4,1,158.5,87.1,Linear,Intermediate,Semi-Arid,Very High,High
90,250,100,90,3,3,0,2,2,5,1,3,4,1,1,181.9,93.4,Linear,White,Temperate,Very High,High
250,90,90,100,3,3,2,0,5,2,3,1,1,4,1,159.7,97.8,Linear,Intermediate,Temperate,Very High,High
90,100,100,65,3,7,0,1,2,0,1,2,4,3,0,99.3,81.1,Pinnate,Intermediate,Temperate,Very High,Very High
100,90,65,100,7,3,1,0,0,2,2,1,3,4,0,90.3,81.5,Intermediate,White,Temperate,Very High,Very High
90,100,100,65,3,7,0,1,2,0,1,2,4,3,0,93.6,85.7,Pinnate,Yellow,Temperate,Very High,Very High
100,90,65,100,7,3,1,0,0,2,2,1,3,4,0,91.5,87.7,Intermediate,Yellow,Temperate,Very High,Very High
90,100,100,65,3,7,0,1,2,0,1,2,4,3,0,95.1,76.0,Pinnate,Intermediate,Tropical,Very High,Very High
100,90,65,100,7,3,1,0,0,2,2,1,3,4,0,99.6,84.0,Linear,Yellow,Temperate,Very High,Very High
90,100,100,65,3,7,0,1,2,0,1,2,4,3,0,96.7,81.9,Intermediate,Intermediate,Tropical,Very High,Very High
100,90,65,100,7,3,1,0,0,2,2,1,3,4,0,96.4,87.7,Linear,Yellow,Temperate,Very High,Very High
90,100,100,65,3,7,0,1,2,0,1,2,4,3,0,96.2,82.1,Linear,Yellow,Tropical,Very High,Very High
100,90,65,100,7,3,1,0,0,2,2,1,3,4,0,93.9,81.6,Intermediate,Intermediate,Tropical,Very High,Very High
90,100,100,65,3,7,0,1,2,0,1,2,4,3,0,97.5,79.3,Intermediate,Intermediate,Tropical,Very High,Very High
100,90,65,100,7,3,1,0,0,2,2,1,3,4,0,92.4,81.3,Intermediate,Intermediate,Tropical,Very High,Very High
90,100,100,65,3,7,0,1,2,0,1,2,4,3,0,102.3,80.9,Intermediate,Yellow,Tropical,Very High,Very High
100,90,65,100,7,3,1,0,0,2,2,1,3,4,0,97.9,85.1,Intermediate,Intermediate,Tropical,Very High,Very High
90,100,100,65,3,7,0,1,2,0,1,2,4,3,0,92.2,80.6,Pinnate,Intermediate,Tropical,Very High,Very High
100,90,65,100,7,3,1,0,0,2,2,1,3,4,0,89.0,84.0,Intermediate,Intermediate,Temperate,Very High,Very High
90,30,100,75,3,7,0,0,2,6,1,1,4,3,0,56.1,87.4,Intermediate,White,Cool Temperate,Moderate,Very High
30,90,75,100,7,3,0,0,6,2,1,1,3,4,0,61.2,86.5,Intermediate,White,Cool Temperate,Moderate,Very High
90,30,100,75,3,7,0,0,2,6,1,1,4,3,0,57.7,90.0,Intermediate,White,Cool Temperate,Moderate,Very High
30,90,75,100,7,3,0,0,6,2,1,1,3,4,0,59.2,90.1,Intermediate,White,Cool Temperate,Moderate,Very High
90,30,100,75,3,7,0,0,2,6,1,1,4,3,0,58.6,89.4,Intermediate,White,Cool Temperate,Moderate,Very High
30,90,75,100,7,3,0,0,6,2,1,1,3,4,0,66.2,86.3,Pinnate,White,Temperate,Moderate,Very High
90,30,100,75,3,7,0,0,2,6,1,1,4,3,0,55.3,92.9,Pinnate,White,Temperate,Moderate,Very High
30,90,75,100,7,3,0,0,6,2,1,1,3,4,0,60.4,78.0,Linear,White,Temperate,Moderate,Very High
90,30,100,75,3,7,0,0,2,6,1,1,4,3,0,58.6,91.0,Pinnate,White,Cool Temperate,Moderate,Very High
30,90,75,100,7,3,0,0,6,2,1,1,3,4,0,60.9,90.2,Pinnate,White,Temperate,Moderate,Very High
90,30,100,75,3,7,0,0,2,6,1,1,4,3,0,53.3,87.7,Linear,White,Temperate,Moderate,Very High
30,90,75,100,7,3,0,0,6,2,1,1,3,4,0,59.1,92.0,Linear,White,Temperate,Moderate,Very High
90,30,100,75,3,7,0,0,2,6,1,1,4,3,0,59.6,89.7,Linear,White,Temperate,Moderate,Very High
30,90,75,100,7,3,0,0,6,2,1,1,3,4,0,57.1,99.1,Intermediate,White,Temperate,Moderate,Very High
90,30,100,75,3,7,0,0,2,6,1,1,4,3,0,61.7,95.4,Intermediate,White,Cool Temperate,Moderate,Very High
30,90,75,100,7,3,0,0,6,2,1,1,3,4,0,59.9,91.2,Pinnate,White,Cool Temperate,Moderate,Very High
100,200,110,55,3,4,0,1,3,9,2,1,3,3,0,155.3,76.5,Palmate,Intermediate,Tropical/Temperate,Very High,High
200,100,55,110,4,3,1,0,9,3,1,2,3,3,0,144.0,84.5,Intermediate,Yellow,Mediterranean,Very High,High
100,200,110,55,3,4,0,1,3,9,2,1,3,3,0,154.8,82.1,Intermediate,Intermediate,Tropical/Temperate,Very High,High
200,100,55,110,4,3,1,0,9,3,1,2,3,3,0,158.7,86.3,Intermediate,White,Tropical/Temperate,Very High,High
100,200,110,55,3,4,0,1,3,9,2,1,3,3,0,164.7,77.1,Palmate,Yellow,Tropical/Temperate,Very High,High
200,100,55,110,4,3,1,0,9,3,1,2,3,3,0,159.6,80.0,Intermediate,Yellow,Mediterranean,Very High,High
100,200,110,55,3,4,0,1,3,9,2,1,3,3,0,130.7,89.8,Intermediate,Yellow,Mediterranean,Very High,High
200,100,55,110,4,3,1,0,9,3,1,2,3,3,0,150.0,78.9,Intermediate,Intermediate,Mediterranean,Very High,High
100,200,110,55,3,4,0,1,3,9,2,1,3,3,0,141.2,77.9,Intermediate,White,Tropical/Temperate,Very High,High
200,100,55,110,4,3,1,0,9,3,1,2,3,3,0,158.8,88.9,Palmate,Yellow,Mediterranean,Very High,High
100,200,110,55,3,4,0,1,3,9,2,1,3,3,0,150.4,83.6,Intermediate,White,Tropical/Temperate,Very High,High
200,100,55,110,4,3,1,0,9,3,1,2,3,3,0,151.9,80.3,Intermediate,Intermediate,Mediterranean,Very High,High
100,200,110,55,3,4,0,1,3,9,2,1,3,3,0,146.1,78.2,Palmate,White,Mediterranean,Very High,High
200,100,55,110,4,3,1,0,9,3,1,2,3,3,0,159.5,79.7,Palmate,Intermediate,Mediterranean,Very High,High
100,200,110,55,3,4,0,1,3,9,2,1,3,3,0,159.7,86.0,Linear,White,Tropical/Temperate,Very High,High
200,100,55,110,4,3,1,0,9,3,1,2,3,3,0,146.4,89.8,Palmate,Intermediate,Tropical/Temperate,Very High,High
100,150,110,75,3,4,0,1,3,4,2,1,3,3,0,127.6,91.0,Palmate,Intermediate,Arid,Very High,High
150,100,75,110,4,3,1,0,4,3,1,2,3,3,0,118.8,93.8,Intermediate,Yellow,Mediterranean,Very High,High
100,150,110,75,3,4,0,1,3,4,2,1,3,3,0,133.8,92.5,Intermediate,White,Mediterranean,Very High,High
150,100,75,110,4,3,1,0,4,3,1,2,3,3,0,130.9,85.9,Intermediate,Intermediate,Mediterranean,Very High,High
100,150,110,75,3,4,0,1,3,4,2,1,3,3,0,136.5,88.5,Linear,Intermediate,Arid,Very High,High
150,100,75,110,4,3,1,0,4,3,1,2,3,3,0,136.8,98.4,Linear,Intermediate,Mediterranean,Very High,High
100,150,110,75,3,4,0,1,3,4,2,1,3,3,0,112.3,92.5,Intermediate,White,Arid,Very High,High
150,100,75,110,4,3,1,0,4,3,1,2,3,3,0,116.2,93.0,Linear,Intermediate,Arid,Very High,High
100,150,110,75,3,4,0,1,3,4,2,1,3,3,0,121.4,92.8,Linear,Yellow,Mediterranean,Very High,High
150,100,75,110,4,3,1,0,4,3,1,2,3,3,0,124.9,90.0,Linear,Intermediate,Mediterranean,Very High,High
100,150,110,75,3,4,0,1,3,4,2,1,3,3,0,126.9,92.2,Palmate,Intermediate,Mediterranean,Very High,High
150,100,75,110,4,3,1,0,4,3,1,2,3,3,0,121.7,94.7,Intermediate,White,Arid,Very High,High
100,150,110,75,3,4,0,1,3,4,2,1,3,3,0,122.8,90.1,Intermediate,Intermediate,Mediterranean,Very High,High
150,100,75,110,4,3,1,0,4,3,1,2,3,3,0,116.5,91.4,Intermediate,White,Mediterranean,Very High,High
100,150,110,75,3,4,0,1,3,4,2,1,3,3,0,131.8,87.2,Palmate,White,Arid,Very High,High
150,100,75,110,4,3,1,0,4,3,1,2,3,3,0,126.4,92.8,Linear,Intermediate,Arid,Very High,High
100,60,110,60,3,0,0,0,3,2,2,1,3,3,0,81.0,90.7,Intermediate,White,Temperate,Very High,High
60,100,60,110,0,3,0,0,2,3,1,2,3,3,0,82.1,86.8,Linear,White,Temperate,Very High,High
100,60,110,60,3,0,0,0,3,2,2,1,3,3,0,85.5,87.6,Ovate,White,Temperate,Very High,High
60,100,60,110,0,3,0,0,2,3,1,2,3,3,0,81.4,85.1,Ovate,White,Temperate,Very High,High
100,60,110,60,3,0,0,0,3,2,2,1,3,3,0,82.5,89.3,Intermediate,White,Temperate,Very High,High
60,100,60,110,0,3,0,0,2,3,1,2,3,3,0,81.5,86.6,Intermediate,White,Temperate,Very High,High
100,60,110,60,3,0,0,0,3,2,2,1,3,3,0,78.1,83.3,Intermediate,White,Temperate,Very High,High
60,100,60,110,0,3,0,0,2,3,1,2,3,3,0,81.6,78.8,Intermediate,White,Mediterranean,Very High,High
100,60,110,60,3,0,0,0,3,2,2,1,3,3,0,77.9,93.5,Ovate,White,Temperate,Very High,High
60,100,60,110,0,3,0,0,2,3,1,2,3,3,0,73.0,94.5,Linear,White,Mediterranean,Very High,High
100,60,110,60,3,0,0,0,3,2,2,1,3,3,0,77.0,84.9,Linear,White,Mediterranean,Very High,High
60,100,60,110,0,3,0,0,2,3,1,2,3,3,0,81.3,78.2,Linear,White,Mediterranean,Very High,High
100,60,110,60,3,0,0,0,3,2,2,1,3,3,0,77.9,85.3,Linear,White,Temperate,Very High,High
60,100,60,110,0,3,0,0,2,3,1,2,3,3,0,76.5,86.3,Ovate,White,Mediterranean,Very High,High
100,60,110,60,3,0,0,0,3,2,2,1,3,3,0,72.4,92.6,Intermediate,White,Temperate,Very High,High
60,100,60,110,0,3,0,0,2,3,1,2,3,3,0,82.0,87.2,Ovate,White,Temperate,Very High,High
100,180,110,80,3,0,0,0,3,0,2,2,3,3,0,136.4,97.2,Ovate,White,Tropical,High,High
180,100,80,110,0,3,0,0,0,3,2,2,3,3,0,136.5,91.6,Linear,White,Mediterranean,High,High
100,180,110,80,3,0,0,0,3,0,2,2,3,3,0,147.9,96.8,Intermediate,White,Mediterranean,High,High
180,100,80,110,0,3,0,0,0,3,2,2,3,3,0,145.8,95.7,Intermediate,White,Mediterranean,High,High
100,180,110,80,3,0,0,0,3,0,2,2,3,3,0,138.1,96.6,Intermediate,White,Tropical,High,High
180,100,80,110,0,3,0,0,0,3,2,2,3,3,0,148.4,101.1,Intermediate,White,Tropical,High,High
100,180,110,80,3,0,0,0,3,0,2,2,3,3,0,145.4,90.6,Intermediate,White,Tropical,High,High
180,100,80,110,0,3,0,0,0,3,2,2,3,3,0,145.8,96.7,Ovate,White,Tropical,High,High
100,180,110,80,3,0,0,0,3,0,2,2,3,3,0,142.4,98.0,Linear,White,Tropical,High,High
180,100,80,110,0,3,0,0,0,3,2,2,3,3,0,147.8,96.3,Linear,White,Mediterranean,High,High
100,180,110,80,3,0,0,0,3,0,2,2,3,3,0,133.2,96.6,Linear,White,Tropical,High,High
180,100,80,110,0,3,0,0,0,3,2,2,3,3,0,144.3,91.3,Ovate,White,Tropical,High,High
100,180,110,80,3,0,0,0,3,0,2,2,3,3,0,133.0,98.8,Intermediate,White,Tropical,High,High
180,100,80,110,0,3,0,0,0,3,2,2,3,3,0,148.6,93.3,Intermediate,White,Mediterranean,High,High
100,180,110,80,3,0,0,0,3,0,2,2,3,3,0,131.8,103.3,Intermediate,White,Tropical,High,High
180,100,80,110,0,3,0,0,0,3,2,2,3,3,0,134.6,92.8,Ovate,White,Mediterranean,High,High
100,100,110,95,3,0,0,2,3,2,2,2,3,4,0,107.7,102.7,Intermediate,Intermediate,Mediterranean,High,Very High
100,100,95,110,0,3,2,0,2,3,2,2,4,3,0,96.9,116.4,Linear,Purple,Temperate,High,Very High
100,100,110,95,3,0,0,2,3,2,2,2,3,4,0,104.2,89.1,Linear,Intermediate,Mediterranean,High,Very High
100,100,95,110,0,3,2,0,2,3,2,2,4,3,0,100.8,109.6,Intermediate,Purple,Mediterranean,High,Very High
100,100,110,95,3,0,0,2,3,2,2,2,3,4,0,99.7,107.2,Intermediate,White,Temperate,High,Very High
100,100,95,110,0,3,2,0,2,3,2,2,4,3,0,105.5,107.7,Intermediate,White,Mediterranean,High,Very High
100,100,110,95,3,0,0,2,3,2,2,2,3,4,0,99.7,99.0,Linear,White,Mediterranean,High,Very High
100,100,95,110,0,3,2,0,2,3,2,2,4,3,0,92.4,98.7,Intermediate,Intermediate,Temperate,High,Very High
100,100,110,95,3,0,0,2,3,2,2,2,3,4,0,101.9,99.9,Intermediate,Intermediate,Temperate,High,Very High
100,100,95,110,0,3,2,0,2,3,2,2,4,3,0,98.3,97.0,Intermediate,White,Temperate,High,Very High
100,100,110,95,3,0,0,2,3,2,2,2,3,4,0,95.1,97.2,Linear,Intermediate,Mediterranean,High,Very High
100,100,95,110,0,3,2,0,2,3,2,2,4,3,0,102.4,101.9,Linear,Intermediate,Mediterranean,High,Very High
100,100,110,95,3,0,0,2,3,2,2,2,3,4,0,112.5,107.9,Intermediate,Purple,Mediterranean,High,Very High
100,100,95,110,0,3,2,0,2,3,2,2,4,3,0,93.7,98.0,Intermediate,Purple,Mediterranean,High,Very High
100,100,110,95,3,0,0,2,3,2,2,2,3,4,0,101.8,103.0,Intermediate,Intermediate,Mediterranean,High,Very High
100,100,95,110,0,3,2,0,2,3,2,2,4,3,0,99.2,94.3,Linear,Intermediate,Temperate,High,Very High
100,50,110,130,3,9,0,1,3,8,2,1,3,3,0,69.4,125.5,Intermediate,Intermediate,Mediterranean,Very High,High
50,100,130,110,9,3,1,0,8,3,1,2,3,3,0,71.1,106.0,Intermediate,Yellow,Mediterranean,Very High,High
100,50,110,130,3,9,0,1,3,8,2,1,3,3,0,72.3,126.3,Intermediate,Yellow,Tropical/Subtropical,Very High,High
50,100,130,110,9,3,1,0,8,3,1,2,3,3,0,80.0,116.2,Intermediate,White,Mediterranean,Very High,High
100,50,110,130,3,9,0,1,3,8,2,1,3,3,0,76.8,123.1,Intermediate,Intermediate,Tropical/Subtropical,Very High,High
50,100,130,110,9,3,1,0,8,3,1,2,3,3,0,73.2,117.8,Compound,White,Mediterranean,Very High,High
100,50,110,130,3,9,0,1,3,8,2,1,3,3,0,70.2,113.2,Linear,Intermediate,Mediterranean,Very High,High
50,100,130,110,9,3,1,0,8,3,1,2,3,3,0,72.2,122.3,Compound,White,Mediterranean,Very High,High
100,50,110,130,3,9,0,1,3,8,2,1,3,3,0,70.5,123.1,Compound,Intermediate,Mediterranean,Very High,High
50,100,130,110,9,3,1,0,8,3,1,2,3,3,0,69.7,124.4,Intermediate,Intermediate,Tropical/Subtropical,Very High,High
100,50,110,130,3,9,0,1,3,8,2,1,3,3,0,79.1,131.6,Intermediate,Intermediate,Tropical/Subtropical,Very High,High
50,100,130,110,9,3,1,0,8,3,1,2,3,3,0,79.4,115.9,Compound,Intermediate,Tropical/Subtropical,Very High,High
100,50,110,130,3,9,0,1,3,8,2,1,3,3,0,76.0,122.2,Intermediate,Intermediate,Mediterranean,Very High,High
50,100,130,110,9,3,1,0,8,3,1,2,3,3,0,73.5,112.0,Linear,Yellow,Mediterranean,Very High,High
100,50,110,130,3,9,0,1,3,8,2,1,3,3,0,73.8,129.5,Linear,White,Tropical/Subtropical,Very High,High
50,100,130,110,9,3,1,0,8,3,1,2,3,3,0,79.0,117.2,Intermediate,Intermediate,Tropical/Subtropical,Very High,High
100,70,110,90,3,7,0,0,3,6,2,1,3,4,0,86.2,93.6,Pinnate,White,Mediterranean,Very High,Very High
70,100,90,110,7,3,0,0,6,3,1,2,4,3,0,80.3,99.8,Intermediate,White,Cool Temperate,Very High,Very High
100,70,110,90,3,7,0,0,3,6,2,1,3,4,0,88.3,107.7,Pinnate,White,Mediterranean,Very High,Very High
70,100,90,110,7,3,0,0,6,3,1,2,4,3,0,86.2,94.0,Linear,White,Cool Temperate,Very High,Very High
100,70,110,90,3,7,0,0,3,6,2,1,3,4,0,85.0,107.1,Intermediate,White,Cool Temperate,Very High,Very High
70,100,90,110,7,3,0,0,6,3,1,2,4,3,0,86.3,90.3,Intermediate,White,Cool Temperate,Very High,Very High
100,70,110,90,3,7,0,0,3,6,2,1,3,4,0,88.0,100.2,Intermediate,White,Mediterranean,Very High,Very High
70,100,90,110,7,3,0,0,6,3,1,2,4,3,0,84.8,105.1,Pinnate,White,Mediterranean,Very High,Very High
100,70,110,90,3,7,0,0,3,6,2,1,3,4,0,90.0,95.2,Intermediate,White,Mediterranean,Very High,Very High
70,100,90,110,7,3,0,0,6,3,1,2,4,3,0,80.7,96.2,Linear,White,Mediterranean,Very High,Very High
100,70,110,90,3,7,0,0,3,6,2,1,3,4,0,87.5,98.8,Pinnate,White,Mediterranean,Very High,Very High
70,100,90,110,7,3,0,0,6,3,1,2,4,3,0,88.3,98.4,Linear,White,Mediterranean,Very High,Very High
100,70,110,90,3,7,0,0,3,6,2,1,3,4,0,84.7,100.6,Pinnate,White,Cool Temperate,Very High,Very High
70,100,90,110,7,3,0,0,6,3,1,2,4,3,0,81.5,109.9,Intermediate,White,Cool Temperate,Very High,Very High
100,70,110,90,3,7,0,0,3,6,2,1,3,4,0,95.1,97.6,Linear,White,Mediterranean,Very High,Very High
70,100,90,110,7,3,0,0,6,3,1,2,4,3,0,80.9,101.1,Intermediate,White,Mediterranean,Very High,Very High
100,30,110,100,3,5,0,2,3,8,2,2,3,3,0,64.8,104.3,Intermediate,Purple,Tropical/Subtropical,High,High
30,100,100,110,5,3,2,0,8,3,2,2,3,3,0,73.0,98.2,Linear,White,Mediterranean,High,High
100,30,110,100,3,5,0,2,3,8,2,2,3,3,0,69.0,97.1,Cordate,Purple,Tropical/Subtropical,High,High
30,100,100,110,5,3,2,0,8,3,2,2,3,3,0,72.0,109.3,Intermediate,Purple,Mediterranean,High,High
100,30,110,100,3,5,0,2,3,8,2,2,3,3,0,65.1,104.2,Intermediate,Purple,Mediterranean,High,High
30,100,100,110,5,3,2,0,8,3,2,2,3,3,0,65.9,106.3,Intermediate,Purple,Tropical/Subtropical,High,High
100,30,110,100,3,5,0,2,3,8,2,2,3,3,0,63.8,102.1,Cordate,Intermediate,Mediterranean,High,High
30,100,100,110,5,3,2,0,8,3,2,2,3,3,0,70.0,104.6,Cordate,Intermediate,Tropical/Subtropical,High,High
100,30,110,100,3,5,0,2,3,8,2,2,3,3,0,66.6,106.2,Linear,Intermediate,Tropical/Subtropical,High,High
30,100,100,110,5,3,2,0,8,3,2,2,3,3,0,64.3,112.3,Intermediate,Intermediate,Mediterranean,High,High
100,30,110,100,3,5,0,2,3,8,2,2,3,3,0,64.2,104.8,Intermediate,Intermediate,Mediterranean,High,High
30,100,100,110,5,3,2,0,8,3,2,2,3,3,0,71.3,99.1,Intermediate,Intermediate,Tropical/Subtropical,High,High
100,30,110,100,3,5,0,2,3,8,2,2,3,3,0,64.7,102.3,Intermediate,Intermediate,Tropical/Subtropical,High,High
30,100,100,110,5,3,2,0,8,3,2,2,3,3,0,62.8,110.3,Cordate,Purple,Tropical/Subtropical,High,High
100,30,110,100,3,5,0,2,3,8,2,2,3,3,0,66.1,101.3,Cordate,Intermediate,Tropical/Subtropical,High,High
30,100,100,110,5,3,2,0,8,3,2,2,3,3,0,64.8,105.7,Cordate,Purple,Mediterranean,High,High
100,300,110,270,3,4,0,0,3,0,2,3,3,4,0,208.4,177.0,Intermediate,White,Mediterranean,Very High,Very High
300,100,270,110,4,3,0,0,0,3,3,2,4,3,0,199.9,191.1,Linear,White,Mediterranean,Very High,Very High
100,300,110,270,3,4,0,0,3,0,2,3,3,4,0,187.7,199.8,Intermediate,White,Mediterranean,Very High,Very High
300,100,270,110,4,3,0,0,0,3,3,2,4,3,0,212.4,184.1,Intermediate,White,Tropical,Very High,Very High
100,300,110,270,3,4,0,0,3,0,2,3,3,4,0,212.3,180.6,Palmate,White,Mediterranean,Very High,Very High
300,100,270,110,4,3,0,0,0,3,3,2,4,3,0,202.4,179.4,Intermediate,White,Mediterranean,Very High,Very High
100,300,110,270,3,4,0,0,3,0,2,3,3,4,0,195.6,194.5,Intermediate,White,Tropical,Very High,Very High
300,100,270,110,4,3,0,0,0,3,3,2,4,3,0,204.3,197.5,Linear,White,Tropical,Very High,Very High
100,300,110,270,3,4,0,0,3,0,2,3,3,4,0,189.5,179.4,Intermediate,White,Tropical,Very High,Very High
300,100,270,110,4,3,0,0,0,3,3,2,4,3,0,208.4,196.9,Intermediate,White,Mediterranean,Very High,Very High
100,300,110,270,3,4,0,0,3,0,2,3,3,4,0,196.4,193.3,Linear,White,Tropical,Very High,Very High
300,100,270,110,4,3,0,0,0,3,3,2,4,3,0,206.1,198.9,Palmate,White,Mediterranean,Very High,Very High
100,300,110,270,3,4,0,0,3,0,2,3,3,4,0,207.1,193.7,Palmate,White,Tropical,Very High,Very High
300,100,270,110,4,3,0,0,0,3,3,2,4,3,0,194.4,184.0,Palmate,White,Mediterranean,Very High,Very High
100,300,110,270,3,4,0,0,3,0,2,3,3,4,0,212.5,209.8,Linear,White,Tropical,Very High,Very High
300,100,270,110,4,3,0,0,0,3,3,2,4,3,0,211.4,196.5,Intermediate,White,Tropical,Very High,Very High
100,50,110,70,3,6,0,1,3,6,2,1,3,3,0,73.2,92.2,Intermediate,Intermediate,Cool Temperate,Very High,High
50,100,70,110,6,3,1,0,6,3,1,2,3,3,0,76.1,90.8,Intermediate,Intermediate,Mediterranean,Very High,High
100,50,110,70,3,6,0,1,3,6,2,1,3,3,0,66.3,94.0,Intermediate,Yellow,Mediterranean,Very High,High
50,100,70,110,6,3,1,0,6,3,1,2,3,3,0,76.5,97.4,Intermediate,Yellow,Mediterranean,Very High,High
100,50,110,70,3,6,0,1,3,6,2,1,3,3,0,72.9,88.6,Linear,Intermediate,Cool Temperate,Very High,High
50,100,70,110,6,3,1,0,6,3,1,2,3,3,0,71.3,91.1,Oblong,Yellow,Mediterranean,Very High,High
100,50,110,70,3,6,0,1,3,6,2,1,3,3,0,69.8,87.1,Oblong,Intermediate,Mediterranean,Very High,High
50,100,70,110,6,3,1,0,6,3,1,2,3,3,0,76.9,94.0,Linear,Intermediate,Cool Temperate,Very High,High
100,50,110,70,3,6,0,1,3,6,2,1,3,3,0,69.9,88.0,Intermediate,Intermediate,Mediterranean,Very High,High
50,100,70,110,6,3,1,0,6,3,1,2,3,3,0,72.3,97.7,Intermediate,Intermediate,Mediterranean,Very High,High
100,50,110,70,3,6,0,1,3,6,2,1,3,3,0,76.0,87.4,Intermediate,Intermediate,Mediterranean,Very High,High
50,100,70,110,6,3,1,0,6,3,1,2,3,3,0,76.4,82.4,Oblong,Yellow,Cool Temperate,Very High,High
100,50,110,70,3,6,0,1,3,6,2,1,3,3,0,75.1,91.9,Intermediate,Intermediate,Cool Temperate,Very High,High
50,100,70,110,6,3,1,0,6,3,1,2,3,3,0,70.7,86.8,Intermediate,White,Cool Temperate,Very High,High
100,50,110,70,3,6,0,1,3,6,2,1,3,3,0,76.9,86.7,Intermediate,Yellow,Cool Temperate,Very High,High
50,100,70,110,6,3,1,0,6,3,1,2,3,3,0,77.0,97.3,Intermediate,White,Cool Temperate,Very High,High
100,130,110,100,3,10,0,1,3,2,2,2,3,4,0,118.5,111.3,Intermediate,Intermediate,Temperate,High,Very High
130,100,100,110,10,3,1,0,2,3,2,2,4,3,0,117.7,110.6,Intermediate,Intermediate,Mediterranean,High,Very High
100,130,110,100,3,10,0,1,3,2,2,2,3,4,0,114.9,91.7,Intermediate,Intermediate,Temperate,High,Very High
130,100,100,110,10,3,1,0,2,3,2,2,4,3,0,114.3,106.3,Lobed,Yellow,Temperate,High,Very High
100,130,110,100,3,10,0,1,3,2,2,2,3,4,0,114.0,105.5,Intermediate,Yellow,Temperate,High,Very High
130,100,100,110,10,3,1,0,2,3,2,2,4,3,0,116.5,113.0,Linear,Yellow,Mediterranean,High,Very High
100,130,110,100,3,10,0,1,3,2,2,2,3,4,0,123.7,105.6,Linear,White,Temperate,High,Very High
130,100,100,110,10,3,1,0,2,3,2,2,4,3,0,119.0,118.0,Lobed,White,Mediterranean,High,Very High
100,130,110,100,3,10,0,1,3,2,2,2,3,4,0,117.0,109.4,Intermediate,White,Temperate,High,Very High
130,100,100,110,10,3,1,0,2,3,2,2,4,3,0,109.5,98.7,Linear,Yellow,Temperate,High,Very High
100,130,110,100,3,10,0,1,3,2,2,2,3,4,0,104.9,108.8,Intermediate,Intermediate,Mediterranean,High,Very High
130,100,100,110,10,3,1,0,2,3,2,2,4,3,0,103.0,102.1,Intermediate,Intermediate,Mediterranean,High,Very High
100,130,110,100,3,10,0,1,3,2,2,2,3,4,0,121.2,98.2,Intermediate,Intermediate,Temperate,High,Very High
130,100,100,110,10,3,1,0,2,3,2,2,4,3,0,102.9,107.3,Lobed,Intermediate,Mediterranean,High,Very High
100,130,110,100,3,10,0,1,3,2,2,2,3,4,0,108.8,97.8,Intermediate,Intermediate,Mediterranean,High,Very High
130,100,100,110,10,3,1,0,2,3,2,2,4,3,0,117.6,105.3,Intermediate,Intermediate,Mediterranean,High,Very High
100,150,110,150,3,4,0,0,3,1,2,1,3,3,0,119.7,134.0,Intermediate,White,Mediterranean,Very High,High
150,100,150,110,4,3,0,0,1,3,1,2,3,3,0,119.8,139.9,Linear,White,Mediterranean,Very High,High
100,150,110,150,3,4,0,0,3,1,2,1,3,3,0,127.5,123.9,Palmate,White,Subtropical,Very High,High
150,100,150,110,4,3,0,0,1,3,1,2,3,3,0,123.8,126.2,Palmate,White,Subtropical,Very High,High
100,150,110,150,3,4,0,0,3,1,2,1,3,3,0,128.6,127.3,Intermediate,White,Subtropical,Very High,High
150,100,150,110,4,3,0,0,1,3,1,2,3,3,0,124.7,122.6,Linear,White,Subtropical,Very High,High
100,150,110,150,3,4,0,0,3,1,2,1,3,3,0,117.2,141.9,Palmate,White,Subtropical,Very High,High
150,100,150,110,4,3,0,0,1,3,1,2,3,3,0,124.1,122.6,Linear,White,Mediterranean,Very High,High
100,150,110,150,3,4,0,0,3,1,2,1,3,3,0,138.0,122.2,Intermediate,White,Mediterranean,Very High,High
150,100,150,110,4,3,0,0,1,3,1,2,3,3,0,122.1,122.6,Intermediate,White,Mediterranean,Very High,High
100,150,110,150,3,4,0,0,3,1,2,1,3,3,0,131.4,131.1,Intermediate,White,Mediterranean,Very High,High
150,100,150,110,4,3,0,0,1,3,1,2,3,3,0,113.2,128.2,Palmate,White,Subtropical,Very High,High
100,150,110,150,3,4,0,0,3,1,2,1,3,3,0,128.1,129.1,Linear,White,Mediterranean,Very High,High
150,100,150,110,4,3,0,0,1,3,1,2,3,3,0,118.3,135.2,Intermediate,White,Subtropical,Very High,High
100,150,110,150,3,4,0,0,3,1,2,1,3,3,0,123.5,129.7,Intermediate,White,Mediterranean,Very High,High
150,100,150,110,4,3,0,0,1,3,1,2,3,3,0,114.2,139.1,Intermediate,White,Mediterranean,Very High,High
100,200,110,170,3,4,0,1,3,0,2,2,3,1,0,141.0,151.3,Palmate,White,Tropical,High,High
200,100,170,110,4,3,1,0,0,3,2,2,1,3,0,155.5,144.1,Palmate,Intermediate,Tropical,High,High
100,200,110,170,3,4,0,1,3,0,2,2,3,1,0,149.8,135.1,Palmate,White,Mediterranean,High,High
200,100,170,110,4,3,1,0,0,3,2,2,1,3,0,150.9,138.6,Linear,Intermediate,Mediterranean,High,High
100,200,110,170,3,4,0,1,3,0,2,2,3,1,0,144.7,143.5,Linear,Intermediate,Tropical,High,High
200,100,170,110,4,3,1,0,0,3,2,2,1,3,0,149.3,144.4,Intermediate,Intermediate,Mediterranean,High,High
100,200,110,170,3,4,0,1,3,0,2,2,3,1,0,142.1,140.9,Intermediate,Intermediate,Mediterranean,High,High
200,100,170,110,4,3,1,0,0,3,2,2,1,3,0,150.5,139.1,Intermediate,Intermediate,Tropical,High,High
100,200,110,170,3,4,0,1,3,0,2,2,3,1,0,150.9,143.4,Palmate,Yellow,Tropical,High,High
200,100,170,110,4,3,1,0,0,3,2,2,1,3,0,152.5,135.2,Intermediate,Yellow,Tropical,High,High
100,200,110,170,3,4,0,1,3,0,2,2,3,1,0,155.1,150.8,Palmate,White,Tropical,High,High
200,100,170,110,4,3,1,0,0,3,2,2,1,3,0,149.8,136.5,Linear,Intermediate,Mediterranean,High,High
100,200,110,170,3,4,0,1,3,0,2,2,3,1,0,153.5,129.9,Intermediate,White,Tropical,High,High
200,100,170,110,4,3,1,0,0,3,2,2,1,3,0,158.2,141.5,Intermediate,Intermediate,Tropical,High,High
100,200,110,170,3,4,0,1,3,0,2,2,3,1,0,150.5,147.9,Linear,White,Tropical,High,High
200,100,170,110,4,3,1,0,0,3,2,2,1,3,0,150.2,136.4,Linear,Intermediate,Tropical,High,High
100,180,110,90,3,2,0,3,3,8,2,1,3,3,0,132.7,100.9,Intermediate,Intermediate,Tropical/Subtropical,Very High,High
180,100,90,110,2,3,3,0,8,3,1,2,3,3,0,140.1,101.4,Intermediate,White,Tropical/Subtropical,Very High,High
100,180,110,90,3,2,0,3,3,8,2,1,3,3,0,135.7,93.7,Elliptical,Intermediate,Mediterranean,Very High,High
180,100,90,110,2,3,3,0,8,3,1,2,3,3,0,140.8,98.0,Elliptical,White,Tropical/Subtropical,Very High,High
100,180,110,90,3,2,0,3,3,8,2,1,3,3,0,136.4,97.4,Intermediate,Pink,Tropical/Subtropical,Very High,High
180,100,90,110,2,3,3,0,8,3,1,2,3,3,0,148.8,98.6,Intermediate,Pink,Mediterranean,Very High,High
100,180,110,90,3,2,0,3,3,8,2,1,3,3,0,143.6,103.8,Elliptical,White,Tropical/Subtropical,Very High,High
180,100,90,110,2,3,3,0,8,3,1,2,3,3,0,135.2,101.4,Linear,Intermediate,Tropical/Subtropical,Very High,High
100,180,110,90,3,2,0,3,3,8,2,1,3,3,0,130.0,93.0,Elliptical,Pink,Tropical/Subtropical,Very High,High
180,100,90,110,2,3,3,0,8,3,1,2,3,3,0,133.2,100.6,Linear,White,Tropical/Subtropical,Very High,High
100,180,110,90,3,2,0,3,3,8,2,1,3,3,0,126.5,108.5,Elliptical,Pink,Tropical/Subtropical,Very High,High
180,100,90,110,2,3,3,0,8,3,1,2,3,3,0,147.7,109.1,Linear,Pink,Tropical/Subtropical,Very High,High
100,180,110,90,3,2,0,3,3,8,2,1,3,3,0,145.6,103.0,Elliptical,Intermediate,Tropical/Subtropical,Very High,High
180,100,90,110,2,3,3,0,8,3,1,2,3,3,0,139.2,106.4,Intermediate,Intermediate,Mediterranean,Very High,High
100,180,110,90,3,2,0,3,3,8,2,1,3,3,0,138.8,101.2,Linear,Pink,Mediterranean,Very High,High
180,100,90,110,2,3,3,0,8,3,1,2,3,3,0,147.6,99.1,Intermediate,Intermediate,Tropical/Subtropical,Very High,High
100,100,110,80,3,0,0,1,3,2,2,3,3,1,0,94.2,99.5,Ovate,White,Temperate,Very High,High
100,100,80,110,0,3,1,0,2,3,3,2,1,3,0,90.2,102.2,Intermediate,Intermediate,Temperate,Very High,High
100,100,110,80,3,0,0,1,3,2,2,3,3,1,0,102.1,94.9,Intermediate,White,Temperate,Very High,High
100,100,80,110,0,3,1,0,2,3,3,2,1,3,0,104.4,88.3,Intermediate,Intermediate,Mediterranean,Very High,High
100,100,110,80,3,0,0,1,3,2,2,3,3,1,0,102.2,100.1,Linear,Intermediate,Temperate,Very High,High
100,100,80,110,0,3,1,0,2,3,3,2,1,3,0,103.6,102.1,Linear,White,Mediterranean,Very High,High
100,100,110,80,3,0,0,1,3,2,2,3,3,1,0,102.2,93.6,Intermediate,Yellow,Mediterranean,Very High,High
100,100,80,110,0,3,1,0,2,3,3,2,1,3,0,99.1,87.3,Linear,Intermediate,Mediterranean,Very High,High
100,100,110,80,3,0,0,1,3,2,2,3,3,1,0,90.2,95.4,Linear,Yellow,Temperate,Very High,High
100,100,80,110,0,3,1,0,2,3,3,2,1,3,0,98.4,94.0,Linear,Intermediate,Mediterranean,Very High,High
100,100,110,80,3,0,0,1,3,2,2,3,3,1,0,96.1,98.9,Ovate,Intermediate,Temperate,Very High,High
100,100,80,110,0,3,1,0,2,3,3,2,1,3,0,100.1,99.4,Intermediate,White,Temperate,Very High,High
100,100,110,80,3,0,0,1,3,2,2,3,3,1,0,91.2,95.5,Intermediate,Intermediate,Mediterranean,Very High,High
100,100,80,110,0,3,1,0,2,3,3,2,1,3,0,98.3,100.8,Intermediate,White,Mediterranean,Very High,High
100,100,110,80,3,0,0,1,3,2,2,3,3,1,0,103.4,100.7,Intermediate,Intermediate,Mediterranean,Very High,High
100,100,80,110,0,3,1,0,2,3,3,2,1,3,0,98.7,103.2,Intermediate,Yellow,Temperate,Very High,High
100,300,110,110,3,3,0,0,3,4,2,3,3,3,1,203.1,106.6,Linear,White,Arid,Very High,High
300,100,110,110,3,3,0,0,4,3,3,2,3,3,1,198.5,107.7,Linear,White,Mediterranean,Very High,High
100,300,110,110,3,3,0,0,3,4,2,3,3,3,1,200.5,109.0,Linear,White,Mediterranean,Very High,High
300,100,110,110,3,3,0,0,4,3,3,2,3,3,1,187.7,108.1,Linear,White,Mediterranean,Very High,High
100,300,110,110,3,3,0,0,3,4,2,3,3,3,1,209.7,116.8,Linear,White,Mediterranean,Very High,High
300,100,110,110,3,3,0,0,4,3,3,2,3,3,1,199.1,99.3,Linear,White,Arid,Very High,High
100,300,110,110,3,3,0,0,3,4,2,3,3,3,1,207.1,110.7,Linear,White,Arid,Very High,High
300,100,110,110,3,3,0,0,4,3,3,2,3,3,1,211.8,110.6,Linear,White,Mediterranean,Very High,High
100,300,110,110,3,3,0,0,3,4,2,3,3,3,1,185.2,114.2,Linear,White,Mediterranean,Very High,High
300,100,110,110,3,3,0,0,4,3,3,2,3,3,1,199.5,114.9,Linear,White,Arid,Very High,High
100,300,110,110,3,3,0,0,3,4,2,3,3,3,1,194.2,117.0,Linear,White,Mediterranean,Very High,High
300,100,110,110,3,3,0,0,4,3,3,2,3,3,1,180.9,124.8,Linear,White,Mediterranean,Very High,High
100,300,110,110,3,3,0,0,3,4,2,3,3,3,1,197.7,116.0,Linear,White,Mediterranean,Very High,High
300,100,110,110,3,3,0,0,4,3,3,2,3,3,1,199.5,112.3,Linear,White,Arid,Very High,High
100,300,110,110,3,3,0,0,3,4,2,3,3,3,1,200.7,116.3,Linear,White,Arid,Very High,High
300,100,110,110,3,3,0,0,4,3,3,2,3,3,1,202.5,116.0,Linear,White,Arid,Very High,High
100,250,110,90,3,3,0,2,3,5,2,3,3,1,1,172.2,100.5,Linear,Intermediate,Semi-Arid,Very High,High
250,100,90,110,3,3,2,0,5,3,3,2,1,3,1,186.4,98.0,Linear,Intermediate,Mediterranean,Very High,High
100,250,110,90,3,3,0,2,3,5,2,3,3,1,1,172.7,102.0,Linear,Purple,Semi-Arid,Very High,High
250,100,90,110,3,3,2,0,5,3,3,2,1,3,1,169.0,101.5,Linear,Purple,Semi-Arid,Very High,High
100,250,110,90,3,3,0,2,3,5,2,3,3,1,1,184.5,105.3,Linear,Intermediate,Semi-Arid,Very High,High
250,100,90,110,3,3,2,0,5,3,3,2,1,3,1,179.5,105.5,Linear,Intermediate,Semi-Arid,Very High,High
100,250,110,90,3,3,0,2,3,5,2,3,3,1,1,169.5,90.7,Linear,White,Semi-Arid,Very High,High
250,100,90,110,3,3,2,0,5,3,3,2,1,3,1,162.4,105.3,Linear,Intermediate,Semi-Arid,Very High,High
100,250,110,90,3,3,0,2,3,5,2,3,3,1,1,167.3,93.5,Linear,Purple,Semi-Arid,Very High,High
250,100,90,110,3,3,2,0,5,3,3,2,1,3,1,177.2,97.0,Linear,Purple,Mediterranean,Very High,High
100,250,110,90,3,3,0,2,3,5,2,3,3,1,1,187.9,105.2,Linear,White,Mediterranean,Very High,High
250,100,90,110,3,3,2,0,5,3,3,2,1,3,1,186.9,100.0,Linear,Intermediate,Mediterranean,Very High,High
100,250,110,90,3,3,0,2,3,5,2,3,3,1,1,182.3,99.9,Linear,Intermediate,Semi-Arid,Very High,High
250,100,90,110,3,3,2,0,5,3,3,2,1,3,1,182.0,90.3,Linear,Intermediate,Mediterranean,Very High,High
100,250,110,90,3,3,0,2,3,5,2,3,3,1,1,175.3,101.6,Linear,Purple,Semi-Arid,Very High,High
250,100,90,110,3,3,2,0,5,3,3,2,1,3,1,174.1,97.0,Linear,Purple,Semi-Arid,Very High,High
100,100,110,65,3,7,0,1,3,0,2,2,3,3,0,92.7,89.4,Intermediate,Yellow,Tropical,High,High
100,100,65,110,7,3,1,0,0,3,2,2,3,3,0,92.9,84.8,Intermediate,Yellow,Mediterranean,High,High
100,100,110,65,3,7,0,1,3,0,2,2,3,3,0,99.4,84.4,Intermediate,Intermediate,Tropical,High,High
100,100,65,110,7,3,1,0,0,3,2,2,3,3,0,97.5,89.9,Intermediate,White,Tropical,High,High
100,100,110,65,3,7,0,1,3,0,2,2,3,3,0,97.0,86.9,Intermediate,Intermediate,Mediterranean,High,High
100,100,65,110,7,3,1,0,0,3,2,2,3,3,0,98.8,85.9,Intermediate,White,Mediterranean,High,High
100,100,110,65,3,7,0,1,3,0,2,2,3,3,0,106.8,91.6,Intermediate,Intermediate,Mediterranean,High,High
100,100,65,110,7,3,1,0,0,3,2,2,3,3,0,96.1,86.9,Intermediate,Yellow,Tropical,High,High
100,100,110,65,3,7,0,1,3,0,2,2,3,3,0,91.2,92.6,Intermediate,Intermediate,Tropical,High,High
100,100,65,110,7,3,1,0,0,3,2,2,3,3,0,105.4,90.2,Pinnate,White,Mediterranean,High,High
100,100,110,65,3,7,0,1,3,0,2,2,3,3,0,85.5,91.0,Intermediate,Yellow,Tropical,High,High
100,100,65,110,7,3,1,0,0,3,2,2,3,3,0,103.4,83.0,Intermediate,Intermediate,Mediterranean,High,High
100,100,110,65,3,7,0,1,3,0,2,2,3,3,0,101.0,86.6,Intermediate,White,Mediterranean,High,High
100,100,65,110,7,3,1,0,0,3,2,2,3,3,0,104.1,90.4,Pinnate,Yellow,Tropical,High,High
100,100,110,65,3,7,0,1,3,0,2,2,3,3,0,103.2,88.0,Intermediate,Intermediate,Tropical,High,High
100,100,65,110,7,3,1,0,0,3,2,2,3,3,0,101.9,85.6,Intermediate,Intermediate,Mediterranean,High,High
100,30,110,75,3,7,0,0,3,6,2,1,3,3,0,68.1,91.9,Intermediate,White,Mediterranean,Very High,High
30,100,75,110,7,3,0,0,6,3,1,2,3,3,0,61.5,93.6,Intermediate,White,Mediterranean,Very High,High
100,30,110,75,3,7,0,0,3,6,2,1,3,3,0,66.8,90.0,Intermediate,White,Cool Temperate,Very High,High
30,100,75,110,7,3,0,0,6,3,1,2,3,3,0,71.3,98.4,Linear,White,Cool Temperate,Very High,High
100,30,110,75,3,7,0,0,3,6,2,1,3,3,0,66.6,97.4,Intermediate,White,Mediterranean,Very High,High
30,100,75,110,7,3,0,0,6,3,1,2,3,3,0,62.7,94.5,Intermediate,White,Mediterranean,Very High,High
100,30,110,75,3,7,0,0,3,6,2,1,3,3,0,59.3,93.6,Intermediate,White,Cool Temperate,Very High,High
30,100,75,110,7,3,0,0,6,3,1,2,3,3,0,69.1,87.1,Pinnate,White,Cool Temperate,Very High,High
100,30,110,75,3,7,0,0,3,6,2,1,3,3,0,62.9,92.7,Pinnate,White,Cool Temperate,Very High,High
30,100,75,110,7,3,0,0,6,3,1,2,3,3,0,69.3,87.0,Intermediate,White,Mediterranean,Very High,High
100,30,110,75,3,7,0,0,3,6,2,1,3,3,0,66.9,94.1,Intermediate,White,Cool Temperate,Very High,High
30,100,75,110,7,3,0,0,6,3,1,2,3,3,0,69.5,88.5,Linear,White,Mediterranean,Very High,High
100,30,110,75,3,7,0,0,3,6,2,1,3,3,0,66.7,80.9,Linear,White,Mediterranean,Very High,High
30,100,75,110,7,3,0,0,6,3,1,2,3,3,0,65.6,96.0,Intermediate,White,Mediterranean,Very High,High
100,30,110,75,3,7,0,0,3,6,2,1,3,3,0,65.2,88.6,Pinnate,White,Cool Temperate,Very High,High
30,100,75,110,7,3,0,0,6,3,1,2,3,3,0,68.8,83.0,Intermediate,White,Cool Temperate,Very High,High
200,150,55,75,4,4,1,1,9,4,1,1,3,3,1,181.1,63.5,Palmate,Yellow,Tropical/Temperate,Moderate,High
150,200,75,55,4,4,1,1,4,9,1,1,3,3,1,183.1,65.9,Palmate,Yellow,Arid,Moderate,High
200,150,55,75,4,4,1,1,9,4,1,1,3,3,1,189.0,66.8,Palmate,Yellow,Arid,Moderate,High
150,200,75,55,4,4,1,1,4,9,1,1,3,3,1,193.6,63.0,Palmate,Yellow,Arid,Moderate,High
200,150,55,75,4,4,1,1,9,4,1,1,3,3,1,184.1,67.1,Palmate,Yellow,Tropical/Temperate,Moderate,High
150,200,75,55,4,4,1,1,4,9,1,1,3,3,1,161.4,63.7,Palmate,Yellow,Arid,Moderate,High
200,150,55,75,4,4,1,1,9,4,1,1,3,3,1,174.5,66.0,Palmate,Yellow,Arid,Moderate,High
150,200,75,55,4,4,1,1,4,9,1,1,3,3,1,174.4,67.3,Palmate,Yellow,Arid,Moderate,High
200,150,55,75,4,4,1,1,9,4,1,1,3,3,1,161.2,65.4,Palmate,Yellow,Arid,Moderate,High
150,200,75,55,4,4,1,1,4,9,1,1,3,3,1,177.4,64.0,Palmate,Yellow,Arid,Moderate,High
200,150,55,75,4,4,1,1,9,4,1,1,3,3,1,169.7,70.3,Palmate,Yellow,Tropical/Temperate,Moderate,High
150,200,75,55,4,4,1,1,4,9,1,1,3,3,1,168.6,67.0,Palmate,Yellow,Arid,Moderate,High
200,150,55,75,4,4,1,1,9,4,1,1,3,3,1,164.7,63.3,Palmate,Yellow,Arid,Moderate,High
150,200,75,55,4,4,1,1,4,9,1,1,3,3,1,183.7,63.7,Palmate,Yellow,Tropical/Temperate,Moderate,High
200,150,55,75,4,4,1,1,9,4,1,1,3,3,1,154.6,67.1,Palmate,Yellow,Tropical/Temperate,Moderate,High
150,200,75,55,4,4,1,1,4,9,1,1,3,3,1,179.3,73.9,Palmate,Yellow,Arid,Moderate,High
200,60,55,60,4,0,1,0,9,2,1,1,3,3,0,130.5,57.2,Intermediate,Intermediate,Tropical/Temperate,Moderate,High
60,200,60,55,0,4,0,1,2,9,1,1,3,3,0,119.9,57.2,Ovate,Intermediate,Temperate,Moderate,High
200,60,55,60,4,0,1,0,9,2,1,1,3,3,0,125.4,53.1,Palmate,Intermediate,Temperate,Moderate,High
60,200,60,55,0,4,0,1,2,9,1,1,3,3,0,129.1,49.8,Ovate,White,Tropical/Temperate,Moderate,High
200,60,55,60,4,0,1,0,9,2,1,1,3,3,0,132.6,61.3,Intermediate,Intermediate,Tropical/Temperate,Moderate,High
60,200,60,55,0,4,0,1,2,9,1,1,3,3,0,130.2,52.6,Intermediate,Intermediate,Tropical/Temperate,Moderate,High
200,60,55,60,4,0,1,0,9,2,1,1,3,3,0,123.4,54.5,Intermediate,Intermediate,Temperate,Moderate,High
60,200,60,55,0,4,0,1,2,9,1,1,3,3,0,134.6,58.6,Ovate,Intermediate,Tropical/Temperate,Moderate,High
200,60,55,60,4,0,1,0,9,2,1,1,3,3,0,131.0,52.4,Intermediate,White,Temperate,Moderate,High
60,200,60,55,0,4,0,1,2,9,1,1,3,3,0,126.5,57.2,Palmate,White,Temperate,Moderate,High
200,60,55,60,4,0,1,0,9,2,1,1,3,3,0,132.7,55.3,Intermediate,Yellow,Temperate,Moderate,High
60,200,60,55,0,4,0,1,2,9,1,1,3,3,0,136.0,55.2,Ovate,Intermediate,Tropical/Temperate,Moderate,High
200,60,55,60,4,0,1,0,9,2,1,1,3,3,0,127.4,57.4,Intermediate,Intermediate,Temperate,Moderate,High
60,200,60,55,0,4,0,1,2,9,1,1,3,3,0,132.6,61.5,Intermediate,Intermediate,Temperate,Moderate,High
200,60,55,60,4,0,1,0,9,2,1,1,3,3,0,125.8,58.9,Palmate,White,Tropical/Temperate,Moderate,High
60,200,60,55,0,4,0,1,2,9,1,1,3,3,0,127.3,60.1,Intermediate,Yellow,Temperate,Moderate,High
200,180,55,80,4,0,1,0,9,0,1,2,3,3,0,186.7,63.1,Intermediate,White,Tropical,Very High,High
180,200,80,55,0,4,0,1,0,9,2,1,3,3,0,203.8,71.0,Palmate,Intermediate,Tropical/Temperate,Very High,High
200,180,55,80,4,0,1,0,9,0,1,2,3,3,0,169.7,65.6,Intermediate,Yellow,Tropical,Very High,High
180,200,80,55,0,4,0,1,0,9,2,1,3,3,0,197.9,71.6,Ovate,Intermediate,Tropical/Temperate,Very High,High
200,180,55,80,4,0,1,0,9,0,1,2,3,3,0,188.2,64.9,Intermediate,Intermediate,Tropical,Very High,High
180,200,80,55,0,4,0,1,0,9,2,1,3,3,0,197.4,66.9,Intermediate,Intermediate,Tropical,Very High,High
200,180,55,80,4,0,1,0,9,0,1,2,3,3,0,183.3,71.0,Intermediate,Yellow,Tropical,Very High,High
180,200,80,55,0,4,0,1,0,9,2,1,3,3,0,186.8,71.0,Ovate,Intermediate,Tropical,Very High,High
200,180,55,80,4,0,1,0,9,0,1,2,3,3,0,203.3,65.9,Intermediate,Intermediate,Tropical,Very High,High
180,200,80,55,0,4,0,1,0,9,2,1,3,3,0,192.3,62.6,Ovate,Yellow,Tropical/Temperate,Very High,High
200,180,55,80,4,0,1,0,9,0,1,2,3,3,0,171.2,70.9,Palmate,Yellow,Tropical,Very High,High
180,200,80,55,0,4,0,1,0,9,2,1,3,3,0,181.3,73.3,Ovate,White,Tropical/Temperate,Very High,High
200,180,55,80,4,0,1,0,9,0,1,2,3,3,0,182.1,70.9,Intermediate,Intermediate,Tropical/Temperate,Very High,High
180,200,80,55,0,4,0,1,0,9,2,1,3,3,0,183.2,68.7,Intermediate,White,Tropical/Temperate,Very High,High
200,180,55,80,4,0,1,0,9,0,1,2,3,3,0,190.3,64.9,Palmate,Yellow,Tropical/Temperate,Very High,High
180,200,80,55,0,4,0,1,0,9,2,1,3,3,0,188.9,56.8,Intermediate,Intermediate,Tropical,Very High,High
200,100,55,95,4,0,1,2,9,2,1,2,3,4,0,143.9,73.2,Palmate,Yellow,Temperate,Very High,Very High
100,200,95,55,0,4,2,1,2,9,2,1,4,3,0,151.0,76.7,Intermediate,Intermediate,Tropical/Temperate,Very High,Very High
200,100,55,95,4,0,1,2,9,2,1,2,3,4,0,154.2,70.5,Intermediate,Purple,Temperate,Very High,Very High
100,200,95,55,0,4,2,1,2,9,2,1,4,3,0,144.2,74.6,Intermediate,Intermediate,Tropical/Temperate,Very High,Very High
200,100,55,95,4,0,1,2,9,2,1,2,3,4,0,149.4,72.9,Ovate,Intermediate,Temperate,Very High,Very High
100,200,95,55,0,4,2,1,2,9,2,1,4,3,0,161.6,78.9,Intermediate,Yellow,Tropical/Temperate,Very High,Very High
200,100,55,95,4,0,1,2,9,2,1,2,3,4,0,144.4,75.6,Ovate,Intermediate,Tropical/Temperate,Very High,Very High
100,200,95,55,0,4,2,1,2,9,2,1,4,3,0,151.4,76.1,Ovate,Intermediate,Tropical/Temperate,Very High,Very High
200,100,55,95,4,0,1,2,9,2,1,2,3,4,0,144.8,64.3,Intermediate,Yellow,Tropical/Temperate,Very High,Very High
100,200,95,55,0,4,2,1,2,9,2,1,4,3,0,154.9,76.6,Ovate,Yellow,Temperate,Very High,Very High
200,100,55,95,4,0,1,2,9,2,1,2,3,4,0,144.0,80.9,Ovate,Yellow,Temperate,Very High,Very High
100,200,95,55,0,4,2,1,2,9,2,1,4,3,0,149.8,76.0,Intermediate,Intermediate,Tropical/Temperate,Very High,Very High
200,100,55,95,4,0,1,2,9,2,1,2,3,4,0,154.0,79.3,Ovate,Purple,Temperate,Very High,Very High
100,200,95,55,0,4,2,1,2,9,2,1,4,3,0,147.0,74.6,Ovate,Yellow,Tropical/Temperate,Very High,Very High
200,100,55,95,4,0,1,2,9,2,1,2,3,4,0,142.1,68.3,Intermediate,Intermediate,Temperate,Very High,Very High
100,200,95,55,0,4,2,1,2,9,2,1,4,3,0,160.3,68.8,Intermediate,Intermediate,Tropical/Temperate,Very High,Very High
200,50,55,130,4,9,1,1,9,8,1,1,3,3,0,129.4,92.5,Intermediate,Yellow,Tropical/Temperate,Moderate,High
50,200,130,55,9,4,1,1,8,9,1,1,3,3,0,132.8,94.7,Palmate,Yellow,Tropical/Subtropical,Moderate,High
200,50,55,130,4,9,1,1,9,8,1,1,3,3,0,121.3,90.5,Intermediate,Yellow,Tropical/Temperate,Moderate,High
50,200,130,55,9,4,1,1,8,9,1,1,3,3,0,120.5,82.5,Intermediate,Yellow,Tropical/Subtropical,Moderate,High
200,50,55,130,4,9,1,1,9,8,1,1,3,3,0,135.3,95.0,Palmate,Yellow,Tropical/Subtropical,Moderate,High
50,200,130,55,9,4,1,1,8,9,1,1,3,3,0,129.7,101.9,Intermediate,Yellow,Tropical/Subtropical,Moderate,High
200,50,55,130,4,9,1,1,9,8,1,1,3,3,0,138.8,92.2,Intermediate,Yellow,Tropical/Subtropical,Moderate,High
50,200,130,55,9,4,1,1,8,9,1,1,3,3,0,123.9,98.3,Intermediate,Yellow,Tropical/Subtropical,Moderate,High
200,50,55,130,4,9,1,1,9,8,1,1,3,3,0,123.3,82.4,Intermediate,Yellow,Tropical/Temperate,Moderate,High
50,200,130,55,9,4,1,1,8,9,1,1,3,3,0,121.5,88.2,Intermediate,Yellow,Tropical/Temperate,Moderate,High
200,50,55,130,4,9,1,1,9,8,1,1,3,3,0,143.7,91.6,Palmate,Yellow,Tropical/Temperate,Moderate,High
50,200,130,55,9,4,1,1,8,9,1,1,3,3,0,119.2,93.5,Intermediate,Yellow,Tropical/Temperate,Moderate,High
200,50,55,130,4,9,1,1,9,8,1,1,3,3,0,115.5,92.9,Palmate,Yellow,Tropical/Subtropical,Moderate,High
50,200,130,55,9,4,1,1,8,9,1,1,3,3,0,127.6,95.3,Compound,Yellow,Tropical/Subtropical,Moderate,High
200,50,55,130,4,9,1,1,9,8,1,1,3,3,0,132.1,90.7,Intermediate,Yellow,Tropical/Temperate,Moderate,High
50,200,130,55,9,4,1,1,8,9,1,1,3,3,0,118.0,93.5,Intermediate,Yellow,Tropical/Temperate,Moderate,High
200,70,55,90,4,7,1,0,9,6,1,1,3,4,0,131.1,70.4,Palmate,White,Cool Temperate,Moderate,Very High
70,200,90,55,7,4,0,1,6,9,1,1,4,3,0,130.8,76.0,Palmate,White,Tropical/Temperate,Moderate,Very High
200,70,55,90,4,7,1,0,9,6,1,1,3,4,0,132.2,64.8,Intermediate,Intermediate,Cool Temperate,Moderate,Very High
70,200,90,55,7,4,0,1,6,9,1,1,4,3,0,132.9,73.4,Palmate,White,Tropical/Temperate,Moderate,Very High
200,70,55,90,4,7,1,0,9,6,1,1,3,4,0,135.5,68.8,Intermediate,Intermediate,Cool Temperate,Moderate,Very High
70,200,90,55,7,4,0,1,6,9,1,1,4,3,0,136.4,73.0,Intermediate,Intermediate,Cool Temperate,Moderate,Very High
200,70,55,90,4,7,1,0,9,6,1,1,3,4,0,134.3,72.4,Palmate,Intermediate,Cool Temperate,Moderate,Very High
70,200,90,55,7,4,0,1,6,9,1,1,4,3,0,141.7,71.4,Intermediate,Intermediate,Cool Temperate,Moderate,Very High
200,70,55,90,4,7,1,0,9,6,1,1,3,4,0,139.5,74.5,Palmate,Intermediate,Tropical/Temperate,Moderate,Very High
70,200,90,55,7,4,0,1,6,9,1,1,4,3,0,146.0,65.6,Pinnate,Intermediate,Cool Temperate,Moderate,Very High
200,70,55,90,4,7,1,0,9,6,1,1,3,4,0,137.7,75.1,Pinnate,Intermediate,Cool Temperate,Moderate,Very High
70,200,90,55,7,4,0,1,6,9,1,1,4,3,0,142.1,67.1,Palmate,Intermediate,Tropical/Temperate,Moderate,Very High
200,70,55,90,4,7,1,0,9,6,1,1,3,4,0,142.5,73.7,Intermediate,Intermediate,Cool Temperate,Moderate,Very High
70,200,90,55,7,4,0,1,6,9,1,1,4,3,0,139.7,75.2,Intermediate,Yellow,Tropical/Temperate,Moderate,Very High
200,70,55,90,4,7,1,0,9,6,1,1,3,4,0,133.3,74.4,Intermediate,White,Tropical/Temperate,Moderate,Very High
70,200,90,55,7,4,0,1,6,9,1,1,4,3,0,133.2,75.8,Palmate,White,Cool Temperate,Moderate,Very High
200,30,55,100,4,5,1,2,9,8,1,2,3,3,0,116.1,83.1,Cordate,Purple,Tropical/Subtropical,Very High,High
30,200,100,55,5,4,2,1,8,9,2,1,3,3,0,117.0,72.2,Intermediate,Purple,Tropical/Subtropical,Very High,High
200,30,55,100,4,5,1,2,9,8,1,2,3,3,0,116.6,84.7,Palmate,Yellow,Tropical/Subtropical,Very High,High
30,200,100,55,5,4,2,1,8,9,2,1,3,3,0,102.2,77.9,Cordate,Intermediate,Tropical/Temperate,Very High,High
200,30,55,100,4,5,1,2,9,8,1,2,3,3,0,119.4,80.4,Cordate,Intermediate,Tropical/Subtropical,Very High,High
30,200,100,55,5,4,2,1,8,9,2,1,3,3,0,107.4,77.5,Intermediate,Intermediate,Tropical/Subtropical,Very High,High
200,30,55,100,4,5,1,2,9,8,1,2,3,3,0,113.5,70.8,Intermediate,Intermediate,Tropical/Temperate,Very High,High
30,200,100,55,5,4,2,1,8,9,2,1,3,3,0,114.7,82.5,Intermediate,Yellow,Tropical/Temperate,Very High,High
200,30,55,100,4,5,1,2,9,8,1,2,3,3,0,121.0,78.4,Intermediate,Intermediate,Tropical/Temperate,Very High,High
30,200,100,55,5,4,2,1,8,9,2,1,3,3,0,109.8,82.0,Cordate,Intermediate,Tropical/Temperate,Very High,High
200,30,55,100,4,5,1,2,9,8,1,2,3,3,0,114.4,77.6,Cordate,Intermediate,Tropical/Temperate,Very High,High
30,200,100,55,5,4,2,1,8,9,2,1,3,3,0,117.6,84.0,Palmate,Purple,Tropical/Subtropical,Very High,High
200,30,55,100,4,5,1,2,9,8,1,2,3,3,0,116.5,79.2,Intermediate,Yellow,Tropical/Temperate,Very High,High
30,200,100,55,5,4,2,1,8,9,2,1,3,3,0,117.9,72.9,Palmate,Purple,Tropical/Subtropical,Very High,High
200,30,55,100,4,5,1,2,9,8,1,2,3,3,0,123.2,77.2,Cordate,Purple,Tropical/Temperate,Very High,High
30,200,100,55,5,4,2,1,8,9,2,1,3,3,0,112.9,80.6,Intermediate,Purple,Tropical/Temperate,Very High,High
200,300,55,270,4,4,1,0,9,0,1,3,3,4,0,241.2,165.9,Palmate,Intermediate,Tropical/Temperate,Very High,Very High
300,200,270,55,4,4,0,1,0,9,3,1,4,3,0,273.3,169.1,Palmate,Intermediate,Tropical/Temperate,Very High,Very High
200,300,55,270,4,4,1,0,9,0,1,3,3,4,0,234.2,179.0,Palmate,White,Tropical/Temperate,Very High,Very High
300,200,270,55,4,4,0,1,0,9,3,1,4,3,0,236.9,178.6,Palmate,Intermediate,Tropical/Temperate,Very High,Very High
200,300,55,270,4,4,1,0,9,0,1,3,3,4,0,252.5,166.2,Palmate,Yellow,Tropical,Very High,Very High
300,200,270,55,4,4,0,1,0,9,3,1,4,3,0,253.8,171.6,Palmate,Yellow,Tropical/Temperate,Very High,Very High
200,300,55,270,4,4,1,0,9,0,1,3,3,4,0,274.8,171.9,Palmate,Intermediate,Tropical,Very High,Very High
300,200,270,55,4,4,0,1,0,9,3,1,4,3,0,260.8,166.9,Palmate,Intermediate,Tropical/Temperate,Very High,Very High
200,300,55,270,4,4,1,0,9,0,1,3,3,4,0,252.1,155.4,Palmate,White,Tropical/Temperate,Very High,Very High
300,200,270,55,4,4,0,1,0,9,3,1,4,3,0,243.8,164.6,Palmate,White,Tropical/Temperate,Very High,Very High
200,300,55,270,4,4,1,0,9,0,1,3,3,4,0,240.8,176.2,Palmate,Intermediate,Tropical,Very High,Very High
300,200,270,55,4,4,0,1,0,9,3,1,4,3,0,233.4,156.4,Palmate,White,Tropical/Temperate,Very High,Very High
200,300,55,270,4,4,1,0,9,0,1,3,3,4,0,256.1,166.4,Palmate,Yellow,Tropical,Very High,Very High
300,200,270,55,4,4,0,1,0,9,3,1,4,3,0,259.4,156.8,Palmate,Intermediate,Tropical,Very High,Very High
200,300,55,270,4,4,1,0,9,0,1,3,3,4,0,242.7,173.0,Palmate,Intermediate,Tropical,Very High,Very High
300,200,270,55,4,4,0,1,0,9,3,1,4,3,0,244.2,160.8,Palmate,Intermediate,Tropical,Very High,Very High
200,50,55,70,4,6,1,1,9,6,1,1,3,3,0,129.1,63.8,Intermediate,Yellow,Cool Temperate,Moderate,High
50,200,70,55,6,4,1,1,6,9,1,1,3,3,0,128.9,63.3,Oblong,Yellow,Tropical/Temperate,Moderate,High
200,50,55,70,4,6,1,1,9,6,1,1,3,3,0,135.2,56.9,Intermediate,Yellow,Tropical/Temperate,Moderate,High
50,200,70,55,6,4,1,1,6,9,1,1,3,3,0,123.1,62.3,Palmate,Yellow,Tropical/Temperate,Moderate,High
200,50,55,70,4,6,1,1,9,6,1,1,3,3,0,129.2,62.7,Oblong,Yellow,Tropical/Temperate,Moderate,High
50,200,70,55,6,4,1,1,6,9,1,1,3,3,0,130.5,59.9,Oblong,Yellow,Cool Temperate,Moderate,High
200,50,55,70,4,6,1,1,9,6,1,1,3,3,0,132.2,60.1,Oblong,Yellow,Cool Temperate,Moderate,High
50,200,70,55,6,4,1,1,6,9,1,1,3,3,0,130.7,63.4,Intermediate,Yellow,Cool Temperate,Moderate,High
200,50,55,70,4,6,1,1,9,6,1,1,3,3,0,116.3,65.4,Oblong,Yellow,Cool Temperate,Moderate,High
50,200,70,55,6,4,1,1,6,9,1,1,3,3,0,127.6,64.7,Palmate,Yellow,Tropical/Temperate,Moderate,High
200,50,55,70,4,6,1,1,9,6,1,1,3,3,0,123.7,62.8,Intermediate,Yellow,Tropical/Temperate,Moderate,High
50,200,70,55,6,4,1,1,6,9,1,1,3,3,0,117.4,66.3,Palmate,Yellow,Cool Temperate,Moderate,High
200,50,55,70,4,6,1,1,9,6,1,1,3,3,0,125.0,57.1,Intermediate,Yellow,Cool Temperate,Moderate,High
50,200,70,55,6,4,1,1,6,9,1,1,3,3,0,127.0,59.7,Intermediate,Yellow,Cool Temperate,Moderate,High
200,50,55,70,4,6,1,1,9,6,1,1,3,3,0,125.5,68.2,Oblong,Yellow,Tropical/Temperate,Moderate,High
50,200,70,55,6,4,1,1,6,9,1,1,3,3,0,116.9,66.4,Palmate,Yellow,Tropical/Temperate,Moderate,High
200,130,55,100,4,10,1,1,9,2,1,2,3,4,0,170.1,79.3,Intermediate,Yellow,Tropical/Temperate,Very High,Very High
130,200,100,55,10,4,1,1,2,9,2,1,4,3,0,173.7,75.9,Lobed,Yellow,Tropical/Temperate,Very High,Very High
200,130,55,100,4,10,1,1,9,2,1,2,3,4,0,171.2,74.9,Intermediate,Yellow,Temperate,Very High,Very High
130,200,100,55,10,4,1,1,2,9,2,1,4,3,0,178.1,78.4,Lobed,Yellow,Temperate,Very High,Very High
200,130,55,100,4,10,1,1,9,2,1,2,3,4,0,174.1,76.4,Intermediate,Yellow,Tropical/Temperate,Very High,Very High
130,200,100,55,10,4,1,1,2,9,2,1,4,3,0,156.9,81.7,Intermediate,Yellow,Tropical/Temperate,Very High,Very High
200,130,55,100,4,10,1,1,9,2,1,2,3,4,0,161.3,74.9,Intermediate,Yellow,Tropical/Temperate,Very High,Very High
130,200,100,55,10,4,1,1,2,9,2,1,4,3,0,160.1,76.0,Intermediate,Yellow,Tropical/Temperate,Very High,Very High
200,130,55,100,4,10,1,1,9,2,1,2,3,4,0,163.8,78.3,Lobed,Yellow,Temperate,Very High,Very High
130,200,100,55,10,4,1,1,2,9,2,1,4,3,0,168.1,71.6,Intermediate,Yellow,Tropical/Temperate,Very High,Very High
200,130,55,100,4,10,1,1,9,2,1,2,3,4,0,165.3,75.2,Palmate,Yellow,Temperate,Very High,Very High
130,200,100,55,10,4,1,1,2,9,2,1,4,3,0,176.9,77.6,Intermediate,Yellow,Temperate,Very High,Very High
200,130,55,100,4,10,1,1,9,2,1,2,3,4,0,170.6,77.7,Palmate,Yellow,Tropical/Temperate,Very High,Very High
130,200,100,55,10,4,1,1,2,9,2,1,4,3,0,158.6,80.3,Intermediate,Yellow,Tropical/Temperate,Very High,Very High
200,130,55,100,4,10,1,1,9,2,1,2,3,4,0,165.2,81.3,Intermediate,Yellow,Temperate,Very High,Very High
130,200,100,55,10,4,1,1,2,9,2,1,4,3,0,150.4,71.0,Palmate,Yellow,Temperate,Very High,Very High
200,150,55,150,4,4,1,0,9,1,1,1,3,3,0,190.6,105.7,Palmate,Intermediate,Tropical/Temperate,Moderate,High
150,200,150,55,4,4,0,1,1,9,1,1,3,3,0,173.9,102.3,Palmate,Intermediate,Tropical/Temperate,Moderate,High
200,150,55,150,4,4,1,0,9,1,1,1,3,3,0,174.4,104.0,Palmate,White,Subtropical,Moderate,High
150,200,150,55,4,4,0,1,1,9,1,1,3,3,0,170.8,100.7,Palmate,Intermediate,Tropical/Temperate,Moderate,High
200,150,55,150,4,4,1,0,9,1,1,1,3,3,0,177.8,103.4,Palmate,Yellow,Tropical/Temperate,Moderate,High
150,200,150,55,4,4,0,1,1,9,1,1,3,3,0,168.3,107.8,Palmate,Yellow,Subtropical,Moderate,High
200,150,55,150,4,4,1,0,9,1,1,1,3,3,0,167.8,93.4,Palmate,Yellow,Subtropical,Moderate,High
150,200,150,55,4,4,0,1,1,9,1,1,3,3,0,192.1,99.1,Palmate,Intermediate,Tropical/Temperate,Moderate,High
200,150,55,150,4,4,1,0,9,1,1,1,3,3,0,165.8,102.0,Palmate,Intermediate,Subtropical,Moderate,High
150,200,150,55,4,4,0,1,1,9,1,1,3,3,0,158.6,112.1,Palmate,Yellow,Tropical/Temperate,Moderate,High
200,150,55,150,4,4,1,0,9,1,1,1,3,3,0,174.6,98.5,Palmate,Intermediate,Tropical/Temperate,Moderate,High
150,200,150,55,4,4,0,1,1,9,1,1,3,3,0,174.1,102.2,Palmate,Yellow,Tropical/Temperate,Moderate,High
200,150,55,150,4,4,1,0,9,1,1,1,3,3,0,170.8,103.2,Palmate,Yellow,Subtropical,Moderate,High
150,200,150,55,4,4,0,1,1,9,1,1,3,3,0,175.8,110.9,Palmate,Yellow,Subtropical,Moderate,High
200,150,55,150,4,4,1,0,9,1,1,1,3,3,0,181.5,104.9,Palmate,White,Tropical/Temperate,Moderate,High
150,200,150,55,4,4,0,1,1,9,1,1,3,3,0,153.8,96.5,Palmate,Intermediate,Subtropical,Moderate,High
200,200,55,170,4,4,1,1,9,0,1,2,3,1,0,212.8,110.2,Palmate,Yellow,Tropical,Very High,High
200,200,170,55,4,4,1,1,0,9,2,1,1,3,0,215.3,115.2,Palmate,Yellow,Tropical,Very High,High
200,200,55,170,4,4,1,1,9,0,1,2,3,1,0,209.6,105.5,Palmate,Yellow,Tropical,Very High,High
200,200,170,55,4,4,1,1,0,9,2,1,1,3,0,191.2,117.8,Palmate,Yellow,Tropical/Temperate,Very High,High
200,200,55,170,4,4,1,1,9,0,1,2,3,1,0,206.7,115.2,Palmate,Yellow,Tropical/Temperate,Very High,High
200,200,170,55,4,4,1,1,0,9,2,1,1,3,0,194.4,106.9,Palmate,Yellow,Tropical,Very High,High
200,200,55,170,4,4,1,1,9,0,1,2,3,1,0,194.4,109.8,Palmate,Yellow,Tropical,Very High,High
200,200,170,55,4,4,1,1,0,9,2,1,1,3,0,205.0,118.3,Palmate,Yellow,Tropical,Very High,High
200,200,55,170,4,4,1,1,9,0,1,2,3,1,0,212.6,109.1,Palmate,Yellow,Tropical/Temperate,Very High,High
200,200,170,55,4,4,1,1,0,9,2,1,1,3,0,211.1,117.7,Palmate,Yellow,Tropical/Temperate,Very High,High
200,200,55,170,4,4,1,1,9,0,1,2,3,1,0,208.2,117.1,Palmate,Yellow,Tropical,Very High,High
200,200,170,55,4,4,1,1,0,9,2,1,1,3,0,193.4,118.9,Palmate,Yellow,Tropical,Very High,High
200,200,55,170,4,4,1,1,9,0,1,2,3,1,0,215.4,114.7,Palmate,Yellow,Tropical/Temperate,Very High,High
200,200,170,55,4,4,1,1,0,9,2,1,1,3,0,205.8,120.1,Palmate,Yellow,Tropical/Temperate,Very High,High
200,200,55,170,4,4,1,1,9,0,1,2,3,1,0,199.6,112.2,Palmate,Yellow,Tropical/Temperate,Very High,High
200,200,170,55,4,4,1,1,0,9,2,1,1,3,0,202.5,108.6,Palmate,Yellow,Tropical/Temperate,Very High,High
200,180,55,90,4,2,1,3,9,8,1,1,3,3,0,192.0,74.6,Intermediate,Intermediate,Tropical/Temperate,Moderate,High
180,200,90,55,2,4,3,1,8,9,1,1,3,3,0,200.1,68.0,Palmate,Intermediate,Tropical/Temperate,Moderate,High
200,180,55,90,4,2,1,3,9,8,1,1,3,3,0,183.1,69.9,Palmate,Intermediate,Tropical/Temperate,Moderate,High
180,200,90,55,2,4,3,1,8,9,1,1,3,3,0,176.2,71.9,Intermediate,Pink,Tropical/Subtropical,Moderate,High
200,180,55,90,4,2,1,3,9,8,1,1,3,3,0,204.7,71.4,Elliptical,Intermediate,Tropical/Subtropical,Moderate,High
180,200,90,55,2,4,3,1,8,9,1,1,3,3,0,188.3,76.8,Elliptical,Pink,Tropical/Subtropical,Moderate,High
200,180,55,90,4,2,1,3,9,8,1,1,3,3,0,182.4,69.8,Palmate,Yellow,Tropical/Temperate,Moderate,High
180,200,90,55,2,4,3,1,8,9,1,1,3,3,0,200.5,74.6,Elliptical,Pink,Tropical/Temperate,Moderate,High
200,180,55,90,4,2,1,3,9,8,1,1,3,3,0,185.4,70.0,Intermediate,Pink,Tropical/Subtropical,Moderate,High
180,200,90,55,2,4,3,1,8,9,1,1,3,3,0,191.5,68.3,Intermediate,Intermediate,Tropical/Temperate,Moderate,High
200,180,55,90,4,2,1,3,9,8,1,1,3,3,0,179.2,71.0,Elliptical,Yellow,Tropical/Temperate,Moderate,High
180,200,90,55,2,4,3,1,8,9,1,1,3,3,0,202.6,67.4,Palmate,Yellow,Tropical/Subtropical,Moderate,High
200,180,55,90,4,2,1,3,9,8,1,1,3,3,0,183.7,79.6,Intermediate,Intermediate,Tropical/Temperate,Moderate,High
180,200,90,55,2,4,3,1,8,9,1,1,3,3,0,180.8,74.7,Intermediate,Yellow,Tropical/Temperate,Moderate,High
200,180,55,90,4,2,1,3,9,8,1,1,3,3,0,192.7,69.4,Elliptical,Yellow,Tropical/Temperate,Moderate,High
180,200,90,55,2,4,3,1,8,9,1,1,3,3,0,194.2,68.9,Palmate,Intermediate,Tropical/Subtropical,Moderate,High
200,100,55,80,4,0,1,1,9,2,1,3,3,1,0,160.5,63.9,Palmate,Yellow,Temperate,Very High,High
100,200,80,55,0,4,1,1,2,9,3,1,1,3,0,151.0,67.4,Intermediate,Yellow,Temperate,Very High,High
200,100,55,80,4,0,1,1,9,2,1,3,3,1,0,144.7,71.4,Palmate,Yellow,Tropical/Temperate,Very High,High
100,200,80,55,0,4,1,1,2,9,3,1,1,3,0,151.5,66.6,Ovate,Yellow,Tropical/Temperate,Very High,High
200,100,55,80,4,0,1,1,9,2,1,3,3,1,0,156.5,63.7,Intermediate,Yellow,Tropical/Temperate,Very High,High
100,200,80,55,0,4,1,1,2,9,3,1,1,3,0,134.4,67.5,Palmate,Yellow,Tropical/Temperate,Very High,High
200,100,55,80,4,0,1,1,9,2,1,3,3,1,0,137.6,68.3,Palmate,Yellow,Tropical/Temperate,Very High,High
100,200,80,55,0,4,1,1,2,9,3,1,1,3,0,162.6,70.5,Ovate,Yellow,Tropical/Temperate,Very High,High
200,100,55,80,4,0,1,1,9,2,1,3,3,1,0,154.3,67.2,Palmate,Yellow,Temperate,Very High,High
100,200,80,55,0,4,1,1,2,9,3,1,1,3,0,148.5,69.1,Ovate,Yellow,Temperate,Very High,High
200,100,55,80,4,0,1,1,9,2,1,3,3,1,0,150.8,71.3,Palmate,Yellow,Temperate,Very High,High
100,200,80,55,0,4,1,1,2,9,3,1,1,3,0,147.1,64.9,Intermediate,Yellow,Tropical/Temperate,Very High,High
200,100,55,80,4,0,1,1,9,2,1,3,3,1,0,147.0,67.7,Intermediate,Yellow,Tropical/Temperate,Very High,High
100,200,80,55,0,4,1,1,2,9,3,1,1,3,0,147.2,69.1,Intermediate,Yellow,Tropical/Temperate,Very High,High
200,100,55,80,4,0,1,1,9,2,1,3,3,1,0,155.3,69.2,Intermediate,Yellow,Temperate,Very High,High
100,200,80,55,0,4,1,1,2,9,3,1,1,3,0,158.9,63.4,Intermediate,Yellow,Tropical/Temperate,Very High,High
200,300,55,110,4,3,1,0,9,4,1,3,3,3,0,256.8,79.4,Intermediate,Yellow,Arid,Very High,High
300,200,110,55,3,4,0,1,4,9,3,1,3,3,0,279.7,73.8,Intermediate,Intermediate,Tropical/Temperate,Very High,High
200,300,55,110,4,3,1,0,9,4,1,3,3,3,0,270.5,82.2,Intermediate,Yellow,Tropical/Temperate,Very High,High
300,200,110,55,3,4,0,1,4,9,3,1,3,3,0,235.7,81.2,Palmate,Intermediate,Tropical/Temperate,Very High,High
200,300,55,110,4,3,1,0,9,4,1,3,3,3,0,256.0,81.6,Palmate,White,Arid,Very High,High
300,200,110,55,3,4,0,1,4,9,3,1,3,3,0,266.7,81.6,Linear,Intermediate,Arid,Very High,High
200,300,55,110,4,3,1,0,9,4,1,3,3,3,0,214.2,80.3,Linear,Yellow,Tropical/Temperate,Very High,High
300,200,110,55,3,4,0,1,4,9,3,1,3,3,0,244.7,85.5,Intermediate,Intermediate,Tropical/Temperate,Very High,High
200,300,55,110,4,3,1,0,9,4,1,3,3,3,0,254.1,74.8,Intermediate,Yellow,Tropical/Temperate,Very High,High
300,200,110,55,3,4,0,1,4,9,3,1,3,3,0,250.9,82.8,Intermediate,White,Arid,Very High,High
200,300,55,110,4,3,1,0,9,4,1,3,3,3,0,252.6,89.4,Intermediate,Yellow,Tropical/Temperate,Very High,High
300,200,110,55,3,4,0,1,4,9,3,1,3,3,0,259.4,80.9,Linear,Yellow,Arid,Very High,High
200,300,55,110,4,3,1,0,9,4,1,3,3,3,0,265.4,86.1,Intermediate,White,Arid,Very High,High
300,200,110,55,3,4,0,1,4,9,3,1,3,3,0,260.8,86.1,Palmate,Intermediate,Arid,Very High,High
200,300,55,110,4,3,1,0,9,4,1,3,3,3,0,260.6,81.3,Intermediate,Intermediate,Tropical/Temperate,Very High,High
300,200,110,55,3,4,0,1,4,9,3,1,3,3,0,241.1,86.9,Intermediate,Intermediate,Tropical/Temperate,Very High,High
200,250,55,90,4,3,1,2,9,5,1,3,3,1,0,246.1,74.0,Linear,Purple,Semi-Arid,Very High,High
250,200,90,55,3,4,2,1,5,9,3,1,1,3,0,213.3,74.2,Palmate,Purple,Semi-Arid,Very High,High
200,250,55,90,4,3,1,2,9,5,1,3,3,1,0,228.6,71.3,Linear,Intermediate,Tropical/Temperate,Very High,High
250,200,90,55,3,4,2,1,5,9,3,1,1,3,0,227.1,75.9,Intermediate,Intermediate,Tropical/Temperate,Very High,High
200,250,55,90,4,3,1,2,9,5,1,3,3,1,0,237.4,71.9,Palmate,Intermediate,Semi-Arid,Very High,High
250,200,90,55,3,4,2,1,5,9,3,1,1,3,0,230.2,77.4,Linear,Yellow,Tropical/Temperate,Very High,High
200,250,55,90,4,3,1,2,9,5,1,3,3,1,0,225.0,66.8,Intermediate,Intermediate,Semi-Arid,Very High,High
250,200,90,55,3,4,2,1,5,9,3,1,1,3,0,230.9,71.4,Intermediate,Intermediate,Tropical/Temperate,Very High,High
200,250,55,90,4,3,1,2,9,5,1,3,3,1,0,209.0,70.2,Palmate,Yellow,Tropical/Temperate,Very High,High
250,200,90,55,3,4,2,1,5,9,3,1,1,3,0,229.5,70.6,Palmate,Purple,Semi-Arid,Very High,High
200,250,55,90,4,3,1,2,9,5,1,3,3,1,0,221.2,77.1,Intermediate,Yellow,Semi-Arid,Very High,High
250,200,90,55,3,4,2,1,5,9,3,1,1,3,0,241.5,70.9,Linear,Intermediate,Semi-Arid,Very High,High
200,250,55,90,4,3,1,2,9,5,1,3,3,1,0,224.7,70.2,Linear,Intermediate,Tropical/Temperate,Very High,High
250,200,90,55,3,4,2,1,5,9,3,1,1,3,0,226.8,73.4,Palmate,Intermediate,Tropical/Temperate,Very High,High
200,250,55,90,4,3,1,2,9,5,1,3,3,1,0,239.0,74.7,Palmate,Purple,Tropical/Temperate,Very High,High
250,200,90,55,3,4,2,1,5,9,3,1,1,3,0,225.4,69.1,Intermediate,Purple,Semi-Arid,Very High,High
200,100,55,65,4,7,1,1,9,0,1,2,3,3,0,144.2,59.8,Intermediate,Yellow,Tropical,Very High,High
100,200,65,55,7,4,1,1,0,9,2,1,3,3,0,145.6,56.8,Pinnate,Yellow,Tropical,Very High,High
200,100,55,65,4,7,1,1,9,0,1,2,3,3,0,154.2,56.4,Intermediate,Yellow,Tropical/Temperate,Very High,High
100,200,65,55,7,4,1,1,0,9,2,1,3,3,0,147.7,62.3,Palmate,Yellow,Tropical,Very High,High
200,100,55,65,4,7,1,1,9,0,1,2,3,3,0,141.0,63.3,Palmate,Yellow,Tropical/Temperate,Very High,High
100,200,65,55,7,4,1,1,0,9,2,1,3,3,0,139.6,54.0,Palmate,Yellow,Tropical/Temperate,Very High,High
200,100,55,65,4,7,1,1,9,0,1,2,3,3,0,157.5,63.9,Intermediate,Yellow,Tropical,Very High,High
100,200,65,55,7,4,1,1,0,9,2,1,3,3,0,146.9,59.3,Intermediate,Yellow,Tropical/Temperate,Very High,High
200,100,55,65,4,7,1,1,9,0,1,2,3,3,0,152.3,58.4,Intermediate,Yellow,Tropical/Temperate,Very High,High
100,200,65,55,7,4,1,1,0,9,2,1,3,3,0,157.8,59.8,Palmate,Yellow,Tropical/Temperate,Very High,High
200,100,55,65,4,7,1,1,9,0,1,2,3,3,0,157.9,61.2,Intermediate,Yellow,Tropical/Temperate,Very High,High
100,200,65,55,7,4,1,1,0,9,2,1,3,3,0,151.1,57.8,Pinnate,Yellow,Tropical/Temperate,Very High,High
200,100,55,65,4,7,1,1,9,0,1,2,3,3,0,152.9,58.2,Pinnate,Yellow,Tropical,Very High,High
100,200,65,55,7,4,1,1,0,9,2,1,3,3,0,141.7,62.5,Palmate,Yellow,Tropical/Temperate,Very High,High
200,100,55,65,4,7,1,1,9,0,1,2,3,3,0,162.0,64.4,Palmate,Yellow,Tropical/Temperate,Very High,High
100,200,65,55,7,4,1,1,0,9,2,1,3,3,0,145.5,56.8,Intermediate,Yellow,Tropical,Very High,High
200,30,55,75,4,7,1,0,9,6,1,1,3,3,0,107.6,63.6,Intermediate,Intermediate,Tropical/Temperate,Moderate,High
30,200,75,55,7,4,0,1,6,9,1,1,3,3,0,107.0,65.9,Palmate,Intermediate,Cool Temperate,Moderate,High
200,30,55,75,4,7,1,0,9,6,1,1,3,3,0,114.5,63.7,Palmate,Yellow,Tropical/Temperate,Moderate,High
30,200,75,55,7,4,0,1,6,9,1,1,3,3,0,107.8,67.8,Palmate,Intermediate,Tropical/Temperate,Moderate,High
200,30,55,75,4,7,1,0,9,6,1,1,3,3,0,111.7,68.1,Palmate,White,Tropical/Temperate,Moderate,High
30,200,75,55,7,4,0,1,6,9,1,1,3,3,0,116.2,65.5,Intermediate,Intermediate,Tropical/Temperate,Moderate,High
200,30,55,75,4,7,1,0,9,6,1,1,3,3,0,123.8,62.8,Palmate,Intermediate,Cool Temperate,Moderate,High
30,200,75,55,7,4,0,1,6,9,1,1,3,3,0,117.5,62.8,Palmate,White,Cool Temperate,Moderate,High
200,30,55,75,4,7,1,0,9,6,1,1,3,3,0,117.6,64.2,Pinnate,Intermediate,Cool Temperate,Moderate,High
30,200,75,55,7,4,0,1,6,9,1,1,3,3,0,115.9,75.1,Intermediate,Intermediate,Tropical/Temperate,Moderate,High
200,30,55,75,4,7,1,0,9,6,1,1,3,3,0,110.1,64.6,Intermediate,Intermediate,Tropical/Temperate,Moderate,High
30,200,75,55,7,4,0,1,6,9,1,1,3,3,0,113.6,69.1,Pinnate,Intermediate,Tropical/Temperate,Moderate,High
200,30,55,75,4,7,1,0,9,6,1,1,3,3,0,116.1,68.0,Intermediate,Yellow,Tropical/Temperate,Moderate,High
30,200,75,55,7,4,0,1,6,9,1,1,3,3,0,120.9,62.6,Palmate,Intermediate,Tropical/Temperate,Moderate,High
200,30,55,75,4,7,1,0,9,6,1,1,3,3,0,113.8,62.5,Intermediate,Intermediate,Tropical/Temperate,Moderate,High
30,200,75,55,7,4,0,1,6,9,1,1,3,3,0,107.5,64.4,Intermediate,White,Cool Temperate,Moderate,High
150,60,75,60,4,0,1,0,4,2,1,1,3,3,0,107.0,69.2,Ovate,Intermediate,Arid,Moderate,High
60,150,60,75,0,4,0,1,2,4,1,1,3,3,0,110.9,64.2,Ovate,White,Temperate,Moderate,High
150,60,75,60,4,0,1,0,4,2,1,1,3,3,0,101.3,61.1,Ovate,Intermediate,Temperate,Moderate,High
60,150,60,75,0,4,0,1,2,4,1,1,3,3,0,106.7,67.7,Palmate,Intermediate,Temperate,Moderate,High
150,60,75,60,4,0,1,0,4,2,1,1,3,3,0,100.1,65.9,Palmate,White,Temperate,Moderate,High
60,150,60,75,0,4,0,1,2,4,1,1,3,3,0,94.7,65.4,Ovate,Intermediate,Arid,Moderate,High
150,60,75,60,4,0,1,0,4,2,1,1,3,3,0,97.8,61.2,Palmate,Yellow,Arid,Moderate,High
60,150,60,75,0,4,0,1,2,4,1,1,3,3,0,92.8,67.4,Intermediate,Intermediate,Arid,Moderate,High
150,60,75,60,4,0,1,0,4,2,1,1,3,3,0,99.0,69.7,Intermediate,White,Temperate,Moderate,High
60,150,60,75,0,4,0,1,2,4,1,1,3,3,0,102.4,71.5,Ovate,White,Arid,Moderate,High
150,60,75,60,4,0,1,0,4,2,1,1,3,3,0,95.9,65.9,Intermediate,Yellow,Arid,Moderate,High
60,150,60,75,0,4,0,1,2,4,1,1,3,3,0,106.1,68.4,Intermediate,Intermediate,Arid,Moderate,High
150,60,75,60,4,0,1,0,4,2,1,1,3,3,0,105.6,74.2,Intermediate,White,Arid,Moderate,High
60,150,60,75,0,4,0,1,2,4,1,1,3,3,0,104.6,68.7,Intermediate,Yellow,Temperate,Moderate,High
150,60,75,60,4,0,1,0,4,2,1,1,3,3,0,112.3,64.8,Ovate,Yellow,Temperate,Moderate,High
60,150,60,75,0,4,0,1,2,4,1,1,3,3,0,98.6,70.1,Palmate,Intermediate,Arid,Moderate,High
150,180,75,80,4,0,1,0,4,0,1,2,3,3,0,169.4,82.4,Palmate,Yellow,Tropical,Very High,High
180,150,80,75,0,4,0,1,0,4,2,1,3,3,0,164.8,78.2,Ovate,Intermediate,Tropical,Very High,High
150,180,75,80,4,0,1,0,4,0,1,2,3,3,0,159.0,73.5,Palmate,White,Arid,Very High,High
180,150,80,75,0,4,0,1,0,4,2,1,3,3,0,184.4,80.2,Ovate,White,Arid,Very High,High
150,180,75,80,4,0,1,0,4,0,1,2,3,3,0,169.1,80.6,Ovate,Intermediate,Arid,Very High,High
180,150,80,75,0,4,0,1,0,4,2,1,3,3,0,171.6,79.0,Palmate,White,Tropical,Very High,High
150,180,75,80,4,0,1,0,4,0,1,2,3,3,0,168.3,74.9,Intermediate,Intermediate,Arid,Very High,High
180,150,80,75,0,4,0,1,0,4,2,1,3,3,0,163.9,68.2,Intermediate,Intermediate,Tropical,Very High,High
150,180,75,80,4,0,1,0,4,0,1,2,3,3,0,169.4,84.1,Intermediate,Intermediate,Arid,Very High,High
180,150,80,75,0,4,0,1,0,4,2,1,3,3,0,170.2,74.1,Intermediate,Yellow,Arid,Very High,High
150,180,75,80,4,0,1,0,4,0,1,2,3,3,0,155.0,75.4,Ovate,White,Arid,Very High,High
180,150,80,75,0,4,0,1,0,4,2,1,3,3,0,172.9,77.7,Ovate,Yellow,Arid,Very High,High
150,180,75,80,4,0,1,0,4,0,1,2,3,3,0,173.4,70.7,Intermediate,Intermediate,Tropical,Very High,High
180,150,80,75,0,4,0,1,0,4,2,1,3,3,0,163.1,79.6,Intermediate,White,Tropical,Very High,High
150,180,75,80,4,0,1,0,4,0,1,2,3,3,0,162.1,70.1,Ovate,Yellow,Tropical,Very High,High
180,150,80,75,0,4,0,1,0,4,2,1,3,3,0,163.6,71.7,Palmate,Yellow,Arid,Very High,High
150,100,75,95,4,0,1,2,4,2,1,2,3,4,0,133.4,83.1,Ovate,Yellow,Arid,Very High,Very High
100,150,95,75,0,4,2,1,2,4,2,1,4,3,0,134.2,86.0,Palmate,Intermediate,Temperate,Very High,Very High
150,100,75,95,4,0,1,2,4,2,1,2,3,4,0,121.6,85.9,Ovate,Yellow,Temperate,Very High,Very High
100,150,95,75,0,4,2,1,2,4,2,1,4,3,0,131.8,83.2,Intermediate,Intermediate,Arid,Very High,Very High
150,100,75,95,4,0,1,2,4,2,1,2,3,4,0,119.1,84.6,Intermediate,Intermediate,Temperate,Very High,Very High
100,150,95,75,0,4,2,1,2,4,2,1,4,3,0,130.1,90.6,Intermediate,Intermediate,Arid,Very High,Very High
150,100,75,95,4,0,1,2,4,2,1,2,3,4,0,122.5,85.9,Palmate,Purple,Arid,Very High,Very High
100,150,95,75,0,4,2,1,2,4,2,1,4,3,0,125.5,79.4,Palmate,Intermediate,Arid,Very High,Very High
150,100,75,95,4,0,1,2,4,2,1,2,3,4,0,118.1,83.9,Intermediate,Intermediate,Arid,Very High,Very High
100,150,95,75,0,4,2,1,2,4,2,1,4,3,0,112.7,85.3,Ovate,Intermediate,Arid,Very High,Very High
150,100,75,95,4,0,1,2,4,2,1,2,3,4,0,132.0,83.5,Palmate,Intermediate,Temperate,Very High,Very High
100,150,95,75,0,4,2,1,2,4,2,1,4,3,0,125.4,80.3,Palmate,Intermediate,Temperate,Very High,Very High
150,100,75,95,4,0,1,2,4,2,1,2,3,4,0,130.9,81.8,Intermediate,Yellow,Temperate,Very High,Very High
100,150,95,75,0,4,2,1,2,4,2,1,4,3,0,122.1,80.7,Ovate,Intermediate,Temperate,Very High,Very High
150,100,75,95,4,0,1,2,4,2,1,2,3,4,0,126.9,93.9,Palmate,Intermediate,Arid,Very High,Very High
100,150,95,75,0,4,2,1,2,4,2,1,4,3,0,122.8,80.4,Palmate,Intermediate,Temperate,Very High,Very High
150,50,75,130,4,9,1,1,4,8,1,1,3,3,0,96.0,100.7,Palmate,Yellow,Arid,Moderate,High
50,150,130,75,9,4,1,1,8,4,1,1,3,3,0,93.6,100.6,Intermediate,Yellow,Tropical/Subtropical,Moderate,High
150,50,75,130,4,9,1,1,4,8,1,1,3,3,0,94.4,110.5,Intermediate,Yellow,Arid,Moderate,High
50,150,130,75,9,4,1,1,8,4,1,1,3,3,0,104.9,99.0,Intermediate,Yellow,Arid,Moderate,High
150,50,75,130,4,9,1,1,4,8,1,1,3,3,0,99.6,111.5,Intermediate,Yellow,Tropical/Subtropical,Moderate,High
50,150,130,75,9,4,1,1,8,4,1,1,3,3,0,101.1,102.7,Intermediate,Yellow,Tropical/Subtropical,Moderate,High
150,50,75,130,4,9,1,1,4,8,1,1,3,3,0,106.8,107.1,Compound,Yellow,Arid,Moderate,High
50,150,130,75,9,4,1,1,8,4,1,1,3,3,0,101.0,92.7,Intermediate,Yellow,Arid,Moderate,High
150,50,75,130,4,9,1,1,4,8,1,1,3,3,0,106.0,103.2,Palmate,Yellow,Arid,Moderate,High
50,150,130,75,9,4,1,1,8,4,1,1,3,3,0,99.8,99.0,Intermediate,Yellow,Arid,Moderate,High
150,50,75,130,4,9,1,1,4,8,1,1,3,3,0,107.3,98.4,Intermediate,Yellow,Tropical/Subtropical,Moderate,High
50,150,130,75,9,4,1,1,8,4,1,1,3,3,0,100.0,104.5,Intermediate,Yellow,Tropical/Subtropical,Moderate,High
150,50,75,130,4,9,1,1,4,8,1,1,3,3,0,100.8,105.2,Intermediate,Yellow,Arid,Moderate,High
50,150,130,75,9,4,1,1,8,4,1,1,3,3,0,100.8,111.1,Compound,Yellow,Arid,Moderate,High
150,50,75,130,4,9,1,1,4,8,1,1,3,3,0,103.8,114.3,Intermediate,Yellow,Tropical/Subtropical,Moderate,High
50,150,130,75,9,4,1,1,8,4,1,1,3,3,0,97.1,99.9,Intermediate,Yellow,Arid,Moderate,High
150,70,75,90,4,7,1,0,4,6,1,1,3,4,0,122.4,83.4,Intermediate,Yellow,Cool Temperate,Moderate,Very High
70,150,90,75,7,4,0,1,6,4,1,1,4,3,0,110.9,82.0,Pinnate,White,Arid,Moderate,Very High
150,70,75,90,4,7,1,0,4,6,1,1,3,4,0,103.0,86.1,Intermediate,White,Cool Temperate,Moderate,Very High
70,150,90,75,7,4,0,1,6,4,1,1,4,3,0,114.8,83.4,Pinnate,Intermediate,Arid,Moderate,Very High
150,70,75,90,4,7,1,0,4,6,1,1,3,4,0,109.3,85.3,Intermediate,Intermediate,Arid,Moderate,Very High
70,150,90,75,7,4,0,1,6,4,1,1,4,3,0,104.6,85.5,Intermediate,Yellow,Cool Temperate,Moderate,Very High
150,70,75,90,4,7,1,0,4,6,1,1,3,4,0,111.6,82.9,Intermediate,Yellow,Arid,Moderate,Very High
70,150,90,75,7,4,0,1,6,4,1,1,4,3,0,109.9,76.5,Pinnate,Intermediate,Cool Temperate,Moderate,Very High
150,70,75,90,4,7,1,0,4,6,1,1,3,4,0,113.5,78.5,Palmate,Intermediate,Cool Temperate,Moderate,Very High
70,150,90,75,7,4,0,1,6,4,1,1,4,3,0,106.9,81.8,Palmate,Intermediate,Arid,Moderate,Very High
150,70,75,90,4,7,1,0,4,6,1,1,3,4,0,119.5,81.4,Pinnate,Intermediate,Arid,Moderate,Very High
70,150,90,75,7,4,0,1,6,4,1,1,4,3,0,103.3,83.9,Intermediate,White,Arid,Moderate,Very High
150,70,75,90,4,7,1,0,4,6,1,1,3,4,0,114.4,86.4,Pinnate,Yellow,Cool Temperate,Moderate,Very High
70,150,90,75,7,4,0,1,6,4,1,1,4,3,0,105.5,81.5,Intermediate,White,Arid,Moderate,Very High
150,70,75,90,4,7,1,0,4,6,1,1,3,4,0,111.5,76.2,Intermediate,Yellow,Cool Temperate,Moderate,Very High
70,150,90,75,7,4,0,1,6,4,1,1,4,3,0,115.3,79.1,Palmate,Intermediate,Arid,Moderate,Very High
150,30,75,100,4,5,1,2,4,8,1,2,3,3,0,91.3,83.7,Intermediate,Purple,Arid,Very High,High
30,150,100,75,5,4,2,1,8,4,2,1,3,3,0,94.5,88.0,Intermediate,Yellow,Tropical/Subtropical,Very High,High
150,30,75,100,4,5,1,2,4,8,1,2,3,3,0,88.3,86.6,Palmate,Intermediate,Arid,Very High,High
30,150,100,75,5,4,2,1,8,4,2,1,3,3,0,91.7,90.0,Cordate,Intermediate,Tropical/Subtropical,Very High,High
150,30,75,100,4,5,1,2,4,8,1,2,3,3,0,87.1,86.0,Intermediate,Yellow,Tropical/Subtropical,Very High,High
30,150,100,75,5,4,2,1,8,4,2,1,3,3,0,83.9,79.5,Intermediate,Yellow,Arid,Very High,High
150,30,75,100,4,5,1,2,4,8,1,2,3,3,0,88.7,81.1,Palmate,Intermediate,Tropical/Subtropical,Very High,High
30,150,100,75,5,4,2,1,8,4,2,1,3,3,0,89.9,88.6,Palmate,Intermediate,Tropical/Subtropical,Very High,High
150,30,75,100,4,5,1,2,4,8,1,2,3,3,0,95.0,94.2,Intermediate,Yellow,Arid,Very High,High
30,150,100,75,5,4,2,1,8,4,2,1,3,3,0,89.1,85.8,Intermediate,Purple,Tropical/Subtropical,Very High,High
150,30,75,100,4,5,1,2,4,8,1,2,3,3,0,91.5,77.4,Intermediate,Purple,Tropical/Subtropical,Very High,High
30,150,100,75,5,4,2,1,8,4,2,1,3,3,0,90.3,90.9,Intermediate,Yellow,Arid,Very High,High
150,30,75,100,4,5,1,2,4,8,1,2,3,3,0,79.7,93.7,Palmate,Purple,Tropical/Subtropical,Very High,High
30,150,100,75,5,4,2,1,8,4,2,1,3,3,0,92.5,90.1,Cordate,Intermediate,Arid,Very High,High
150,30,75,100,4,5,1,2,4,8,1,2,3,3,0,85.7,88.2,Intermediate,Yellow,Tropical/Subtropical,Very High,High
30,150,100,75,5,4,2,1,8,4,2,1,3,3,0,84.1,90.4,Intermediate,Intermediate,Arid,Very High,High
150,300,75,270,4,4,1,0,4,0,1,3,3,4,0,231.1,183.4,Palmate,Yellow,Tropical,Very High,Very High
300,150,270,75,4,4,0,1,0,4,3,1,4,3,0,226.2,163.9,Palmate,White,Tropical,Very High,Very High
150,300,75,270,4,4,1,0,4,0,1,3,3,4,0,227.8,170.5,Palmate,Yellow,Arid,Very High,Very High
300,150,270,75,4,4,0,1,0,4,3,1,4,3,0,212.3,185.0,Palmate,Intermediate,Arid,Very High,Very High
150,300,75,270,4,4,1,0,4,0,1,3,3,4,0,211.1,176.2,Palmate,Intermediate,Tropical,Very High,Very High
300,150,270,75,4,4,0,1,0,4,3,1,4,3,0,242.9,175.9,Palmate,Intermediate,Arid,Very High,Very High
150,300,75,270,4,4,1,0,4,0,1,3,3,4,0,225.4,176.2,Palmate,Yellow,Arid,Very High,Very High
300,150,270,75,4,4,0,1,0,4,3,1,4,3,0,227.7,180.0,Palmate,White,Arid,Very High,Very High
150,300,75,270,4,4,1,0,4,0,1,3,3,4,0,238.9,171.3,Palmate,Yellow,Arid,Very High,Very High
300,150,270,75,4,4,0,1,0,4,3,1,4,3,0,230.1,157.4,Palmate,Intermediate,Arid,Very High,Very High
150,300,75,270,4,4,1,0,4,0,1,3,3,4,0,220.7,190.3,Palmate,Yellow,Tropical,Very High,Very High
300,150,270,75,4,4,0,1,0,4,3,1,4,3,0,221.7,164.5,Palmate,Intermediate,Tropical,Very High,Very High
150,300,75,270,4,4,1,0,4,0,1,3,3,4,0,230.0,183.0,Palmate,Intermediate,Tropical,Very High,Very High
300,150,270,75,4,4,0,1,0,4,3,1,4,3,0,230.4,171.5,Palmate,Intermediate,Arid,Very High,Very High
150,300,75,270,4,4,1,0,4,0,1,3,3,4,0,226.2,168.3,Palmate,Yellow,Tropical,Very High,Very High
300,150,270,75,4,4,0,1,0,4,3,1,4,3,0,228.6,187.8,Palmate,Intermediate,Arid,Very High,Very High
150,50,75,70,4,6,1,1,4,6,1,1,3,3,0,100.9,68.1,Palmate,Yellow,Cool Temperate,Moderate,High
50,150,70,75,6,4,1,1,6,4,1,1,3,3,0,98.8,67.8,Intermediate,Yellow,Arid,Moderate,High
150,50,75,70,4,6,1,1,4,6,1,1,3,3,0,93.2,77.0,Intermediate,Yellow,Cool Temperate,Moderate,High
50,150,70,75,6,4,1,1,6,4,1,1,3,3,0,94.2,67.8,Intermediate,Yellow,Cool Temperate,Moderate,High
150,50,75,70,4,6,1,1,4,6,1,1,3,3,0,99.0,70.4,Intermediate,Yellow,Arid,Moderate,High
50,150,70,75,6,4,1,1,6,4,1,1,3,3,0,98.5,64.1,Palmate,Yellow,Arid,Moderate,High
150,50,75,70,4,6,1,1,4,6,1,1,3,3,0,103.3,74.0,Intermediate,Yellow,Cool Temperate,Moderate,High
50,150,70,75,6,4,1,1,6,4,1,1,3,3,0,105.2,79.1,Intermediate,Yellow,Cool Temperate,Moderate,High
150,50,75,70,4,6,1,1,4,6,1,1,3,3,0,100.1,72.1,Intermediate,Yellow,Arid,Moderate,High
50,150,70,75,6,4,1,1,6,4,1,1,3,3,0,98.9,65.7,Intermediate,Yellow,Cool Temperate,Moderate,High
150,50,75,70,4,6,1,1,4,6,1,1,3,3,0,89.9,69.0,Palmate,Yellow,Cool Temperate,Moderate,High
50,150,70,75,6,4,1,1,6,4,1,1,3,3,0,92.5,70.1,Intermediate,Yellow,Cool Temperate,Moderate,High
150,50,75,70,4,6,1,1,4,6,1,1,3,3,0,102.2,72.2,Palmate,Yellow,Arid,Moderate,High
50,150,70,75,6,4,1,1,6,4,1,1,3,3,0,102.2,74.4,Oblong,Yellow,Cool Temperate,Moderate,High
150,50,75,70,4,6,1,1,4,6,1,1,3,3,0,100.7,75.0,Oblong,Yellow,Cool Temperate,Moderate,High
50,150,70,75,6,4,1,1,6,4,1,1,3,3,0,104.0,77.4,Intermediate,Yellow,Cool Temperate,Moderate,High
150,130,75,100,4,10,1,1,4,2,1,2,3,4,0,135.9,81.0,Palmate,Yellow,Arid,Very High,Very High
130,150,100,75,10,4,1,1,2,4,2,1,4,3,0,135.3,92.9,Intermediate,Yellow,Arid,Very High,Very High
150,130,75,100,4,10,1,1,4,2,1,2,3,4,0,137.1,89.7,Intermediate,Yellow,Temperate,Very High,Very High
130,150,100,75,10,4,1,1,2,4,2,1,4,3,0,131.3,86.6,Palmate,Yellow,Arid,Very High,Very High
150,130,75,100,4,10,1,1,4,2,1,2,3,4,0,147.2,83.5,Palmate,Yellow,Temperate,Very High,Very High
130,150,100,75,10,4,1,1,2,4,2,1,4,3,0,136.7,87.0,Palmate,Yellow,Arid,Very High,Very High
150,130,75,100,4,10,1,1,4,2,1,2,3,4,0,147.2,89.4,Palmate,Yellow,Temperate,Very High,Very High
130,150,100,75,10,4,1,1,2,4,2,1,4,3,0,140.3,88.9,Intermediate,Yellow,Temperate,Very High,Very High
150,130,75,100,4,10,1,1,4,2,1,2,3,4,0,145.7,80.2,Lobed,Yellow,Arid,Very High,Very High
130,150,100,75,10,4,1,1,2,4,2,1,4,3,0,144.5,86.7,Intermediate,Yellow,Arid,Very High,Very High
150,130,75,100,4,10,1,1,4,2,1,2,3,4,0,146.3,78.5,Lobed,Yellow,Temperate,Very High,Very High
130,150,100,75,10,4,1,1,2,4,2,1,4,3,0,132.4,79.9,Palmate,Yellow,Arid,Very High,Very High
150,130,75,100,4,10,1,1,4,2,1,2,3,4,0,142.9,87.6,Lobed,Yellow,Temperate,Very High,Very High
130,150,100,75,10,4,1,1,2,4,2,1,4,3,0,142.9,89.1,Palmate,Yellow,Arid,Very High,Very High
150,130,75,100,4,10,1,1,4,2,1,2,3,4,0,138.3,81.1,Intermediate,Yellow,Arid,Very High,Very High
130,150,100,75,10,4,1,1,2,4,2,1,4,3,0,143.6,87.2,Lobed,Yellow,Temperate,Very High,Very High
150,150,75,150,4,4,1,0,4,1,1,1,3,3,0,147.2,111.1,Palmate,Yellow,Subtropical,Moderate,High
150,150,150,75,4,4,0,1,1,4,1,1,3,3,0,142.6,111.9,Palmate,Intermediate,Subtropical,Moderate,High
150,150,75,150,4,4,1,0,4,1,1,1,3,3,0,150.1,112.8,Palmate,White,Arid,Moderate,High
150,150,150,75,4,4,0,1,1,4,1,1,3,3,0,148.7,113.1,Palmate,Intermediate,Arid,Moderate,High
150,150,75,150,4,4,1,0,4,1,1,1,3,3,0,148.7,103.6,Palmate,Intermediate,Subtropical,Moderate,High
150,150,150,75,4,4,0,1,1,4,1,1,3,3,0,144.9,120.6,Palmate,Intermediate,Arid,Moderate,High
150,150,75,150,4,4,1,0,4,1,1,1,3,3,0,141.1,111.2,Palmate,Yellow,Arid,Moderate,High
150,150,150,75,4,4,0,1,1,4,1,1,3,3,0,145.1,101.2,Palmate,Intermediate,Arid,Moderate,High
150,150,75,150,4,4,1,0,4,1,1,1,3,3,0,160.2,113.4,Palmate,Intermediate,Subtropical,Moderate,High
150,150,150,75,4,4,0,1,1,4,1,1,3,3,0,157.4,117.3,Palmate,Intermediate,Subtropical,Moderate,High
150,150,75,150,4,4,1,0,4,1,1,1,3,3,0,156.9,111.4,Palmate,White,Subtropical,Moderate,High
150,150,150,75,4,4,0,1,1,4,1,1,3,3,0,131.5,112.6,Palmate,Yellow,Arid,Moderate,High
150,150,75,150,4,4,1,0,4,1,1,1,3,3,0,150.4,114.5,Palmate,Intermediate,Arid,Moderate,High
150,150,150,75,4,4,0,1,1,4,1,1,3,3,0,154.7,110.8,Palmate,Yellow,Arid,Moderate,High
150,150,75,150,4,4,1,0,4,1,1,1,3,3,0,142.2,110.6,Palmate,White,Subtropical,Moderate,High
150,150,150,75,4,4,0,1,1,4,1,1,3,3,0,159.8,116.7,Palmate,White,Subtropical,Moderate,High
150,200,75,170,4,4,1,1,4,0,1,2,3,1,0,173.1,114.8,Palmate,Yellow,Arid,Very High,High
200,150,170,75,4,4,1,1,0,4,2,1,1,3,0,178.9,123.1,Palmate,Yellow,Tropical,Very High,High
150,200,75,170,4,4,1,1,4,0,1,2,3,1,0,167.7,120.2,Palmate,Yellow,Arid,Very High,High
200,150,170,75,4,4,1,1,0,4,2,1,1,3,0,159.5,118.1,Palmate,Yellow,Arid,Very High,High
150,200,75,170,4,4,1,1,4,0,1,2,3,1,0,184.0,134.0,Palmate,Yellow,Arid,Very High,High
200,150,170,75,4,4,1,1,0,4,2,1,1,3,0,173.7,124.9,Palmate,Yellow,Arid,Very High,High
150,200,75,170,4,4,1,1,4,0,1,2,3,1,0,174.1,120.2,Palmate,Yellow,Arid,Very High,High
200,150,170,75,4,4,1,1,0,4,2,1,1,3,0,185.0,111.2,Palmate,Yellow,Tropical,Very High,High
150,200,75,170,4,4,1,1,4,0,1,2,3,1,0,156.6,108.4,Palmate,Yellow,Tropical,Very High,High
200,150,170,75,4,4,1,1,0,4,2,1,1,3,0,173.5,120.9,Palmate,Yellow,Tropical,Very High,High
150,200,75,170,4,4,1,1,4,0,1,2,3,1,0,184.3,117.0,Palmate,Yellow,Arid,Very High,High
200,150,170,75,4,4,1,1,0,4,2,1,1,3,0,179.4,127.1,Palmate,Yellow,Tropical,Very High,High
150,200,75,170,4,4,1,1,4,0,1,2,3,1,0,182.5,122.3,Palmate,Yellow,Arid,Very High,High
200,150,170,75,4,4,1,1,0,4,2,1,1,3,0,160.5,130.1,Palmate,Yellow,Arid,Very High,High
150,200,75,170,4,4,1,1,4,0,1,2,3,1,0,151.5,121.9,Palmate,Yellow,Arid,Very High,High
200,150,170,75,4,4,1,1,0,4,2,1,1,3,0,169.1,124.8,Palmate,Yellow,Tropical,Very High,High
150,180,75,90,4,2,1,3,4,8,1,1,3,3,0,163.2,81.3,Intermediate,Pink,Tropical/Subtropical,Moderate,High
180,150,90,75,2,4,3,1,8,4,1,1,3,3,0,160.6,89.1,Elliptical,Yellow,Arid,Moderate,High
150,180,75,90,4,2,1,3,4,8,1,1,3,3,0,164.2,80.6,Intermediate,Pink,Tropical/Subtropical,Moderate,High
180,150,90,75,2,4,3,1,8,4,1,1,3,3,0,153.5,86.6,Palmate,Yellow,Tropical/Subtropical,Moderate,High
150,180,75,90,4,2,1,3,4,8,1,1,3,3,0,169.3,78.5,Palmate,Intermediate,Tropical/Subtropical,Moderate,High
180,150,90,75,2,4,3,1,8,4,1,1,3,3,0,171.9,88.1,Intermediate,Pink,Arid,Moderate,High
150,180,75,90,4,2,1,3,4,8,1,1,3,3,0,176.9,87.0,Intermediate,Yellow,Tropical/Subtropical,Moderate,High
180,150,90,75,2,4,3,1,8,4,1,1,3,3,0,149.0,78.9,Elliptical,Pink,Tropical/Subtropical,Moderate,High
150,180,75,90,4,2,1,3,4,8,1,1,3,3,0,169.3,75.5,Intermediate,Intermediate,Tropical/Subtropical,Moderate,High
180,150,90,75,2,4,3,1,8,4,1,1,3,3,0,158.0,79.1,Intermediate,Pink,Tropical/Subtropical,Moderate,High
150,180,75,90,4,2,1,3,4,8,1,1,3,3,0,163.6,89.4,Elliptical,Intermediate,Tropical/Subtropical,Moderate,High
180,150,90,75,2,4,3,1,8,4,1,1,3,3,0,166.3,81.4,Intermediate,Intermediate,Arid,Moderate,High
150,180,75,90,4,2,1,3,4,8,1,1,3,3,0,161.6,84.2,Palmate,Intermediate,Arid,Moderate,High
180,150,90,75,2,4,3,1,8,4,1,1,3,3,0,143.6,86.3,Palmate,Pink,Arid,Moderate,High
150,180,75,90,4,2,1,3,4,8,1,1,3,3,0,155.8,76.2,Elliptical,Intermediate,Tropical/Subtropical,Moderate,High
180,150,90,75,2,4,3,1,8,4,1,1,3,3,0,174.0,87.6,Intermediate,Intermediate,Arid,Moderate,High
150,100,75,80,4,0,1,1,4,2,1,3,3,1,0,126.2,86.3,Ovate,Yellow,Temperate,Very High,High
100,150,80,75,0,4,1,1,2,4,3,1,1,3,0,126.9,78.3,Intermediate,Yellow,Arid,Very High,High
150,100,75,80,4,0,1,1,4,2,1,3,3,1,0,123.7,70.2,Intermediate,Yellow,Arid,Very High,High
100,150,80,75,0,4,1,1,2,4,3,1,1,3,0,126.5,75.7,Intermediate,Yellow,Arid,Very High,High
150,100,75,80,4,0,1,1,4,2,1,3,3,1,0,117.2,69.8,Ovate,Yellow,Arid,Very High,High
100,150,80,75,0,4,1,1,2,4,3,1,1,3,0,121.9,78.7,Intermediate,Yellow,Arid,Very High,High
150,100,75,80,4,0,1,1,4,2,1,3,3,1,0,135.4,77.4,Intermediate,Yellow,Temperate,Very High,High
100,150,80,75,0,4,1,1,2,4,3,1,1,3,0,131.4,82.0,Ovate,Yellow,Arid,Very High,High
150,100,75,80,4,0,1,1,4,2,1,3,3,1,0,109.7,81.7,Palmate,Yellow,Temperate,Very High,High
100,150,80,75,0,4,1,1,2,4,3,1,1,3,0,121.4,71.6,Intermediate,Yellow,Arid,Very High,High
150,100,75,80,4,0,1,1,4,2,1,3,3,1,0,115.7,83.8,Intermediate,Yellow,Temperate,Very High,High
100,150,80,75,0,4,1,1,2,4,3,1,1,3,0,126.8,75.1,Intermediate,Yellow,Temperate,Very High,High
150,100,75,80,4,0,1,1,4,2,1,3,3,1,0,120.2,72.9,Intermediate,Yellow,Temperate,Very High,High
100,150,80,75,0,4,1,1,2,4,3,1,1,3,0,120.0,75.4,Palmate,Yellow,Arid,Very High,High
150,100,75,80,4,0,1,1,4,2,1,3,3,1,0,117.7,75.7,Intermediate,Yellow,Arid,Very High,High
100,150,80,75,0,4,1,1,2,4,3,1,1,3,0,109.4,77.0,Palmate,Yellow,Temperate,Very High,High
150,300,75,110,4,3,1,0,4,4,1,3,3,3,0,231.0,91.0,Intermediate,Intermediate,Arid,Very High,High
300,150,110,75,3,4,0,1,4,4,3,1,3,3,0,200.6,87.2,Intermediate,Intermediate,Arid,Very High,High
150,300,75,110,4,3,1,0,4,4,1,3,3,3,0,220.4,92.8,Linear,Yellow,Arid,Very High,High
300,150,110,75,3,4,0,1,4,4,3,1,3,3,0,238.2,84.0,Linear,Intermediate,Arid,Very High,High
150,300,75,110,4,3,1,0,4,4,1,3,3,3,0,224.8,90.2,Palmate,White,Arid,Very High,High
300,150,110,75,3,4,0,1,4,4,3,1,3,3,0,234.3,93.6,Linear,Intermediate,Arid,Very High,High
150,300,75,110,4,3,1,0,4,4,1,3,3,3,0,222.4,85.5,Intermediate,White,Arid,Very High,High
300,150,110,75,3,4,0,1,4,4,3,1,3,3,0,211.2,90.9,Intermediate,Yellow,Arid,Very High,High
150,300,75,110,4,3,1,0,4,4,1,3,3,3,0,222.6,102.8,Palmate,White,Arid,Very High,High
300,150,110,75,3,4,0,1,4,4,3,1,3,3,0,220.6,89.9,Palmate,Yellow,Arid,Very High,High
150,300,75,110,4,3,1,0,4,4,1,3,3,3,0,216.0,85.1,Intermediate,White,Arid,Very High,High
300,150,110,75,3,4,0,1,4,4,3,1,3,3,0,229.0,93.1,Palmate,Intermediate,Arid,Very High,High
150,300,75,110,4,3,1,0,4,4,1,3,3,3,0,226.5,94.1,Palmate,Intermediate,Arid,Very High,High
300,150,110,75,3,4,0,1,4,4,3,1,3,3,0,212.8,92.4,Intermediate,Yellow,Arid,Very High,High
150,300,75,110,4,3,1,0,4,4,1,3,3,3,0,222.6,95.7,Intermediate,Yellow,Arid,Very High,High
300,150,110,75,3,4,0,1,4,4,3,1,3,3,0,215.8,88.3,Palmate,Yellow,Arid,Very High,High
150,250,75,90,4,3,1,2,4,5,1,3,3,1,0,193.1,88.9,Intermediate,Purple,Semi-Arid,Very High,High
250,150,90,75,3,4,2,1,5,4,3,1,1,3,0,192.4,82.3,Linear,Intermediate,Arid,Very High,High
150,250,75,90,4,3,1,2,4,5,1,3,3,1,0,200.5,89.0,Palmate,Intermediate,Semi-Arid,Very High,High
250,150,90,75,3,4,2,1,5,4,3,1,1,3,0,196.1,83.5,Intermediate,Yellow,Semi-Arid,Very High,High
150,250,75,90,4,3,1,2,4,5,1,3,3,1,0,191.3,86.3,Intermediate,Intermediate,Arid,Very High,High
250,150,90,75,3,4,2,1,5,4,3,1,1,3,0,173.1,89.2,Linear,Yellow,Arid,Very High,High
150,250,75,90,4,3,1,2,4,5,1,3,3,1,0,185.4,84.4,Intermediate,Intermediate,Arid,Very High,High
250,150,90,75,3,4,2,1,5,4,3,1,1,3,0,195.6,79.9,Linear,Intermediate,Arid,Very High,High
150,250,75,90,4,3,1,2,4,5,1,3,3,1,0,211.9,76.9,Intermediate,Intermediate,Semi-Arid,Very High,High
250,150,90,75,3,4,2,1,5,4,3,1,1,3,0,216.7,86.0,Linear,Intermediate,Arid,Very High,High
150,250,75,90,4,3,1,2,4,5,1,3,3,1,0,190.0,81.0,Palmate,Intermediate,Arid,Very High,High
250,150,90,75,3,4,2,1,5,4,3,1,1,3,0,182.0,81.0,Palmate,Intermediate,Semi-Arid,Very High,High
150,250,75,90,4,3,1,2,4,5,1,3,3,1,0,204.3,87.3,Palmate,Yellow,Arid,Very High,High
250,150,90,75,3,4,2,1,5,4,3,1,1,3,0,214.3,74.3,Palmate,Purple,Arid,Very High,High
150,250,75,90,4,3,1,2,4,5,1,3,3,1,0,186.8,81.6,Intermediate,Purple,Semi-Arid,Very High,High
250,150,90,75,3,4,2,1,5,4,3,1,1,3,0,185.2,79.9,Palmate,Intermediate,Arid,Very High,High
150,100,75,65,4,7,1,1,4,0,1,2,3,3,0,139.7,69.4,Intermediate,Yellow,Arid,Very High,High
100,150,65,75,7,4,1,1,0,4,2,1,3,3,0,123.3,69.0,Intermediate,Yellow,Tropical,Very High,High
150,100,75,65,4,7,1,1,4,0,1,2,3,3,0,122.7,76.7,Palmate,Yellow,Arid,Very High,High
100,150,65,75,7,4,1,1,0,4,2,1,3,3,0,120.4,73.1,Intermediate,Yellow,Tropical,Very High,High
150,100,75,65,4,7,1,1,4,0,1,2,3,3,0,128.0,69.5,Pinnate,Yellow,Arid,Very High,High
100,150,65,75,7,4,1,1,0,4,2,1,3,3,0,119.7,74.9,Intermediate,Yellow,Arid,Very High,High
150,100,75,65,4,7,1,1,4,0,1,2,3,3,0,125.3,75.4,Palmate,Yellow,Arid,Very High,High
100,150,65,75,7,4,1,1,0,4,2,1,3,3,0,129.4,74.4,Palmate,Yellow,Arid,Very High,High
150,100,75,65,4,7,1,1,4,0,1,2,3,3,0,130.9,71.6,Intermediate,Yellow,Tropical,Very High,High
100,150,65,75,7,4,1,1,0,4,2,1,3,3,0,119.3,69.2,Pinnate,Yellow,Arid,Very High,High
150,100,75,65,4,7,1,1,4,0,1,2,3,3,0,119.1,69.2,Intermediate,Yellow,Tropical,Very High,High
100,150,65,75,7,4,1,1,0,4,2,1,3,3,0,125.1,71.7,Pinnate,Yellow,Arid,Very High,High
150,100,75,65,4,7,1,1,4,0,1,2,3,3,0,123.7,66.5,Palmate,Yellow,Tropical,Very High,High
100,150,65,75,7,4,1,1,0,4,2,1,3,3,0,118.7,69.8,Pinnate,Yellow,Arid,Very High,High
150,100,75,65,4,7,1,1,4,0,1,2,3,3,0,118.1,71.0,Intermediate,Yellow,Arid,Very High,High
100,150,65,75,7,4,1,1,0,4,2,1,3,3,0,127.9,67.4,Palmate,Yellow,Arid,Very High,High
150,30,75,75,4,7,1,0,4,6,1,1,3,3,0,87.7,74.1,Intermediate,Intermediate,Cool Temperate,Moderate,High
30,150,75,75,7,4,0,1,6,4,1,1,3,3,0,82.5,75.7,Intermediate,Yellow,Arid,Moderate,High
150,30,75,75,4,7,1,0,4,6,1,1,3,3,0,82.7,78.1,Intermediate,Intermediate,Cool Temperate,Moderate,High
30,150,75,75,7,4,0,1,6,4,1,1,3,3,0,90.7,78.8,Intermediate,White,Cool Temperate,Moderate,High
150,30,75,75,4,7,1,0,4,6,1,1,3,3,0,89.4,73.5,Pinnate,Yellow,Cool Temperate,Moderate,High
30,150,75,75,7,4,0,1,6,4,1,1,3,3,0,92.2,72.6,Intermediate,White,Arid,Moderate,High
150,30,75,75,4,7,1,0,4,6,1,1,3,3,0,95.5,70.5,Palmate,Yellow,Arid,Moderate,High
30,150,75,75,7,4,0,1,6,4,1,1,3,3,0,87.7,72.6,Palmate,Intermediate,Arid,Moderate,High
150,30,75,75,4,7,1,0,4,6,1,1,3,3,0,95.3,75.6,Intermediate,Intermediate,Cool Temperate,Moderate,High
30,150,75,75,7,4,0,1,6,4,1,1,3,3,0,88.7,71.9,Intermediate,White,Arid,Moderate,High
150,30,75,75,4,7,1,0,4,6,1,1,3,3,0,88.5,74.0,Intermediate,Yellow,Cool Temperate,Moderate,High
30,150,75,75,7,4,0,1,6,4,1,1,3,3,0,88.7,77.0,Pinnate,White,Arid,Moderate,High
150,30,75,75,4,7,1,0,4,6,1,1,3,3,0,91.1,75.4,Intermediate,White,Cool Temperate,Moderate,High
30,150,75,75,7,4,0,1,6,4,1,1,3,3,0,83.6,75.4,Pinnate,Intermediate,Arid,Moderate,High
150,30,75,75,4,7,1,0,4,6,1,1,3,3,0,92.6,77.0,Intermediate,Intermediate,Arid,Moderate,High
30,150,75,75,7,4,0,1,6,4,1,1,3,3,0,89.0,75.5,Pinnate,Intermediate,Cool Temperate,Moderate,High
60,180,60,80,0,0,0,0,2,0,1,2,3,3,1,118.1,67.7,Ovate,White,Temperate,Very High,High
180,60,80,60,0,0,0,0,0,2,2,1,3,3,1,125.1,65.1,Ovate,White,Temperate,Very High,High
60,180,60,80,0,0,0,0,2,0,1,2,3,3,1,120.0,64.9,Ovate,White,Tropical,Very High,High
180,60,80,60,0,0,0,0,0,2,2,1,3,3,1,117.3,74.5,Ovate,White,Tropical,Very High,High
60,180,60,80,0,0,0,0,2,0,1,2,3,3,1,116.8,75.6,Ovate,White,Temperate,Very High,High
180,60,80,60,0,0,0,0,0,2,2,1,3,3,1,127.9,71.6,Ovate,White,Tropical,Very High,High
60,180,60,80,0,0,0,0,2,0,1,2,3,3,1,110.7,76.9,Ovate,White,Tropical,Very High,High
180,60,80,60,0,0,0,0,0,2,2,1,3,3,1,119.0,74.9,Ovate,White,Tropical,Very High,High
60,180,60,80,0,0,0,0,2,0,1,2,3,3,1,114.4,68.8,Ovate,White,Tropical,Very High,High
180,60,80,60,0,0,0,0,0,2,2,1,3,3,1,121.7,71.6,Ovate,White,Temperate,Very High,High
60,180,60,80,0,0,0,0,2,0,1,2,3,3,1,118.5,64.5,Ovate,White,Temperate,Very High,High
180,60,80,60,0,0,0,0,0,2,2,1,3,3,1,120.6,71.8,Ovate,White,Temperate,Very High,High
60,180,60,80,0,0,0,0,2,0,1,2,3,3,1,119.1,69.7,Ovate,White,Tropical,Very High,High
180,60,80,60,0,0,0,0,0,2,2,1,3,3,1,111.8,75.5,Ovate,White,Temperate,Very High,High
60,180,60,80,0,0,0,0,2,0,1,2,3,3,1,119.6,71.8,Ovate,White,Tropical,Very High,High
180,60,80,60,0,0,0,0,0,2,2,1,3,3,1,117.7,78.3,Ovate,White,Tropical,Very High,High
60,100,60,95,0,0,0,2,2,2,1,2,3,4,1,74.9,81.0,Ovate,Intermediate,Temperate,Very High,Very High
100,60,95,60,0,0,2,0,2,2,2,1,4,3,1,69.3,74.4,Ovate,White,Temperate,Very High,Very High
60,100,60,95,0,0,0,2,2,2,1,2,3,4,1,77.3,76.5,Ovate,Intermediate,Temperate,Very High,Very High
100,60,95,60,0,0,2,0,2,2,2,1,4,3,1,75.8,73.2,Ovate,White,Temperate,Very High,Very High
60,100,60,95,0,0,0,2,2,2,1,2,3,4,1,77.8,77.9,Ovate,White,Temperate,Very High,Very High
100,60,95,60,0,0,2,0,2,2,2,1,4,3,1,76.6,74.3,Ovate,Intermediate,Temperate,Very High,Very High
60,100,60,95,0,0,0,2,2,2,1,2,3,4,1,85.8,77.3,Ovate,Purple,Temperate,Very High,Very High
100,60,95,60,0,0,2,0,2,2,2,1,4,3,1,84.1,77.8,Ovate,Intermediate,Temperate,Very High,Very High
60,100,60,95,0,0,0,2,2,2,1,2,3,4,1,87.2,80.4,Ovate,White,Temperate,Very High,Very High
100,60,95,60,0,0,2,0,2,2,2,1,4,3,1,83.6,82.2,Ovate,Purple,Temperate,Very High,Very High
60,100,60,95,0,0,0,2,2,2,1,2,3,4,1,71.5,81.5,Ovate,Intermediate,Temperate,Very High,Very High
100,60,95,60,0,0,2,0,2,2,2,1,4,3,1,79.5,75.3,Ovate,Intermediate,Temperate,Very High,Very High
60,100,60,95,0,0,0,2,2,2,1,2,3,4,1,75.8,78.3,Ovate,White,Temperate,Very High,Very High
100,60,95,60,0,0,2,0,2,2,2,1,4,3,1,72.0,78.9,Ovate,White,Temperate,Very High,Very High
60,100,60,95,0,0,0,2,2,2,1,2,3,4,1,83.0,80.5,Ovate,White,Temperate,Very High,Very High
100,60,95,60,0,0,2,0,2,2,2,1,4,3,1,76.8,75.2,Ovate,Intermediate,Temperate,Very High,Very High
60,50,60,130,0,9,0,1,2,8,1,1,3,3,1,58.6,92.7,Intermediate,Yellow,Tropical/Subtropical,Moderate,High
50,60,130,60,9,0,1,0,8,2,1,1,3,3,1,53.5,98.1,Compound,Intermediate,Tropical/Subtropical,Moderate,High
60,50,60,130,0,9,0,1,2,8,1,1,3,3,1,55.7,103.0,Intermediate,Yellow,Temperate,Moderate,High
50,60,130,60,9,0,1,0,8,2,1,1,3,3,1,57.9,84.2,Ovate,Intermediate,Tropical/Subtropical,Moderate,High
60,50,60,130,0,9,0,1,2,8,1,1,3,3,1,52.9,95.3,Compound,Yellow,Tropical/Subtropical,Moderate,High
50,60,130,60,9,0,1,0,8,2,1,1,3,3,1,52.2,93.0,Intermediate,Intermediate,Tropical/Subtropical,Moderate,High
60,50,60,130,0,9,0,1,2,8,1,1,3,3,1,51.6,96.3,Intermediate,White,Tropical/Subtropical,Moderate,High
50,60,130,60,9,0,1,0,8,2,1,1,3,3,1,52.9,94.8,Compound,White,Tropical/Subtropical,Moderate,High
60,50,60,130,0,9,0,1,2,8,1,1,3,3,1,54.7,92.5,Ovate,Intermediate,Tropical/Subtropical,Moderate,High
50,60,130,60,9,0,1,0,8,2,1,1,3,3,1,53.6,100.0,Compound,Intermediate,Tropical/Subtropical,Moderate,High
60,50,60,130,0,9,0,1,2,8,1,1,3,3,1,55.5,89.7,Ovate,Intermediate,Tropical/Subtropical,Moderate,High
50,60,130,60,9,0,1,0,8,2,1,1,3,3,1,54.5,99.3,Ovate,Intermediate,Temperate,Moderate,High
60,50,60,130,0,9,0,1,2,8,1,1,3,3,1,53.7,94.9,Ovate,Intermediate,Tropical/Subtropical,Moderate,High
50,60,130,60,9,0,1,0,8,2,1,1,3,3,1,57.2,89.3,Compound,Intermediate,Tropical/Subtropical,Moderate,High
60,50,60,130,0,9,0,1,2,8,1,1,3,3,1,52.8,96.8,Intermediate,Intermediate,Tropical/Subtropical,Moderate,High
50,60,130,60,9,0,1,0,8,2,1,1,3,3,1,57.0,90.8,Intermediate,Yellow,Tropical/Subtropical,Moderate,High
60,70,60,90,0,7,0,0,2,6,1,1,3,4,0,63.5,74.7,Pinnate,White,Temperate,Moderate,Very High
70,60,90,60,7,0,0,0,6,2,1,1,4,3,0,67.3,69.1,Intermediate,White,Cool Temperate,Moderate,Very High
60,70,60,90,0,7,0,0,2,6,1,1,3,4,0,57.4,70.1,Intermediate,White,Temperate,Moderate,Very High
70,60,90,60,7,0,0,0,6,2,1,1,4,3,0,62.8,77.2,Pinnate,White,Temperate,Moderate,Very High
60,70,60,90,0,7,0,0,2,6,1,1,3,4,0,65.3,76.5,Pinnate,White,Cool Temperate,Moderate,Very High
70,60,90,60,7,0,0,0,6,2,1,1,4,3,0,66.5,73.5,Ovate,White,Temperate,Moderate,Very High
60,70,60,90,0,7,0,0,2,6,1,1,3,4,0,64.1,72.3,Ovate,White,Cool Temperate,Moderate,Very High
70,60,90,60,7,0,0,0,6,2,1,1,4,3,0,67.8,71.5,Pinnate,White,Cool Temperate,Moderate,Very High
60,70,60,90,0,7,0,0,2,6,1,1,3,4,0,66.1,70.0,Pinnate,White,Cool Temperate,Moderate,Very High
70,60,90,60,7,0,0,0,6,2,1,1,4,3,0,66.1,84.1,Pinnate,White,Cool Temperate,Moderate,Very High
60,70,60,90,0,7,0,0,2,6,1,1,3,4,0,65.3,71.3,Intermediate,White,Temperate,Moderate,Very High
70,60,90,60,7,0,0,0,6,2,1,1,4,3,0,68.8,76.6,Intermediate,White,Cool Temperate,Moderate,Very High
60,70,60,90,0,7,0,0,2,6,1,1,3,4,0,65.2,69.8,Pinnate,White,Temperate,Moderate,Very High
70,60,90,60,7,0,0,0,6,2,1,1,4,3,0,68.4,82.2,Pinnate,White,Cool Temperate,Moderate,Very High
60,70,60,90,0,7,0,0,2,6,1,1,3,4,0,67.9,79.9,Pinnate,White,Cool Temperate,Moderate,Very High
70,60,90,60,7,0,0,0,6,2,1,1,4,3,0,59.7,72.2,Pinnate,White,Temperate,Moderate,Very High
60,30,60,100,0,5,0,2,2,8,1,2,3,3,0,43.8,82.3,Ovate,Intermediate,Temperate,Very High,High
30,60,100,60,5,0,2,0,8,2,2,1,3,3,0,40.7,78.5,Intermediate,White,Tropical/Subtropical,Very High,High
60,30,60,100,0,5,0,2,2,8,1,2,3,3,0,45.0,77.7,Cordate,Purple,Tropical/Subtropical,Very High,High
30,60,100,60,5,0,2,0,8,2,2,1,3,3,0,43.1,80.6,Cordate,Intermediate,Temperate,Very High,High
60,30,60,100,0,5,0,2,2,8,1,2,3,3,0,47.3,83.7,Intermediate,White,Tropical/Subtropical,Very High,High
30,60,100,60,5,0,2,0,8,2,2,1,3,3,0,49.1,79.1,Intermediate,Intermediate,Temperate,Very High,High
60,30,60,100,0,5,0,2,2,8,1,2,3,3,0,45.7,82.6,Intermediate,Intermediate,Tropical/Subtropical,Very High,High
30,60,100,60,5,0,2,0,8,2,2,1,3,3,0,41.0,81.5,Cordate,Intermediate,Tropical/Subtropical,Very High,High
60,30,60,100,0,5,0,2,2,8,1,2,3,3,0,42.0,80.0,Ovate,Intermediate,Temperate,Very High,High
30,60,100,60,5,0,2,0,8,2,2,1,3,3,0,42.5,82.6,Intermediate,Intermediate,Temperate,Very High,High
60,30,60,100,0,5,0,2,2,8,1,2,3,3,0,44.1,78.7,Intermediate,Purple,Temperate,Very High,High
30,60,100,60,5,0,2,0,8,2,2,1,3,3,0,46.4,79.9,Ovate,White,Tropical/Subtropical,Very High,High
60,30,60,100,0,5,0,2,2,8,1,2,3,3,0,43.8,76.1,Intermediate,Purple,Temperate,Very High,High
30,60,100,60,5,0,2,0,8,2,2,1,3,3,0,38.3,75.4,Cordate,Purple,Tropical/Subtropical,Very High,High
60,30,60,100,0,5,0,2,2,8,1,2,3,3,0,46.5,83.7,Intermediate,Intermediate,Tropical/Subtropical,Very High,High
30,60,100,60,5,0,2,0,8,2,2,1,3,3,0,47.2,81.9,Cordate,Intermediate,Tropical/Subtropical,Very High,High
60,300,60,270,0,4,0,0,2,0,1,3,3,4,0,192.7,161.6,Intermediate,White,Tropical,Very High,Very High
300,60,270,60,4,0,0,0,0,2,3,1,4,3,0,178.4,167.8,Intermediate,White,Tropical,Very High,Very High
60,300,60,270,0,4,0,0,2,0,1,3,3,4,0,178.6,166.1,Intermediate,White,Tropical,Very High,Very High
300,60,270,60,4,0,0,0,0,2,3,1,4,3,0,179.9,176.6,Intermediate,White,Temperate,Very High,Very High
60,300,60,270,0,4,0,0,2,0,1,3,3,4,0,183.8,171.8,Ovate,White,Tropical,Very High,Very High
300,60,270,60,4,0,0,0,0,2,3,1,4,3,0,179.1,156.9,Intermediate,White,Temperate,Very High,Very High
60,300,60,270,0,4,0,0,2,0,1,3,3,4,0,184.0,167.2,Palmate,White,Tropical,Very High,Very High
300,60,270,60,4,0,0,0,0,2,3,1,4,3,0,191.1,162.6,Intermediate,White,Tropical,Very High,Very High
60,300,60,270,0,4,0,0,2,0,1,3,3,4,0,182.7,161.9,Palmate,White,Tropical,Very High,Very High
300,60,270,60,4,0,0,0,0,2,3,1,4,3,0,195.5,159.9,Intermediate,White,Temperate,Very High,Very High
60,300,60,270,0,4,0,0,2,0,1,3,3,4,0,180.8,164.8,Intermediate,White,Temperate,Very High,Very High
300,60,270,60,4,0,0,0,0,2,3,1,4,3,0,186.1,168.3,Palmate,White,Temperate,Very High,Very High
60,300,60,270,0,4,0,0,2,0,1,3,3,4,0,192.7,166.3,Ovate,White,Temperate,Very High,Very High
300,60,270,60,4,0,0,0,0,2,3,1,4,3,0,183.1,165.1,Palmate,White,Tropical,Very High,Very High
60,300,60,270,0,4,0,0,2,0,1,3,3,4,0,185.7,167.9,Palmate,White,Temperate,Very High,Very High
300,60,270,60,4,0,0,0,0,2,3,1,4,3,0,168.8,165.1,Intermediate,White,Tropical,Very High,Very High
60,50,60,70,0,6,0,1,2,6,1,1,3,3,0,52.8,64.8,Intermediate,Intermediate,Cool Temperate,Moderate,High
50,60,70,60,6,0,1,0,6,2,1,1,3,3,0,51.6,63.7,Intermediate,Intermediate,Temperate,Moderate,High
60,50,60,70,0,6,0,1,2,6,1,1,3,3,0,53.1,58.3,Intermediate,Yellow,Temperate,Moderate,High
50,60,70,60,6,0,1,0,6,2,1,1,3,3,0,60.1,69.0,Intermediate,Intermediate,Temperate,Moderate,High
60,50,60,70,0,6,0,1,2,6,1,1,3,3,0,55.3,69.8,Intermediate,Yellow,Temperate,Moderate,High
50,60,70,60,6,0,1,0,6,2,1,1,3,3,0,56.0,69.0,Intermediate,White,Cool Temperate,Moderate,High
60,50,60,70,0,6,0,1,2,6,1,1,3,3,0,55.4,60.7,Intermediate,Intermediate,Temperate,Moderate,High
50,60,70,60,6,0,1,0,6,2,1,1,3,3,0,52.1,64.4,Intermediate,White,Temperate,Moderate,High
60,50,60,70,0,6,0,1,2,6,1,1,3,3,0,54.8,67.0,Oblong,Intermediate,Temperate,Moderate,High
50,60,70,60,6,0,1,0,6,2,1,1,3,3,0,53.8,64.4,Intermediate,Yellow,Cool Temperate,Moderate,High
60,50,60,70,0,6,0,1,2,6,1,1,3,3,0,57.2,62.2,Ovate,Yellow,Cool Temperate,Moderate,High
50,60,70,60,6,0,1,0,6,2,1,1,3,3,0,57.6,65.7,Ovate,White,Temperate,Moderate,High
60,50,60,70,0,6,0,1,2,6,1,1,3,3,0,54.3,63.4,Oblong,Yellow,Temperate,Moderate,High
50,60,70,60,6,0,1,0,6,2,1,1,3,3,0,55.6,65.7,Ovate,Intermediate,Temperate,Moderate,High
60,50,60,70,0,6,0,1,2,6,1,1,3,3,0,56.2,65.1,Ovate,Intermediate,Temperate,Moderate,High
50,60,70,60,6,0,1,0,6,2,1,1,3,3,0,58.7,66.5,Intermediate,Yellow,Cool Temperate,Moderate,High
60,130,60,100,0,10,0,1,2,2,1,2,3,4,0,94.0,72.0,Lobed,White,Temperate,Very High,Very High
130,60,100,60,10,0,1,0,2,2,2,1,4,3,0,104.1,76.8,Intermediate,Intermediate,Temperate,Very High,Very High
60,130,60,100,0,10,0,1,2,2,1,2,3,4,0,85.5,71.8,Intermediate,Intermediate,Temperate,Very High,Very High
130,60,100,60,10,0,1,0,2,2,2,1,4,3,0,108.2,73.5,Lobed,Yellow,Temperate,Very High,Very High
60,130,60,100,0,10,0,1,2,2,1,2,3,4,0,97.5,75.1,Intermediate,Intermediate,Temperate,Very High,Very High
130,60,100,60,10,0,1,0,2,2,2,1,4,3,0,96.6,79.4,Intermediate,Intermediate,Temperate,Very High,Very High
60,130,60,100,0,10,0,1,2,2,1,2,3,4,0,98.7,81.7,Ovate,Intermediate,Temperate,Very High,Very High
130,60,100,60,10,0,1,0,2,2,2,1,4,3,0,93.4,77.1,Ovate,White,Temperate,Very High,Very High
60,130,60,100,0,10,0,1,2,2,1,2,3,4,0,102.4,75.2,Lobed,White,Temperate,Very High,Very High
130,60,100,60,10,0,1,0,2,2,2,1,4,3,0,101.9,82.0,Lobed,Intermediate,Temperate,Very High,Very High
60,130,60,100,0,10,0,1,2,2,1,2,3,4,0,100.7,83.4,Intermediate,Intermediate,Temperate,Very High,Very High
130,60,100,60,10,0,1,0,2,2,2,1,4,3,0,91.2,75.0,Intermediate,Yellow,Temperate,Very High,Very High
60,130,60,100,0,10,0,1,2,2,1,2,3,4,0,99.0,86.2,Lobed,Intermediate,Temperate,Very High,Very High
130,60,100,60,10,0,1,0,2,2,2,1,4,3,0,92.1,80.8,Lobed,White,Temperate,Very High,Very High
60,130,60,100,0,10,0,1,2,2,1,2,3,4,0,87.1,83.8,Ovate,Intermediate,Temperate,Very High,Very High
130,60,100,60,10,0,1,0,2,2,2,1,4,3,0,92.0,74.0,Ovate,White,Temperate,Very High,Very High
60,150,60,150,0,4,0,0,2,1,1,1,3,3,0,108.2,108.7,Ovate,White,Temperate,Moderate,High
150,60,150,60,4,0,0,0,1,2,1,1,3,3,0,106.5,107.5,Ovate,White,Temperate,Moderate,High
60,150,60,150,0,4,0,0,2,1,1,1,3,3,0,112.1,105.7,Palmate,White,Temperate,Moderate,High
150,60,150,60,4,0,0,0,1,2,1,1,3,3,0,102.0,98.0,Ovate,White,Temperate,Moderate,High
60,150,60,150,0,4,0,0,2,1,1,1,3,3,0,112.5,106.5,Intermediate,White,Subtropical,Moderate,High
150,60,150,60,4,0,0,0,1,2,1,1,3,3,0,106.1,114.1,Palmate,White,Temperate,Moderate,High
60,150,60,150,0,4,0,0,2,1,1,1,3,3,0,106.9,112.5,Intermediate,White,Subtropical,Moderate,High
150,60,150,60,4,0,0,0,1,2,1,1,3,3,0,103.7,99.9,Intermediate,White,Subtropical,Moderate,High
60,150,60,150,0,4,0,0,2,1,1,1,3,3,0,105.0,102.0,Intermediate,White,Subtropical,Moderate,High
150,60,150,60,4,0,0,0,1,2,1,1,3,3,0,110.0,105.0,Ovate,White,Temperate,Moderate,High
60,150,60,150,0,4,0,0,2,1,1,1,3,3,0,104.6,108.8,Palmate,White,Temperate,Moderate,High
150,60,150,60,4,0,0,0,1,2,1,1,3,3,0,92.7,113.8,Palmate,White,Temperate,Moderate,High
60,150,60,150,0,4,0,0,2,1,1,1,3,3,0,109.3,117.2,Palmate,White,Temperate,Moderate,High
150,60,150,60,4,0,0,0,1,2,1,1,3,3,0,102.9,102.8,Ovate,White,Temperate,Moderate,High
60,150,60,150,0,4,0,0,2,1,1,1,3,3,0,91.4,104.1,Ovate,White,Temperate,Moderate,High
150,60,150,60,4,0,0,0,1,2,1,1,3,3,0,113.3,111.3,Palmate,White,Subtropical,Moderate,High
60,200,60,170,0,4,0,1,2,0,1,2,3,1,0,129.9,114.1,Ovate,Intermediate,Temperate,Very High,High
200,60,170,60,4,0,1,0,0,2,2,1,1,3,0,142.4,110.3,Intermediate,Intermediate,Temperate,Very High,High
60,200,60,170,0,4,0,1,2,0,1,2,3,1,0,132.1,110.7,Palmate,Intermediate,Tropical,Very High,High
200,60,170,60,4,0,1,0,0,2,2,1,1,3,0,139.1,112.1,Palmate,White,Tropical,Very High,High
60,200,60,170,0,4,0,1,2,0,1,2,3,1,0,140.4,112.9,Intermediate,White,Tropical,Very High,High
200,60,170,60,4,0,1,0,0,2,2,1,1,3,0,121.3,118.9,Intermediate,Intermediate,Temperate,Very High,High
60,200,60,170,0,4,0,1,2,0,1,2,3,1,0,132.5,109.3,Intermediate,Intermediate,Tropical,Very High,High
200,60,170,60,4,0,1,0,0,2,2,1,1,3,0,132.0,111.0,Intermediate,Intermediate,Temperate,Very High,High
60,200,60,170,0,4,0,1,2,0,1,2,3,1,0,138.7,108.0,Palmate,Intermediate,Temperate,Very High,High
200,60,170,60,4,0,1,0,0,2,2,1,1,3,0,122.8,117.2,Palmate,Yellow,Temperate,Very High,High
60,200,60,170,0,4,0,1,2,0,1,2,3,1,0,132.3,116.5,Intermediate,Intermediate,Temperate,Very High,High
200,60,170,60,4,0,1,0,0,2,2,1,1,3,0,124.5,124.4,Intermediate,Intermediate,Tropical,Very High,High
60,200,60,170,0,4,0,1,2,0,1,2,3,1,0,125.5,114.6,Intermediate,Yellow,Temperate,Very High,High
200,60,170,60,4,0,1,0,0,2,2,1,1,3,0,121.9,123.9,Intermediate,Intermediate,Tropical,Very High,High
60,200,60,170,0,4,0,1,2,0,1,2,3,1,0,132.1,118.0,Intermediate,Yellow,Tropical,Very High,High
200,60,170,60,4,0,1,0,0,2,2,1,1,3,0,128.3,114.3,Ovate,Intermediate,Temperate,Very High,High
60,180,60,90,0,2,0,3,2,8,1,1,3,3,0,116.5,70.3,Intermediate,Pink,Tropical/Subtropical,Moderate,High
180,60,90,60,2,0,3,0,8,2,1,1,3,3,0,129.8,75.2,Intermediate,White,Temperate,Moderate,High
60,180,60,90,0,2,0,3,2,8,1,1,3,3,0,109.2,78.9,Intermediate,White,Temperate,Moderate,High
180,60,90,60,2,0,3,0,8,2,1,1,3,3,0,128.2,79.3,Ovate,White,Temperate,Moderate,High
60,180,60,90,0,2,0,3,2,8,1,1,3,3,0,117.5,75.0,Elliptical,White,Tropical/Subtropical,Moderate,High
180,60,90,60,2,0,3,0,8,2,1,1,3,3,0,117.7,77.1,Intermediate,Pink,Tropical/Subtropical,Moderate,High
60,180,60,90,0,2,0,3,2,8,1,1,3,3,0,118.4,72.6,Elliptical,Intermediate,Tropical/Subtropical,Moderate,High
180,60,90,60,2,0,3,0,8,2,1,1,3,3,0,117.0,74.0,Intermediate,White,Tropical/Subtropical,Moderate,High
60,180,60,90,0,2,0,3,2,8,1,1,3,3,0,120.3,73.1,Ovate,Intermediate,Temperate,Moderate,High
180,60,90,60,2,0,3,0,8,2,1,1,3,3,0,120.4,72.2,Elliptical,White,Temperate,Moderate,High
60,180,60,90,0,2,0,3,2,8,1,1,3,3,0,109.3,71.4,Intermediate,Intermediate,Temperate,Moderate,High
180,60,90,60,2,0,3,0,8,2,1,1,3,3,0,115.6,66.8,Intermediate,Intermediate,Temperate,Moderate,High
60,180,60,90,0,2,0,3,2,8,1,1,3,3,0,117.5,74.6,Elliptical,Intermediate,Temperate,Moderate,High
180,60,90,60,2,0,3,0,8,2,1,1,3,3,0,118.7,74.9,Intermediate,Pink,Tropical/Subtropical,Moderate,High
60,180,60,90,0,2,0,3,2,8,1,1,3,3,0,124.5,77.8,Elliptical,Intermediate,Tropical/Subtropical,Moderate,High
180,60,90,60,2,0,3,0,8,2,1,1,3,3,0,124.3,77.9,Elliptical,Pink,Temperate,Moderate,High
60,100,60,80,0,0,0,1,2,2,1,3,3,1,0,87.2,70.6,Ovate,White,Temperate,Very High,High
100,60,80,60,0,0,1,0,2,2,3,1,1,3,0,79.8,73.2,Ovate,Intermediate,Temperate,Very High,High
60,100,60,80,0,0,0,1,2,2,1,3,3,1,0,86.6,67.1,Ovate,Yellow,Temperate,Very High,High
100,60,80,60,0,0,1,0,2,2,3,1,1,3,0,75.3,68.1,Ovate,White,Temperate,Very High,High
60,100,60,80,0,0,0,1,2,2,1,3,3,1,0,82.4,67.9,Ovate,Intermediate,Temperate,Very High,High
100,60,80,60,0,0,1,0,2,2,3,1,1,3,0,76.0,69.3,Ovate,Yellow,Temperate,Very High,High
60,100,60,80,0,0,0,1,2,2,1,3,3,1,0,72.9,69.7,Ovate,White,Temperate,Very High,High
100,60,80,60,0,0,1,0,2,2,3,1,1,3,0,78.1,66.9,Ovate,Intermediate,Temperate,Very High,High
60,100,60,80,0,0,0,1,2,2,1,3,3,1,0,78.6,67.9,Ovate,White,Temperate,Very High,High
100,60,80,60,0,0,1,0,2,2,3,1,1,3,0,79.4,68.5,Ovate,White,Temperate,Very High,High
60,100,60,80,0,0,0,1,2,2,1,3,3,1,0,81.4,68.1,Ovate,Yellow,Temperate,Very High,High
100,60,80,60,0,0,1,0,2,2,3,1,1,3,0,76.1,76.7,Ovate,Yellow,Temperate,Very High,High
60,100,60,80,0,0,0,1,2,2,1,3,3,1,0,80.6,78.1,Ovate,White,Temperate,Very High,High
100,60,80,60,0,0,1,0,2,2,3,1,1,3,0,83.9,65.5,Ovate,Intermediate,Temperate,Very High,High
60,100,60,80,0,0,0,1,2,2,1,3,3,1,0,78.9,71.2,Ovate,Yellow,Temperate,Very High,High
100,60,80,60,0,0,1,0,2,2,3,1,1,3,0,86.5,72.5,Ovate,Intermediate,Temperate,Very High,High
60,300,60,110,0,3,0,0,2,4,1,3,3,3,0,181.0,88.5,Intermediate,White,Temperate,Very High,High
300,60,110,60,3,0,0,0,4,2,3,1,3,3,0,185.2,78.5,Ovate,White,Temperate,Very High,High
60,300,60,110,0,3,0,0,2,4,1,3,3,3,0,172.4,83.4,Ovate,White,Temperate,Very High,High
300,60,110,60,3,0,0,0,4,2,3,1,3,3,0,172.8,80.3,Linear,White,Arid,Very High,High
60,300,60,110,0,3,0,0,2,4,1,3,3,3,0,174.9,84.0,Ovate,White,Arid,Very High,High
300,60,110,60,3,0,0,0,4,2,3,1,3,3,0,168.3,85.3,Ovate,White,Arid,Very High,High
60,300,60,110,0,3,0,0,2,4,1,3,3,3,0,184.1,83.0,Ovate,White,Temperate,Very High,High
300,60,110,60,3,0,0,0,4,2,3,1,3,3,0,179.6,81.0,Linear,White,Arid,Very High,High
60,300,60,110,0,3,0,0,2,4,1,3,3,3,0,184.0,86.9,Linear,White,Arid,Very High,High
300,60,110,60,3,0,0,0,4,2,3,1,3,3,0,183.9,84.0,Intermediate,White,Arid,Very High,High
60,300,60,110,0,3,0,0,2,4,1,3,3,3,0,190.0,93.5,Intermediate,White,Temperate,Very High,High
300,60,110,60,3,0,0,0,4,2,3,1,3,3,0,168.7,79.9,Ovate,White,Arid,Very High,High
60,300,60,110,0,3,0,0,2,4,1,3,3,3,0,189.3,81.5,Intermediate,White,Temperate,Very High,High
300,60,110,60,3,0,0,0,4,2,3,1,3,3,0,193.0,90.7,Linear,White,Temperate,Very High,High
60,300,60,110,0,3,0,0,2,4,1,3,3,3,0,163.7,86.8,Linear,White,Temperate,Very High,High
300,60,110,60,3,0,0,0,4,2,3,1,3,3,0,183.6,77.9,Ovate,White,Arid,Very High,High
60,250,60,90,0,3,0,2,2,5,1,3,3,1,0,162.2,79.6,Intermediate,Intermediate,Temperate,Very High,High
250,60,90,60,3,0,2,0,5,2,3,1,1,3,0,162.5,75.3,Linear,White,Semi-Arid,Very High,High
60,250,60,90,0,3,0,2,2,5,1,3,3,1,0,157.6,79.5,Ovate,Intermediate,Semi-Arid,Very High,High
250,60,90,60,3,0,2,0,5,2,3,1,1,3,0,152.6,71.7,Intermediate,Intermediate,Temperate,Very High,High
60,250,60,90,0,3,0,2,2,5,1,3,3,1,0,151.1,77.7,Ovate,Intermediate,Semi-Arid,Very High,High
250,60,90,60,3,0,2,0,5,2,3,1,1,3,0,151.6,76.5,Intermediate,Purple,Temperate,Very High,High
60,250,60,90,0,3,0,2,2,5,1,3,3,1,0,149.5,80.7,Ovate,Purple,Semi-Arid,Very High,High
250,60,90,60,3,0,2,0,5,2,3,1,1,3,0,155.0,80.6,Linear,White,Temperate,Very High,High
60,250,60,90,0,3,0,2,2,5,1,3,3,1,0,157.3,84.8,Ovate,Intermediate,Temperate,Very High,High
250,60,90,60,3,0,2,0,5,2,3,1,1,3,0,157.7,74.8,Linear,Intermediate,Semi-Arid,Very High,High
60,250,60,90,0,3,0,2,2,5,1,3,3,1,0,155.6,77.6,Intermediate,Intermediate,Semi-Arid,Very High,High
250,60,90,60,3,0,2,0,5,2,3,1,1,3,0,157.7,75.4,Linear,White,Semi-Arid,Very High,High
60,250,60,90,0,3,0,2,2,5,1,3,3,1,0,154.3,69.1,Linear,Purple,Temperate,Very High,High
250,60,90,60,3,0,2,0,5,2,3,1,1,3,0,155.6,77.0,Intermediate,Intermediate,Semi-Arid,Very High,High
60,250,60,90,0,3,0,2,2,5,1,3,3,1,0,154.4,74.2,Intermediate,White,Semi-Arid,Very High,High
250,60,90,60,3,0,2,0,5,2,3,1,1,3,0,139.8,68.5,Ovate,Intermediate,Temperate,Very High,High
60,100,60,65,0,7,0,1,2,0,1,2,3,3,0,89.7,60.2,Intermediate,White,Tropical,Very High,High
100,60,65,60,7,0,1,0,0,2,2,1,3,3,0,81.0,61.7,Intermediate,Intermediate,Temperate,Very High,High
60,100,60,65,0,7,0,1,2,0,1,2,3,3,0,78.8,57.2,Pinnate,Intermediate,Temperate,Very High,High
100,60,65,60,7,0,1,0,0,2,2,1,3,3,0,79.2,59.5,Pinnate,White,Temperate,Very High,High
60,100,60,65,0,7,0,1,2,0,1,2,3,3,0,83.5,62.1,Ovate,Intermediate,Tropical,Very High,High
100,60,65,60,7,0,1,0,0,2,2,1,3,3,0,80.8,62.4,Intermediate,Intermediate,Temperate,Very High,High
60,100,60,65,0,7,0,1,2,0,1,2,3,3,0,78.2,61.0,Pinnate,White,Tropical,Very High,High
100,60,65,60,7,0,1,0,0,2,2,1,3,3,0,86.2,67.2,Pinnate,Intermediate,Tropical,Very High,High
60,100,60,65,0,7,0,1,2,0,1,2,3,3,0,77.6,66.9,Intermediate,Yellow,Tropical,Very High,High
100,60,65,60,7,0,1,0,0,2,2,1,3,3,0,86.2,66.1,Intermediate,White,Tropical,Very High,High
60,100,60,65,0,7,0,1,2,0,1,2,3,3,0,80.1,64.7,Ovate,Intermediate,Tropical,Very High,High
100,60,65,60,7,0,1,0,0,2,2,1,3,3,0,83.2,57.5,Pinnate,White,Tropical,Very High,High
60,100,60,65,0,7,0,1,2,0,1,2,3,3,0,82.7,69.3,Intermediate,White,Tropical,Very High,High
100,60,65,60,7,0,1,0,0,2,2,1,3,3,0,82.4,59.8,Intermediate,Intermediate,Tropical,Very High,High
60,100,60,65,0,7,0,1,2,0,1,2,3,3,0,82.8,57.9,Intermediate,Intermediate,Temperate,Very High,High
100,60,65,60,7,0,1,0,0,2,2,1,3,3,0,82.4,60.6,Ovate,Intermediate,Tropical,Very High,High
60,30,60,75,0,7,0,0,2,6,1,1,3,3,0,47.8,67.4,Ovate,White,Cool Temperate,Moderate,High
30,60,75,60,7,0,0,0,6,2,1,1,3,3,0,42.8,69.6,Intermediate,White,Cool Temperate,Moderate,High
60,30,60,75,0,7,0,0,2,6,1,1,3,3,0,43.7,71.1,Pinnate,White,Cool Temperate,Moderate,High
30,60,75,60,7,0,0,0,6,2,1,1,3,3,0,47.0,66.9,Intermediate,White,Temperate,Moderate,High
60,30,60,75,0,7,0,0,2,6,1,1,3,3,0,44.4,66.3,Ovate,White,Cool Temperate,Moderate,High
30,60,75,60,7,0,0,0,6,2,1,1,3,3,0,46.3,66.9,Intermediate,White,Cool Temperate,Moderate,High
60,30,60,75,0,7,0,0,2,6,1,1,3,3,0,44.0,66.6,Intermediate,White,Cool Temperate,Moderate,High
30,60,75,60,7,0,0,0,6,2,1,1,3,3,0,43.1,63.4,Intermediate,White,Temperate,Moderate,High
60,30,60,75,0,7,0,0,2,6,1,1,3,3,0,45.9,71.8,Intermediate,White,Cool Temperate,Moderate,High
30,60,75,60,7,0,0,0,6,2,1,1,3,3,0,46.0,62.5,Ovate,White,Cool Temperate,Moderate,High
60,30,60,75,0,7,0,0,2,6,1,1,3,3,0,45.1,65.3,Intermediate,White,Cool Temperate,Moderate,High
30,60,75,60,7,0,0,0,6,2,1,1,3,3,0,47.4,68.8,Intermediate,White,Cool Temperate,Moderate,High
60,30,60,75,0,7,0,0,2,6,1,1,3,3,0,40.4,65.9,Intermediate,White,Cool Temperate,Moderate,High
30,60,75,60,7,0,0,0,6,2,1,1,3,3,0,47.4,67.3,Intermediate,White,Cool Temperate,Moderate,High
60,30,60,75,0,7,0,0,2,6,1,1,3,3,0,44.8,67.8,Pinnate,White,Temperate,Moderate,High
30,60,75,60,7,0,0,0,6,2,1,1,3,3,0,47.0,72.0,Intermediate,White,Temperate,Moderate,High
180,100,80,95,0,0,0,2,0,2,2,2,3,4,1,139.5,92.1,Ovate,Intermediate,Temperate,High,Very High
100,180,95,80,0,0,2,0,2,0,2,2,4,3,1,134.3,82.7,Ovate,Purple,Temperate,High,Very High
180,100,80,95,0,0,0,2,0,2,2,2,3,4,1,145.9,89.2,Ovate,Intermediate,Temperate,High,Very High
100,180,95,80,0,0,2,0,2,0,2,2,4,3,1,128.6,84.4,Ovate,Intermediate,Tropical,High,Very High
180,100,80,95,0,0,0,2,0,2,2,2,3,4,1,141.1,90.3,Ovate,Intermediate,Tropical,High,Very High
100,180,95,80,0,0,2,0,2,0,2,2,4,3,1,143.2,91.0,Ovate,Intermediate,Tropical,High,Very High
180,100,80,95,0,0,0,2,0,2,2,2,3,4,1,130.1,96.9,Ovate,White,Temperate,High,Very High
100,180,95,80,0,0,2,0,2,0,2,2,4,3,1,144.3,86.0,Ovate,Purple,Tropical,High,Very High
180,100,80,95,0,0,0,2,0,2,2,2,3,4,1,135.7,78.6,Ovate,Purple,Tropical,High,Very High
100,180,95,80,0,0,2,0,2,0,2,2,4,3,1,145.0,90.1,Ovate,White,Temperate,High,Very High
180,100,80,95,0,0,0,2,0,2,2,2,3,4,1,132.9,87.6,Ovate,Intermediate,Temperate,High,Very High
100,180,95,80,0,0,2,0,2,0,2,2,4,3,1,140.7,93.3,Ovate,Intermediate,Temperate,High,Very High
180,100,80,95,0,0,0,2,0,2,2,2,3,4,1,140.8,86.4,Ovate,Intermediate,Tropical,High,Very High
100,180,95,80,0,0,2,0,2,0,2,2,4,3,1,143.1,85.7,Ovate,White,Temperate,High,Very High
180,100,80,95,0,0,0,2,0,2,2,2,3,4,1,136.7,89.1,Ovate,Intermediate,Temperate,High,Very High
100,180,95,80,0,0,2,0,2,0,2,2,4,3,1,143.4,86.5,Ovate,White,Temperate,High,Very High
180,50,80,130,0,9,0,1,0,8,2,1,3,3,1,115.3,104.8,Ovate,White,Tropical/Subtropical,Very High,High
50,180,130,80,9,0,1,0,8,0,1,2,3,3,1,106.4,102.6,Ovate,Yellow,Tropical,Very High,High
180,50,80,130,0,9,0,1,0,8,2,1,3,3,1,114.1,114.6,Ovate,Yellow,Tropical/Subtropical,Very High,High
50,180,130,80,9,0,1,0,8,0,1,2,3,3,1,114.2,102.4,Intermediate,Intermediate,Tropical/Subtropical,Very High,High
180,50,80,130,0,9,0,1,0,8,2,1,3,3,1,126.5,111.4,Intermediate,Yellow,Tropical/Subtropical,Very High,High
50,180,130,80,9,0,1,0,8,0,1,2,3,3,1,100.8,101.2,Intermediate,Intermediate,Tropical/Subtropical,Very High,High
180,50,80,130,0,9,0,1,0,8,2,1,3,3,1,115.0,103.0,Intermediate,Yellow,Tropical/Subtropical,Very High,High
50,180,130,80,9,0,1,0,8,0,1,2,3,3,1,113.0,102.2,Intermediate,Yellow,Tropical/Subtropical,Very High,High
180,50,80,130,0,9,0,1,0,8,2,1,3,3,1,110.2,100.8,Compound,White,Tropical,Very High,High
50,180,130,80,9,0,1,0,8,0,1,2,3,3,1,114.1,112.6,Ovate,White,Tropical,Very High,High
180,50,80,130,0,9,0,1,0,8,2,1,3,3,1,117.2,99.7,Intermediate,Intermediate,Tropical/Subtropical,Very High,High
50,180,130,80,9,0,1,0,8,0,1,2,3,3,1,105.0,99.0,Compound,Yellow,Tropical,Very High,High
180,50,80,130,0,9,0,1,0,8,2,1,3,3,1,109.5,106.2,Intermediate,Yellow,Tropical/Subtropical,Very High,High
50,180,130,80,9,0,1,0,8,0,1,2,3,3,1,106.5,100.0,Intermediate,Yellow,Tropical/Subtropical,Very High,High
180,50,80,130,0,9,0,1,0,8,2,1,3,3,1,114.3,108.5,Intermediate,Intermediate,Tropical,Very High,High
50,180,130,80,9,0,1,0,8,0,1,2,3,3,1,119.3,104.3,Intermediate,Yellow,Tropical,Very High,High
180,70,80,90,0,7,0,0,0,6,2,1,3,4,0,117.3,88.1,Intermediate,White,Cool Temperate,Very High,Very High
70,180,90,80,7,0,0,0,6,0,1,2,4,3,0,128.8,85.1,Pinnate,White,Cool Temperate,Very High,Very High
180,70,80,90,0,7,0,0,0,6,2,1,3,4,0,115.5,90.9,Ovate,White,Cool Temperate,Very High,Very High
70,180,90,80,7,0,0,0,6,0,1,2,4,3,0,124.8,86.3,Intermediate,White,Tropical,Very High,Very High
180,70,80,90,0,7,0,0,0,6,2,1,3,4,0,129.3,86.9,Ovate,White,Tropical,Very High,Very High
70,180,90,80,7,0,0,0,6,0,1,2,4,3,0,121.7,81.4,Intermediate,White,Tropical,Very High,Very High
180,70,80,90,0,7,0,0,0,6,2,1,3,4,0,134.8,90.9,Intermediate,White,Cool Temperate,Very High,Very High
70,180,90,80,7,0,0,0,6,0,1,2,4,3,0,126.8,84.0,Ovate,White,Tropical,Very High,Very High
180,70,80,90,0,7,0,0,0,6,2,1,3,4,0,136.2,87.3,Pinnate,White,Cool Temperate,Very High,Very High
70,180,90,80,7,0,0,0,6,0,1,2,4,3,0,121.3,81.5,Intermediate,White,Cool Temperate,Very High,Very High
180,70,80,90,0,7,0,0,0,6,2,1,3,4,0,120.5,83.5,Intermediate,White,Tropical,Very High,Very High
70,180,90,80,7,0,0,0,6,0,1,2,4,3,0,115.4,81.6,Intermediate,White,Tropical,Very High,Very High
180,70,80,90,0,7,0,0,0,6,2,1,3,4,0,134.9,83.3,Intermediate,White,Cool Temperate,Very High,Very High
70,180,90,80,7,0,0,0,6,0,1,2,4,3,0,130.3,81.2,Intermediate,White,Cool Temperate,Very High,Very High
180,70,80,90,0,7,0,0,0,6,2,1,3,4,0,120.3,89.7,Ovate,White,Cool Temperate,Very High,Very High
70,180,90,80,7,0,0,0,6,0,1,2,4,3,0,116.7,86.5,Intermediate,White,Cool Temperate,Very High,Very High
180,30,80,100,0,5,0,2,0,8,2,2,3,3,0,110.0,97.2,Intermediate,Purple,Tropical,High,High
30,180,100,80,5,0,2,0,8,0,2,2,3,3,0,96.8,92.3,Intermediate,Intermediate,Tropical,High,High
180,30,80,100,0,5,0,2,0,8,2,2,3,3,0,110.2,77.5,Ovate,Intermediate,Tropical/Subtropical,High,High
30,180,100,80,5,0,2,0,8,0,2,2,3,3,0,103.4,83.5,Intermediate,Intermediate,Tropical,High,High
180,30,80,100,0,5,0,2,0,8,2,2,3,3,0,104.9,91.3,Intermediate,Intermediate,Tropical,High,High
30,180,100,80,5,0,2,0,8,0,2,2,3,3,0,115.4,93.3,Intermediate,Purple,Tropical,High,High
180,30,80,100,0,5,0,2,0,8,2,2,3,3,0,107.5,87.3,Intermediate,Intermediate,Tropical,High,High
30,180,100,80,5,0,2,0,8,0,2,2,3,3,0,105.6,85.4,Ovate,Intermediate,Tropical,High,High
180,30,80,100,0,5,0,2,0,8,2,2,3,3,0,106.6,96.4,Cordate,Intermediate,Tropical,High,High
30,180,100,80,5,0,2,0,8,0,2,2,3,3,0,105.0,95.4,Ovate,White,Tropical,High,High
180,30,80,100,0,5,0,2,0,8,2,2,3,3,0,105.0,86.4,Intermediate,Intermediate,Tropical,High,High
30,180,100,80,5,0,2,0,8,0,2,2,3,3,0,105.1,87.2,Intermediate,Intermediate,Tropical,High,High
180,30,80,100,0,5,0,2,0,8,2,2,3,3,0,103.0,90.0,Intermediate,Purple,Tropical/Subtropical,High,High
30,180,100,80,5,0,2,0,8,0,2,2,3,3,0,101.0,93.8,Cordate,Intermediate,Tropical/Subtropical,High,High
180,30,80,100,0,5,0,2,0,8,2,2,3,3,0,99.6,89.9,Ovate,Intermediate,Tropical,High,High
30,180,100,80,5,0,2,0,8,0,2,2,3,3,0,112.2,92.8,Intermediate,Purple,Tropical/Subtropical,High,High
180,300,80,270,0,4,0,0,0,0,2,3,3,4,0,236.2,185.3,Intermediate,White,Tropical,Very High,Very High
300,180,270,80,4,0,0,0,0,0,3,2,4,3,0,228.8,162.0,Palmate,White,Tropical,Very High,Very High
180,300,80,270,0,4,0,0,0,0,2,3,3,4,0,255.9,174.4,Palmate,White,Tropical,Very High,Very High
300,180,270,80,4,0,0,0,0,0,3,2,4,3,0,226.9,176.0,Palmate,White,Tropical,Very High,Very High
180,300,80,270,0,4,0,0,0,0,2,3,3,4,0,234.9,178.2,Intermediate,White,Tropical,Very High,Very High
300,180,270,80,4,0,0,0,0,0,3,2,4,3,0,230.1,195.7,Ovate,White,Tropical,Very High,Very High
180,300,80,270,0,4,0,0,0,0,2,3,3,4,0,227.2,180.0,Intermediate,White,Tropical,Very High,Very High
300,180,270,80,4,0,0,0,0,0,3,2,4,3,0,254.0,191.9,Ovate,White,Tropical,Very High,Very High
180,300,80,270,0,4,0,0,0,0,2,3,3,4,0,229.9,185.4,Ovate,White,Tropical,Very High,Very High
300,180,270,80,4,0,0,0,0,0,3,2,4,3,0,242.5,177.3,Intermediate,White,Tropical,Very High,Very High
180,300,80,270,0,4,0,0,0,0,2,3,3,4,0,261.2,186.1,Intermediate,White,Tropical,Very High,Very High
300,180,270,80,4,0,0,0,0,0,3,2,4,3,0,238.7,168.9,Ovate,White,Tropical,Very High,Very High
180,300,80,270,0,4,0,0,0,0,2,3,3,4,0,254.2,188.6,Intermediate,White,Tropical,Very High,Very High
300,180,270,80,4,0,0,0,0,0,3,2,4,3,0,223.5,181.8,Ovate,White,Tropical,Very High,Very High
180,300,80,270,0,4,0,0,0,0,2,3,3,4,0,259.0,171.2,Ovate,White,Tropical,Very High,Very High
300,180,270,80,4,0,0,0,0,0,3,2,4,3,0,220.5,183.6,Palmate,White,Tropical,Very High,Very High
180,50,80,70,0,6,0,1,0,6,2,1,3,3,0,106.6,74.8,Intermediate,Yellow,Tropical,Very High,High
50,180,70,80,6,0,1,0,6,0,1,2,3,3,0,121.7,73.6,Intermediate,Intermediate,Tropical,Very High,High
180,50,80,70,0,6,0,1,0,6,2,1,3,3,0,121.0,72.2,Intermediate,Yellow,Cool Temperate,Very High,High
50,180,70,80,6,0,1,0,6,0,1,2,3,3,0,120.4,73.6,Oblong,Intermediate,Cool Temperate,Very High,High
180,50,80,70,0,6,0,1,0,6,2,1,3,3,0,102.3,72.0,Intermediate,Intermediate,Cool Temperate,Very High,High
50,180,70,80,6,0,1,0,6,0,1,2,3,3,0,128.5,85.9,Oblong,White,Cool Temperate,Very High,High
180,50,80,70,0,6,0,1,0,6,2,1,3,3,0,114.8,73.1,Ovate,Intermediate,Cool Temperate,Very High,High
50,180,70,80,6,0,1,0,6,0,1,2,3,3,0,112.7,76.5,Oblong,Intermediate,Tropical,Very High,High
180,50,80,70,0,6,0,1,0,6,2,1,3,3,0,114.2,73.0,Ovate,Intermediate,Tropical,Very High,High
50,180,70,80,6,0,1,0,6,0,1,2,3,3,0,114.7,78.1,Ovate,White,Cool Temperate,Very High,High
180,50,80,70,0,6,0,1,0,6,2,1,3,3,0,111.2,82.1,Ovate,Intermediate,Cool Temperate,Very High,High
50,180,70,80,6,0,1,0,6,0,1,2,3,3,0,110.7,73.4,Intermediate,Intermediate,Tropical,Very High,High
180,50,80,70,0,6,0,1,0,6,2,1,3,3,0,115.8,69.7,Ovate,Intermediate,Tropical,Very High,High
50,180,70,80,6,0,1,0,6,0,1,2,3,3,0,119.3,77.4,Ovate,Intermediate,Tropical,Very High,High
180,50,80,70,0,6,0,1,0,6,2,1,3,3,0,122.0,72.8,Ovate,Intermediate,Cool Temperate,Very High,High
50,180,70,80,6,0,1,0,6,0,1,2,3,3,0,105.0,77.5,Intermediate,Intermediate,Tropical,Very High,High
180,130,80,100,0,10,0,1,0,2,2,2,3,4,0,165.0,94.0,Intermediate,White,Temperate,High,Very High
130,180,100,80,10,0,1,0,2,0,2,2,4,3,0,158.3,81.1,Lobed,Intermediate,Tropical,High,Very High
180,130,80,100,0,10,0,1,0,2,2,2,3,4,0,155.4,84.8,Ovate,White,Tropical,High,Very High
130,180,100,80,10,0,1,0,2,0,2,2,4,3,0,165.9,88.6,Lobed,Intermediate,Tropical,High,Very High
180,130,80,100,0,10,0,1,0,2,2,2,3,4,0,167.2,84.8,Lobed,Yellow,Temperate,High,Very High
130,180,100,80,10,0,1,0,2,0,2,2,4,3,0,161.3,82.9,Intermediate,Yellow,Tropical,High,Very High
180,130,80,100,0,10,0,1,0,2,2,2,3,4,0,146.7,93.2,Intermediate,White,Tropical,High,Very High
130,180,100,80,10,0,1,0,2,0,2,2,4,3,0,150.0,86.1,Ovate,Intermediate,Temperate,High,Very High
180,130,80,100,0,10,0,1,0,2,2,2,3,4,0,142.9,87.3,Lobed,Yellow,Tropical,High,Very High
130,180,100,80,10,0,1,0,2,0,2,2,4,3,0,163.6,87.8,Ovate,White,Temperate,High,Very High
180,130,80,100,0,10,0,1,0,2,2,2,3,4,0,157.4,80.4,Lobed,White,Tropical,High,Very High
130,180,100,80,10,0,1,0,2,0,2,2,4,3,0,165.5,92.8,Lobed,Intermediate,Temperate,High,Very High
180,130,80,100,0,10,0,1,0,2,2,2,3,4,0,159.1,94.3,Intermediate,White,Temperate,High,Very High
130,180,100,80,10,0,1,0,2,0,2,2,4,3,0,155.9,96.6,Ovate,Yellow,Tropical,High,Very High
180,130,80,100,0,10,0,1,0,2,2,2,3,4,0,147.0,82.4,Intermediate,Intermediate,Tropical,High,Very High
130,180,100,80,10,0,1,0,2,0,2,2,4,3,0,150.8,81.8,Intermediate,Yellow,Tropical,High,Very High
180,150,80,150,0,4,0,0,0,1,2,1,3,3,0,159.7,112.0,Ovate,White,Subtropical,Very High,High
150,180,150,80,4,0,0,0,1,0,1,2,3,3,0,166.6,117.2,Intermediate,White,Subtropical,Very High,High
180,150,80,150,0,4,0,0,0,1,2,1,3,3,0,168.0,108.1,Ovate,White,Subtropical,Very High,High
150,180,150,80,4,0,0,0,1,0,1,2,3,3,0,168.9,114.8,Intermediate,White,Tropical,Very High,High
180,150,80,150,0,4,0,0,0,1,2,1,3,3,0,170.4,118.1,Ovate,White,Tropical,Very High,High
150,180,150,80,4,0,0,0,1,0,1,2,3,3,0,176.8,120.4,Intermediate,White,Tropical,Very High,High
180,150,80,150,0,4,0,0,0,1,2,1,3,3,0,161.1,111.6,Intermediate,White,Tropical,Very High,High
150,180,150,80,4,0,0,0,1,0,1,2,3,3,0,165.5,118.0,Intermediate,White,Tropical,Very High,High
180,150,80,150,0,4,0,0,0,1,2,1,3,3,0,161.9,108.3,Palmate,White,Tropical,Very High,High
150,180,150,80,4,0,0,0,1,0,1,2,3,3,0,167.4,109.3,Intermediate,White,Tropical,Very High,High
180,150,80,150,0,4,0,0,0,1,2,1,3,3,0,160.6,118.9,Palmate,White,Tropical,Very High,High
150,180,150,80,4,0,0,0,1,0,1,2,3,3,0,180.5,115.4,Intermediate,White,Tropical,Very High,High
180,150,80,150,0,4,0,0,0,1,2,1,3,3,0,170.9,115.8,Intermediate,White,Subtropical,Very High,High
150,180,150,80,4,0,0,0,1,0,1,2,3,3,0,174.8,110.4,Palmate,White,Tropical,Very High,High
180,150,80,150,0,4,0,0,0,1,2,1,3,3,0,153.5,108.9,Intermediate,White,Tropical,Very High,High
150,180,150,80,4,0,0,0,1,0,1,2,3,3,0,159.5,119.5,Intermediate,White,Subtropical,Very High,High
180,200,80,170,0,4,0,1,0,0,2,2,3,1,0,197.1,126.7,Intermediate,Yellow,Tropical,High,High
200,180,170,80,4,0,1,0,0,0,2,2,1,3,0,185.7,120.1,Ovate,Intermediate,Tropical,High,High
180,200,80,170,0,4,0,1,0,0,2,2,3,1,0,188.3,126.0,Intermediate,Intermediate,Tropical,High,High
200,180,170,80,4,0,1,0,0,0,2,2,1,3,0,196.5,114.7,Intermediate,White,Tropical,High,High
180,200,80,170,0,4,0,1,0,0,2,2,3,1,0,196.0,113.1,Intermediate,Yellow,Tropical,High,High
200,180,170,80,4,0,1,0,0,0,2,2,1,3,0,194.8,123.0,Ovate,Intermediate,Tropical,High,High
180,200,80,170,0,4,0,1,0,0,2,2,3,1,0,196.1,131.7,Ovate,Intermediate,Tropical,High,High
200,180,170,80,4,0,1,0,0,0,2,2,1,3,0,189.6,128.6,Intermediate,Intermediate,Tropical,High,High
180,200,80,170,0,4,0,1,0,0,2,2,3,1,0,177.0,127.1,Intermediate,Intermediate,Tropical,High,High
200,180,170,80,4,0,1,0,0,0,2,2,1,3,0,182.0,117.5,Ovate,Intermediate,Tropical,High,High
180,200,80,170,0,4,0,1,0,0,2,2,3,1,0,199.2,117.6,Palmate,Intermediate,Tropical,High,High
200,180,170,80,4,0,1,0,0,0,2,2,1,3,0,196.6,122.5,Intermediate,Yellow,Tropical,High,High
180,200,80,170,0,4,0,1,0,0,2,2,3,1,0,182.8,130.3,Ovate,Intermediate,Tropical,High,High
200,180,170,80,4,0,1,0,0,0,2,2,1,3,0,200.2,108.3,Ovate,Intermediate,Tropical,High,High
180,200,80,170,0,4,0,1,0,0,2,2,3,1,0,195.4,122.9,Palmate,Yellow,Tropical,High,High
200,180,170,80,4,0,1,0,0,0,2,2,1,3,0,181.4,129.4,Intermediate,Intermediate,Tropical,High,High
180,180,80,90,0,2,0,3,0,8,2,1,3,3,0,180.8,87.0,Intermediate,Intermediate,Tropical,Very High,High
180,180,90,80,2,0,3,0,8,0,1,2,3,3,0,185.1,83.3,Intermediate,Intermediate,Tropical,Very High,High
180,180,80,90,0,2,0,3,0,8,2,1,3,3,0,170.4,86.9,Intermediate,Pink,Tropical,Very High,High
180,180,90,80,2,0,3,0,8,0,1,2,3,3,0,174.2,81.2,Intermediate,Intermediate,Tropical/Subtropical,Very High,High
180,180,80,90,0,2,0,3,0,8,2,1,3,3,0,181.4,92.0,Intermediate,Intermediate,Tropical,Very High,High
180,180,90,80,2,0,3,0,8,0,1,2,3,3,0,181.2,83.4,Ovate,White,Tropical/Subtropical,Very High,High
180,180,80,90,0,2,0,3,0,8,2,1,3,3,0,195.8,79.5,Elliptical,Intermediate,Tropical/Subtropical,Very High,High
180,180,90,80,2,0,3,0,8,0,1,2,3,3,0,162.1,78.7,Intermediate,White,Tropical/Subtropical,Very High,High
180,180,80,90,0,2,0,3,0,8,2,1,3,3,0,176.1,80.5,Ovate,Intermediate,Tropical/Subtropical,Very High,High
180,180,90,80,2,0,3,0,8,0,1,2,3,3,0,174.6,92.3,Intermediate,Intermediate,Tropical/Subtropical,Very High,High
180,180,80,90,0,2,0,3,0,8,2,1,3,3,0,181.8,88.3,Intermediate,White,Tropical,Very High,High
180,180,90,80,2,0,3,0,8,0,1,2,3,3,0,162.5,81.2,Intermediate,Intermediate,Tropical/Subtropical,Very High,High
180,180,80,90,0,2,0,3,0,8,2,1,3,3,0,157.9,82.8,Intermediate,Intermediate,Tropical/Subtropical,Very High,High
180,180,90,80,2,0,3,0,8,0,1,2,3,3,0,178.6,90.7,Elliptical,Intermediate,Tropical,Very High,High
180,180,80,90,0,2,0,3,0,8,2,1,3,3,0,172.4,78.3,Intermediate,Pink,Tropical,Very High,High
180,180,90,80,2,0,3,0,8,0,1,2,3,3,0,161.5,84.9,Intermediate,Intermediate,Tropical/Subtropical,Very High,High
180,100,80,80,0,0,0,1,0,2,2,3,3,1,0,134.3,78.8,Ovate,Yellow,Tropical,Very High,High
100,180,80,80,0,0,1,0,2,0,3,2,1,3,0,155.1,86.0,Ovate,Yellow,Tropical,Very High,High
180,100,80,80,0,0,0,1,0,2,2,3,3,1,0,153.0,80.1,Ovate,Yellow,Temperate,Very High,High
100,180,80,80,0,0,1,0,2,0,3,2,1,3,0,155.0,76.2,Ovate,Intermediate,Temperate,Very High,High
180,100,80,80,0,0,0,1,0,2,2,3,3,1,0,145.1,81.9,Ovate,Intermediate,Tropical,Very High,High
100,180,80,80,0,0,1,0,2,0,3,2,1,3,0,135.4,80.6,Ovate,Intermediate,Temperate,Very High,High
180,100,80,80,0,0,0,1,0,2,2,3,3,1,0,143.0,87.7,Ovate,Intermediate,Temperate,Very High,High
100,180,80,80,0,0,1,0,2,0,3,2,1,3,0,148.4,78.0,Ovate,Intermediate,Temperate,Very High,High
180,100,80,80,0,0,0,1,0,2,2,3,3,1,0,133.1,76.3,Ovate,White,Tropical,Very High,High
100,180,80,80,0,0,1,0,2,0,3,2,1,3,0,149.6,83.9,Ovate,Yellow,Temperate,Very High,High
180,100,80,80,0,0,0,1,0,2,2,3,3,1,0,145.6,74.6,Ovate,Intermediate,Temperate,Very High,High
100,180,80,80,0,0,1,0,2,0,3,2,1,3,0,127.7,84.5,Ovate,Intermediate,Tropical,Very High,High
180,100,80,80,0,0,0,1,0,2,2,3,3,1,0,130.5,85.9,Ovate,Intermediate,Tropical,Very High,High
100,180,80,80,0,0,1,0,2,0,3,2,1,3,0,135.0,81.5,Ovate,White,Tropical,Very High,High
180,100,80,80,0,0,0,1,0,2,2,3,3,1,0,147.9,80.0,Ovate,Intermediate,Temperate,Very High,High
100,180,80,80,0,0,1,0,2,0,3,2,1,3,0,139.8,81.4,Ovate,Intermediate,Tropical,Very High,High
180,300,80,110,0,3,0,0,0,4,2,3,3,3,0,240.0,95.0,Intermediate,White,Tropical,Very High,High
300,180,110,80,3,0,0,0,4,0,3,2,3,3,0,221.2,92.8,Linear,White,Tropical,Very High,High
180,300,80,110,0,3,0,0,0,4,2,3,3,3,0,241.9,89.2,Intermediate,White,Arid,Very High,High
300,180,110,80,3,0,0,0,4,0,3,2,3,3,0,261.4,99.6,Linear,White,Arid,Very High,High
180,300,80,110,0,3,0,0,0,4,2,3,3,3,0,247.5,95.3,Intermediate,White,Tropical,Very High,High
300,180,110,80,3,0,0,0,4,0,3,2,3,3,0,248.0,85.5,Intermediate,White,Arid,Very High,High
180,300,80,110,0,3,0,0,0,4,2,3,3,3,0,236.6,96.6,Intermediate,White,Arid,Very High,High
300,180,110,80,3,0,0,0,4,0,3,2,3,3,0,229.1,94.8,Intermediate,White,Arid,Very High,High
180,300,80,110,0,3,0,0,0,4,2,3,3,3,0,255.4,97.0,Intermediate,White,Arid,Very High,High
300,180,110,80,3,0,0,0,4,0,3,2,3,3,0,230.0,82.7,Linear,White,Tropical,Very High,High
180,300,80,110,0,3,0,0,0,4,2,3,3,3,0,253.1,96.5,Linear,White,Arid,Very High,High
300,180,110,80,3,0,0,0,4,0,3,2,3,3,0,256.2,99.9,Ovate,White,Tropical,Very High,High
180,300,80,110,0,3,0,0,0,4,2,3,3,3,0,243.5,89.4,Linear,White,Arid,Very High,High
300,180,110,80,3,0,0,0,4,0,3,2,3,3,0,252.2,92.3,Intermediate,White,Arid,Very High,High
180,300,80,110,0,3,0,0,0,4,2,3,3,3,0,232.7,91.8,Intermediate,White,Arid,Very High,High
300,180,110,80,3,0,0,0,4,0,3,2,3,3,0,244.4,96.4,Intermediate,White,Tropical,Very High,High
180,250,80,90,0,3,0,2,0,5,2,3,3,1,0,206.3,79.6,Intermediate,White,Tropical,Very High,High
250,180,90,80,3,0,2,0,5,0,3,2,1,3,0,223.7,92.3,Linear,Intermediate,Semi-Arid,Very High,High
180,250,80,90,0,3,0,2,0,5,2,3,3,1,0,208.5,87.9,Ovate,White,Semi-Arid,Very High,High
250,180,90,80,3,0,2,0,5,0,3,2,1,3,0,223.9,79.0,Linear,White,Tropical,Very High,High
180,250,80,90,0,3,0,2,0,5,2,3,3,1,0,183.4,79.9,Ovate,White,Semi-Arid,Very High,High
250,180,90,80,3,0,2,0,5,0,3,2,1,3,0,213.3,89.1,Linear,Intermediate,Tropical,Very High,High
180,250,80,90,0,3,0,2,0,5,2,3,3,1,0,229.3,87.2,Intermediate,Purple,Semi-Arid,Very High,High
250,180,90,80,3,0,2,0,5,0,3,2,1,3,0,209.0,86.0,Ovate,Intermediate,Tropical,Very High,High
180,250,80,90,0,3,0,2,0,5,2,3,3,1,0,218.3,90.9,Linear,White,Tropical,Very High,High
250,180,90,80,3,0,2,0,5,0,3,2,1,3,0,206.3,80.8,Intermediate,White,Tropical,Very High,High
180,250,80,90,0,3,0,2,0,5,2,3,3,1,0,223.6,78.0,Ovate,White,Semi-Arid,Very High,High
250,180,90,80,3,0,2,0,5,0,3,2,1,3,0,207.5,80.9,Intermediate,Purple,Tropical,Very High,High
180,250,80,90,0,3,0,2,0,5,2,3,3,1,0,223.1,85.3,Intermediate,Purple,Tropical,Very High,High
250,180,90,80,3,0,2,0,5,0,3,2,1,3,0,196.7,86.8,Linear,Intermediate,Semi-Arid,Very High,High
180,250,80,90,0,3,0,2,0,5,2,3,3,1,0,232.1,81.4,Linear,Intermediate,Semi-Arid,Very High,High
250,180,90,80,3,0,2,0,5,0,3,2,1,3,0,221.1,89.6,Ovate,Intermediate,Tropical,Very High,High
180,100,80,65,0,7,0,1,0,0,2,2,3,3,0,155.0,75.2,Ovate,White,Tropical,High,High
100,180,65,80,7,0,1,0,0,0,2,2,3,3,0,143.4,75.8,Intermediate,Yellow,Tropical,High,High
180,100,80,65,0,7,0,1,0,0,2,2,3,3,0,152.2,74.6,Intermediate,Intermediate,Tropical,High,High
100,180,65,80,7,0,1,0,0,0,2,2,3,3,0,150.7,70.0,Ovate,Intermediate,Tropical,High,High
180,100,80,65,0,7,0,1,0,0,2,2,3,3,0,114.3,69.3,Pinnate,White,Tropical,High,High
100,180,65,80,7,0,1,0,0,0,2,2,3,3,0,149.3,77.2,Intermediate,White,Tropical,High,High
180,100,80,65,0,7,0,1,0,0,2,2,3,3,0,150.1,74.6,Ovate,Intermediate,Tropical,High,High
100,180,65,80,7,0,1,0,0,0,2,2,3,3,0,134.6,72.3,Ovate,Yellow,Tropical,High,High
180,100,80,65,0,7,0,1,0,0,2,2,3,3,0,130.0,68.9,Ovate,Yellow,Tropical,High,High
100,180,65,80,7,0,1,0,0,0,2,2,3,3,0,145.3,72.9,Intermediate,Intermediate,Tropical,High,High
180,100,80,65,0,7,0,1,0,0,2,2,3,3,0,133.3,70.0,Intermediate,Yellow,Tropical,High,High
100,180,65,80,7,0,1,0,0,0,2,2,3,3,0,144.1,71.3,Intermediate,Intermediate,Tropical,High,High
180,100,80,65,0,7,0,1,0,0,2,2,3,3,0,139.3,70.6,Intermediate,White,Tropical,High,High
100,180,65,80,7,0,1,0,0,0,2,2,3,3,0,144.4,79.2,Intermediate,Intermediate,Tropical,High,High
180,100,80,65,0,7,0,1,0,0,2,2,3,3,0,129.9,72.7,Intermediate,Intermediate,Tropical,High,High
100,180,65,80,7,0,1,0,0,0,2,2,3,3,0,132.6,74.9,Pinnate,Intermediate,Tropical,High,High
180,30,80,75,0,7,0,0,0,6,2,1,3,3,0,95.0,73.9,Pinnate,White,Tropical,Very High,High
30,180,75,80,7,0,0,0,6,0,1,2,3,3,0,103.4,81.6,Intermediate,White,Cool Temperate,Very High,High
180,30,80,75,0,7,0,0,0,6,2,1,3,3,0,101.5,81.6,Intermediate,White,Tropical,Very High,High
30,180,75,80,7,0,0,0,6,0,1,2,3,3,0,109.4,75.7,Ovate,White,Tropical,Very High,High
180,30,80,75,0,7,0,0,0,6,2,1,3,3,0,107.0,76.2,Pinnate,White,Cool Temperate,Very High,High
30,180,75,80,7,0,0,0,6,0,1,2,3,3,0,105.6,84.9,Pinnate,White,Tropical,Very High,High
180,30,80,75,0,7,0,0,0,6,2,1,3,3,0,112.3,71.7,Intermediate,White,Cool Temperate,Very High,High
30,180,75,80,7,0,0,0,6,0,1,2,3,3,0,107.0,79.4,Pinnate,White,Tropical,Very High,High
180,30,80,75,0,7,0,0,0,6,2,1,3,3,0,100.1,76.8,Intermediate,White,Cool Temperate,Very High,High
30,180,75,80,7,0,0,0,6,0,1,2,3,3,0,100.7,78.9,Intermediate,White,Tropical,Very High,High
180,30,80,75,0,7,0,0,0,6,2,1,3,3,0,103.3,77.8,Intermediate,White,Tropical,Very High,High
30,180,75,80,7,0,0,0,6,0,1,2,3,3,0,106.8,77.4,Ovate,White,Cool Temperate,Very High,High
180,30,80,75,0,7,0,0,0,6,2,1,3,3,0,101.6,72.9,Pinnate,White,Tropical,Very High,High
30,180,75,80,7,0,0,0,6,0,1,2,3,3,0,104.3,78.5,Intermediate,White,Tropical,Very High,High
180,30,80,75,0,7,0,0,0,6,2,1,3,3,0,104.4,79.4,Pinnate,White,Cool Temperate,Very High,High
30,180,75,80,7,0,0,0,6,0,1,2,3,3,0,114.2,79.5,Intermediate,White,Cool Temperate,Very High,High
100,50,95,130,0,9,2,1,2,8,2,1,4,3,1,81.4,117.6,Intermediate,Purple,Tropical/Subtropical,Very High,Very High
50,100,130,95,9,0,1,2,8,2,1,2,3,4,1,77.9,114.7,Intermediate,Intermediate,Temperate,Very High,Very High
100,50,95,130,0,9,2,1,2,8,2,1,4,3,1,77.8,111.1,Intermediate,Purple,Tropical/Subtropical,Very High,Very High
50,100,130,95,9,0,1,2,8,2,1,2,3,4,1,69.5,114.2,Intermediate,Intermediate,Temperate,Very High,Very High
100,50,95,130,0,9,2,1,2,8,2,1,4,3,1,69.9,115.2,Compound,Intermediate,Temperate,Very High,Very High
50,100,130,95,9,0,1,2,8,2,1,2,3,4,1,68.0,119.2,Intermediate,Purple,Temperate,Very High,Very High
100,50,95,130,0,9,2,1,2,8,2,1,4,3,1,65.4,114.9,Intermediate,Intermediate,Tropical/Subtropical,Very High,Very High
50,100,130,95,9,0,1,2,8,2,1,2,3,4,1,64.9,107.2,Intermediate,Purple,Tropical/Subtropical,Very High,Very High
100,50,95,130,0,9,2,1,2,8,2,1,4,3,1,71.5,109.8,Intermediate,Intermediate,Temperate,Very High,Very High
50,100,130,95,9,0,1,2,8,2,1,2,3,4,1,82.2,119.7,Ovate,Yellow,Temperate,Very High,Very High
100,50,95,130,0,9,2,1,2,8,2,1,4,3,1,73.6,112.8,Intermediate,Intermediate,Temperate,Very High,Very High
50,100,130,95,9,0,1,2,8,2,1,2,3,4,1,72.5,107.2,Compound,Purple,Tropical/Subtropical,Very High,Very High
100,50,95,130,0,9,2,1,2,8,2,1,4,3,1,75.4,116.3,Intermediate,Yellow,Tropical/Subtropical,Very High,Very High
50,100,130,95,9,0,1,2,8,2,1,2,3,4,1,83.6,110.8,Intermediate,Yellow,Temperate,Very High,Very High
100,50,95,130,0,9,2,1,2,8,2,1,4,3,1,73.4,106.6,Ovate,Yellow,Tropical/Subtropical,Very High,Very High
50,100,130,95,9,0,1,2,8,2,1,2,3,4,1,78.0,118.6,Intermediate,Intermediate,Tropical/Subtropical,Very High,Very High
100,70,95,90,0,7,2,0,2,6,2,1,4,4,0,85.3,91.7,Intermediate,Intermediate,Cool Temperate,Very High,Very High
70,100,90,95,7,0,0,2,6,2,1,2,4,4,0,88.2,97.0,Intermediate,Purple,Cool Temperate,Very High,Very High
100,70,95,90,0,7,2,0,2,6,2,1,4,4,0,87.8,97.4,Intermediate,Intermediate,Cool Temperate,Very High,Very High
70,100,90,95,7,0,0,2,6,2,1,2,4,4,0,85.3,97.3,Intermediate,Intermediate,Temperate,Very High,Very High
100,70,95,90,0,7,2,0,2,6,2,1,4,4,0,90.5,101.2,Pinnate,White,Cool Temperate,Very High,Very High
70,100,90,95,7,0,0,2,6,2,1,2,4,4,0,82.9,102.4,Ovate,Intermediate,Temperate,Very High,Very High
100,70,95,90,0,7,2,0,2,6,2,1,4,4,0,87.6,88.8,Pinnate,Intermediate,Temperate,Very High,Very High
70,100,90,95,7,0,0,2,6,2,1,2,4,4,0,88.1,93.4,Ovate,Intermediate,Temperate,Very High,Very High
100,70,95,90,0,7,2,0,2,6,2,1,4,4,0,83.1,83.4,Intermediate,Intermediate,Cool Temperate,Very High,Very High
70,100,90,95,7,0,0,2,6,2,1,2,4,4,0,82.0,91.9,Intermediate,Intermediate,Temperate,Very High,Very High
100,70,95,90,0,7,2,0,2,6,2,1,4,4,0,81.9,89.8,Intermediate,White,Cool Temperate,Very High,Very High
70,100,90,95,7,0,0,2,6,2,1,2,4,4,0,87.6,84.6,Pinnate,Intermediate,Temperate,Very High,Very High
100,70,95,90,0,7,2,0,2,6,2,1,4,4,0,82.0,90.5,Intermediate,White,Cool Temperate,Very High,Very High
70,100,90,95,7,0,0,2,6,2,1,2,4,4,0,87.2,105.2,Intermediate,Purple,Cool Temperate,Very High,Very High
100,70,95,90,0,7,2,0,2,6,2,1,4,4,0,80.6,101.1,Intermediate,Purple,Temperate,Very High,Very High
70,100,90,95,7,0,0,2,6,2,1,2,4,4,0,89.8,95.1,Ovate,Purple,Temperate,Very High,Very High
100,30,95,100,0,5,2,2,2,8,2,2,4,3,0,68.7,92.2,Intermediate,Purple,Tropical/Subtropical,High,Very High
30,100,100,95,5,0,2,2,8,2,2,2,3,4,0,61.8,100.7,Cordate,Purple,Tropical/Subtropical,High,Very High
100,30,95,100,0,5,2,2,2,8,2,2,4,3,0,69.7,93.5,Intermediate,Purple,Temperate,High,Very High
30,100,100,95,5,0,2,2,8,2,2,2,3,4,0,69.1,99.1,Intermediate,Purple,Tropical/Subtropical,High,Very High
100,30,95,100,0,5,2,2,2,8,2,2,4,3,0,61.3,93.3,Cordate,Purple,Tropical/Subtropical,High,Very High
30,100,100,95,5,0,2,2,8,2,2,2,3,4,0,68.6,99.2,Intermediate,Purple,Tropical/Subtropical,High,Very High
100,30,95,100,0,5,2,2,2,8,2,2,4,3,0,60.8,96.0,Ovate,Purple,Temperate,High,Very High
30,100,100,95,5,0,2,2,8,2,2,2,3,4,0,67.3,104.7,Cordate,Purple,Temperate,High,Very High
100,30,95,100,0,5,2,2,2,8,2,2,4,3,0,66.7,106.1,Ovate,Purple,Temperate,High,Very High
30,100,100,95,5,0,2,2,8,2,2,2,3,4,0,65.3,107.5,Intermediate,Purple,Temperate,High,Very High
100,30,95,100,0,5,2,2,2,8,2,2,4,3,0,66.6,104.4,Intermediate,Purple,Tropical/Subtropical,High,Very High
30,100,100,95,5,0,2,2,8,2,2,2,3,4,0,66.5,105.5,Cordate,Purple,Temperate,High,Very High
100,30,95,100,0,5,2,2,2,8,2,2,4,3,0,66.8,95.1,Intermediate,Purple,Temperate,High,Very High
30,100,100,95,5,0,2,2,8,2,2,2,3,4,0,62.0,94.1,Intermediate,Purple,Tropical/Subtropical,High,Very High
100,30,95,100,0,5,2,2,2,8,2,2,4,3,0,63.1,98.9,Intermediate,Purple,Tropical/Subtropical,High,Very High
30,100,100,95,5,0,2,2,8,2,2,2,3,4,0,67.5,107.4,Intermediate,Purple,Tropical/Subtropical,High,Very High
100,300,95,270,0,4,2,0,2,0,2,3,4,4,0,203.0,180.6,Palmate,Intermediate,Temperate,Very High,Very High
300,100,270,95,4,0,0,2,0,2,3,2,4,4,0,195.6,198.2,Ovate,Intermediate,Tropical,Very High,Very High
100,300,95,270,0,4,2,0,2,0,2,3,4,4,0,199.6,192.0,Intermediate,Intermediate,Temperate,Very High,Very High
300,100,270,95,4,0,0,2,0,2,3,2,4,4,0,195.5,177.9,Palmate,Intermediate,Temperate,Very High,Very High
100,300,95,270,0,4,2,0,2,0,2,3,4,4,0,202.3,189.5,Ovate,Intermediate,Temperate,Very High,Very High
300,100,270,95,4,0,0,2,0,2,3,2,4,4,0,214.1,183.5,Intermediate,Purple,Temperate,Very High,Very High
100,300,95,270,0,4,2,0,2,0,2,3,4,4,0,201.2,159.0,Ovate,White,Tropical,Very High,Very High
300,100,270,95,4,0,0,2,0,2,3,2,4,4,0,210.4,198.4,Palmate,Intermediate,Temperate,Very High,Very High
100,300,95,270,0,4,2,0,2,0,2,3,4,4,0,217.8,174.5,Intermediate,White,Temperate,Very High,Very High
300,100,270,95,4,0,0,2,0,2,3,2,4,4,0,192.2,181.1,Palmate,Purple,Temperate,Very High,Very High
100,300,95,270,0,4,2,0,2,0,2,3,4,4,0,214.0,187.9,Ovate,Purple,Temperate,Very High,Very High
300,100,270,95,4,0,0,2,0,2,3,2,4,4,0,183.4,190.0,Palmate,Purple,Tropical,Very High,Very High
100,300,95,270,0,4,2,0,2,0,2,3,4,4,0,205.0,187.2,Intermediate,Purple,Temperate,Very High,Very High
300,100,270,95,4,0,0,2,0,2,3,2,4,4,0,211.0,167.4,Ovate,White,Tropical,Very High,Very High
100,300,95,270,0,4,2,0,2,0,2,3,4,4,0,218.6,185.1,Intermediate,Intermediate,Temperate,Very High,Very High
300,100,270,95,4,0,0,2,0,2,3,2,4,4,0,211.1,173.2,Ovate,White,Temperate,Very High,Very High
100,50,95,70,0,6,2,1,2,6,2,1,4,3,0,75.7,78.4,Ovate,Purple,Temperate,Very High,Very High
50,100,70,95,6,0,1,2,6,2,1,2,3,4,0,78.8,84.5,Oblong,Yellow,Temperate,Very High,Very High
100,50,95,70,0,6,2,1,2,6,2,1,4,3,0,87.0,80.0,Oblong,Purple,Cool Temperate,Very High,Very High
50,100,70,95,6,0,1,2,6,2,1,2,3,4,0,79.8,82.8,Ovate,Intermediate,Cool Temperate,Very High,Very High
100,50,95,70,0,6,2,1,2,6,2,1,4,3,0,72.8,86.4,Intermediate,Intermediate,Cool Temperate,Very High,Very High
50,100,70,95,6,0,1,2,6,2,1,2,3,4,0,72.4,88.1,Intermediate,Intermediate,Cool Temperate,Very High,Very High
100,50,95,70,0,6,2,1,2,6,2,1,4,3,0,76.8,81.5,Ovate,Intermediate,Cool Temperate,Very High,Very High
50,100,70,95,6,0,1,2,6,2,1,2,3,4,0,75.8,87.5,Intermediate,Intermediate,Temperate,Very High,Very High
100,50,95,70,0,6,2,1,2,6,2,1,4,3,0,73.7,86.9,Intermediate,Purple,Cool Temperate,Very High,Very High
50,100,70,95,6,0,1,2,6,2,1,2,3,4,0,76.8,82.0,Ovate,Yellow,Temperate,Very High,Very High
100,50,95,70,0,6,2,1,2,6,2,1,4,3,0,73.8,80.5,Intermediate,Purple,Temperate,Very High,Very High
50,100,70,95,6,0,1,2,6,2,1,2,3,4,0,77.7,89.5,Oblong,Purple,Temperate,Very High,Very High
100,50,95,70,0,6,2,1,2,6,2,1,4,3,0,80.1,87.4,Ovate,Purple,Temperate,Very High,Very High
50,100,70,95,6,0,1,2,6,2,1,2,3,4,0,80.5,81.9,Oblong,Intermediate,Cool Temperate,Very High,Very High
100,50,95,70,0,6,2,1,2,6,2,1,4,3,0,84.1,73.2,Intermediate,Intermediate,Cool Temperate,Very High,Very High
50,100,70,95,6,0,1,2,6,2,1,2,3,4,0,71.6,73.5,Intermediate,Purple,Temperate,Very High,Very High
100,130,95,100,0,10,2,1,2,2,2,2,4,4,0,118.8,101.6,Intermediate,Yellow,Temperate,High,Very High
130,100,100,95,10,0,1,2,2,2,2,2,4,4,0,124.2,101.6,Intermediate,Yellow,Temperate,High,Very High
100,130,95,100,0,10,2,1,2,2,2,2,4,4,0,123.0,93.5,Intermediate,Intermediate,Temperate,High,Very High
130,100,100,95,10,0,1,2,2,2,2,2,4,4,0,111.7,98.9,Ovate,Intermediate,Temperate,High,Very High
100,130,95,100,0,10,2,1,2,2,2,2,4,4,0,107.8,96.9,Lobed,Intermediate,Temperate,High,Very High
130,100,100,95,10,0,1,2,2,2,2,2,4,4,0,117.4,93.3,Ovate,Yellow,Temperate,High,Very High
100,130,95,100,0,10,2,1,2,2,2,2,4,4,0,118.8,94.3,Intermediate,Purple,Temperate,High,Very High
130,100,100,95,10,0,1,2,2,2,2,2,4,4,0,116.2,94.9,Intermediate,Yellow,Temperate,High,Very High
100,130,95,100,0,10,2,1,2,2,2,2,4,4,0,116.1,96.6,Ovate,Intermediate,Temperate,High,Very High
130,100,100,95,10,0,1,2,2,2,2,2,4,4,0,113.0,99.9,Lobed,Yellow,Temperate,High,Very High
100,130,95,100,0,10,2,1,2,2,2,2,4,4,0,104.2,102.1,Intermediate,Purple,Temperate,High,Very High
130,100,100,95,10,0,1,2,2,2,2,2,4,4,0,120.1,97.0,Ovate,Yellow,Temperate,High,Very High
100,130,95,100,0,10,2,1,2,2,2,2,4,4,0,118.9,93.6,Lobed,Yellow,Temperate,High,Very High
130,100,100,95,10,0,1,2,2,2,2,2,4,4,0,107.7,97.4,Intermediate,Purple,Temperate,High,Very High
100,130,95,100,0,10,2,1,2,2,2,2,4,4,0,111.3,88.5,Intermediate,Purple,Temperate,High,Very High
130,100,100,95,10,0,1,2,2,2,2,2,4,4,0,119.7,98.4,Lobed,Yellow,Temperate,High,Very High
100,150,95,150,0,4,2,0,2,1,2,1,4,3,0,126.9,125.4,Palmate,Intermediate,Temperate,Very High,Very High
150,100,150,95,4,0,0,2,1,2,1,2,3,4,0,136.1,114.2,Palmate,Purple,Temperate,Very High,Very High
100,150,95,150,0,4,2,0,2,1,2,1,4,3,0,130.6,114.8,Palmate,White,Temperate,Very High,Very High
150,100,150,95,4,0,0,2,1,2,1,2,3,4,0,120.8,125.9,Ovate,Intermediate,Temperate,Very High,Very High
100,150,95,150,0,4,2,0,2,1,2,1,4,3,0,137.0,116.4,Intermediate,Intermediate,Temperate,Very High,Very High
150,100,150,95,4,0,0,2,1,2,1,2,3,4,0,121.6,122.3,Ovate,White,Temperate,Very High,Very High
100,150,95,150,0,4,2,0,2,1,2,1,4,3,0,123.3,120.4,Intermediate,Intermediate,Subtropical,Very High,Very High
150,100,150,95,4,0,0,2,1,2,1,2,3,4,0,118.7,116.7,Intermediate,Intermediate,Temperate,Very High,Very High
100,150,95,150,0,4,2,0,2,1,2,1,4,3,0,127.1,112.1,Ovate,White,Subtropical,Very High,Very High
150,100,150,95,4,0,0,2,1,2,1,2,3,4,0,130.5,129.9,Palmate,White,Subtropical,Very High,Very High
100,150,95,150,0,4,2,0,2,1,2,1,4,3,0,124.2,112.5,Palmate,Intermediate,Temperate,Very High,Very High
150,100,150,95,4,0,0,2,1,2,1,2,3,4,0,131.2,119.4,Intermediate,Purple,Subtropical,Very High,Very High
100,150,95,150,0,4,2,0,2,1,2,1,4,3,0,121.7,112.4,Intermediate,Intermediate,Temperate,Very High,Very High
150,100,150,95,4,0,0,2,1,2,1,2,3,4,0,117.9,127.7,Intermediate,Intermediate,Temperate,Very High,Very High
100,150,95,150,0,4,2,0,2,1,2,1,4,3,0,129.5,135.3,Intermediate,White,Temperate,Very High,Very High
150,100,150,95,4,0,0,2,1,2,1,2,3,4,0,115.7,117.0,Ovate,Intermediate,Temperate,Very High,Very High
100,200,95,170,0,4,2,1,2,0,2,2,4,1,0,149.1,128.9,Intermediate,Intermediate,Tropical,High,High
200,100,170,95,4,0,1,2,0,2,2,2,1,4,0,147.6,125.3,Ovate,Intermediate,Temperate,High,High
100,200,95,170,0,4,2,1,2,0,2,2,4,1,0,154.9,133.3,Intermediate,Intermediate,Temperate,High,High
200,100,170,95,4,0,1,2,0,2,2,2,1,4,0,151.2,125.0,Palmate,Intermediate,Temperate,High,High
100,200,95,170,0,4,2,1,2,0,2,2,4,1,0,158.8,151.5,Palmate,Yellow,Tropical,High,High
200,100,170,95,4,0,1,2,0,2,2,2,1,4,0,151.8,136.9,Intermediate,Purple,Temperate,High,High
100,200,95,170,0,4,2,1,2,0,2,2,4,1,0,138.4,130.3,Intermediate,Intermediate,Temperate,High,High
200,100,170,95,4,0,1,2,0,2,2,2,1,4,0,158.7,127.8,Intermediate,Intermediate,Temperate,High,High
100,200,95,170,0,4,2,1,2,0,2,2,4,1,0,158.3,134.0,Palmate,Intermediate,Tropical,High,High
200,100,170,95,4,0,1,2,0,2,2,2,1,4,0,147.1,130.5,Intermediate,Yellow,Tropical,High,High
100,200,95,170,0,4,2,1,2,0,2,2,4,1,0,146.0,124.4,Palmate,Yellow,Temperate,High,High
200,100,170,95,4,0,1,2,0,2,2,2,1,4,0,145.5,129.4,Intermediate,Purple,Tropical,High,High
100,200,95,170,0,4,2,1,2,0,2,2,4,1,0,156.7,133.9,Intermediate,Purple,Tropical,High,High
200,100,170,95,4,0,1,2,0,2,2,2,1,4,0,144.9,141.9,Intermediate,Intermediate,Temperate,High,High
100,200,95,170,0,4,2,1,2,0,2,2,4,1,0,141.6,119.2,Palmate,Intermediate,Tropical,High,High
200,100,170,95,4,0,1,2,0,2,2,2,1,4,0,144.1,146.8,Intermediate,Intermediate,Tropical,High,High
100,180,95,90,0,2,2,3,2,8,2,1,4,3,0,144.8,96.6,Ovate,Purple,Temperate,Very High,Very High
180,100,90,95,2,0,3,2,8,2,1,2,3,4,0,131.1,86.7,Intermediate,Intermediate,Temperate,Very High,Very High
100,180,95,90,0,2,2,3,2,8,2,1,4,3,0,154.8,98.1,Elliptical,Intermediate,Temperate,Very High,Very High
180,100,90,95,2,0,3,2,8,2,1,2,3,4,0,144.7,88.6,Ovate,Purple,Temperate,Very High,Very High
100,180,95,90,0,2,2,3,2,8,2,1,4,3,0,133.3,96.9,Ovate,Intermediate,Temperate,Very High,Very High
180,100,90,95,2,0,3,2,8,2,1,2,3,4,0,145.5,93.1,Intermediate,Intermediate,Tropical/Subtropical,Very High,Very High
100,180,95,90,0,2,2,3,2,8,2,1,4,3,0,148.2,93.1,Ovate,Intermediate,Temperate,Very High,Very High
180,100,90,95,2,0,3,2,8,2,1,2,3,4,0,152.9,90.3,Intermediate,Intermediate,Temperate,Very High,Very High
100,180,95,90,0,2,2,3,2,8,2,1,4,3,0,153.4,86.9,Elliptical,Intermediate,Tropical/Subtropical,Very High,Very High
180,100,90,95,2,0,3,2,8,2,1,2,3,4,0,143.7,97.6,Elliptical,Intermediate,Temperate,Very High,Very High
100,180,95,90,0,2,2,3,2,8,2,1,4,3,0,143.2,91.8,Intermediate,Intermediate,Tropical/Subtropical,Very High,Very High
180,100,90,95,2,0,3,2,8,2,1,2,3,4,0,136.4,103.3,Intermediate,Intermediate,Temperate,Very High,Very High
100,180,95,90,0,2,2,3,2,8,2,1,4,3,0,142.2,98.1,Ovate,Intermediate,Tropical/Subtropical,Very High,Very High
180,100,90,95,2,0,3,2,8,2,1,2,3,4,0,138.3,93.3,Intermediate,Intermediate,Temperate,Very High,Very High
100,180,95,90,0,2,2,3,2,8,2,1,4,3,0,146.1,100.2,Intermediate,Intermediate,Temperate,Very High,Very High
180,100,90,95,2,0,3,2,8,2,1,2,3,4,0,136.9,99.0,Intermediate,Pink,Temperate,Very High,Very High
100,100,95,80,0,0,2,1,2,2,2,3,4,1,0,100.4,90.6,Ovate,Purple,Temperate,Very High,High
100,100,80,95,0,0,1,2,2,2,3,2,1,4,0,102.4,91.4,Ovate,Intermediate,Temperate,Very High,High
100,100,95,80,0,0,2,1,2,2,2,3,4,1,0,96.4,91.9,Ovate,Intermediate,Temperate,Very High,High
100,100,80,95,0,0,1,2,2,2,3,2,1,4,0,89.2,86.4,Ovate,Yellow,Temperate,Very High,High
100,100,95,80,0,0,2,1,2,2,2,3,4,1,0,101.7,87.8,Ovate,Yellow,Temperate,Very High,High
100,100,80,95,0,0,1,2,2,2,3,2,1,4,0,99.2,98.2,Ovate,Purple,Temperate,Very High,High
100,100,95,80,0,0,2,1,2,2,2,3,4,1,0,96.6,86.1,Ovate,Intermediate,Temperate,Very High,High
100,100,80,95,0,0,1,2,2,2,3,2,1,4,0,108.5,85.2,Ovate,Intermediate,Temperate,Very High,High
100,100,95,80,0,0,2,1,2,2,2,3,4,1,0,106.7,94.0,Ovate,Purple,Temperate,Very High,High
100,100,80,95,0,0,1,2,2,2,3,2,1,4,0,107.3,93.7,Ovate,Intermediate,Temperate,Very High,High
100,100,95,80,0,0,2,1,2,2,2,3,4,1,0,103.8,85.3,Ovate,Intermediate,Temperate,Very High,High
100,100,80,95,0,0,1,2,2,2,3,2,1,4,0,91.0,84.8,Ovate,Purple,Temperate,Very High,High
100,100,95,80,0,0,2,1,2,2,2,3,4,1,0,102.9,83.5,Ovate,Intermediate,Temperate,Very High,High
100,100,80,95,0,0,1,2,2,2,3,2,1,4,0,101.0,90.5,Ovate,Yellow,Temperate,Very High,High
100,100,95,80,0,0,2,1,2,2,2,3,4,1,0,101.7,79.7,Ovate,Intermediate,Temperate,Very High,High
100,100,80,95,0,0,1,2,2,2,3,2,1,4,0,97.1,86.9,Ovate,Yellow,Temperate,Very High,High
100,300,95,110,0,3,2,0,2,4,2,3,4,3,0,204.4,112.4,Intermediate,Purple,Arid,Very High,Very High
300,100,110,95,3,0,0,2,4,2,3,2,3,4,0,204.4,102.5,Linear,Purple,Arid,Very High,Very High
100,300,95,110,0,3,2,0,2,4,2,3,4,3,0,194.3,94.6,Intermediate,White,Arid,Very High,Very High
300,100,110,95,3,0,0,2,4,2,3,2,3,4,0,208.2,110.2,Ovate,Purple,Arid,Very High,Very High
100,300,95,110,0,3,2,0,2,4,2,3,4,3,0,205.1,96.1,Ovate,Purple,Temperate,Very High,Very High
300,100,110,95,3,0,0,2,4,2,3,2,3,4,0,187.0,104.9,Intermediate,Purple,Temperate,Very High,Very High
100,300,95,110,0,3,2,0,2,4,2,3,4,3,0,216.8,106.0,Intermediate,White,Arid,Very High,Very High
300,100,110,95,3,0,0,2,4,2,3,2,3,4,0,198.8,98.0,Intermediate,Intermediate,Arid,Very High,Very High
100,300,95,110,0,3,2,0,2,4,2,3,4,3,0,203.2,98.4,Linear,Intermediate,Arid,Very High,Very High
300,100,110,95,3,0,0,2,4,2,3,2,3,4,0,199.1,93.8,Ovate,Intermediate,Temperate,Very High,Very High
100,300,95,110,0,3,2,0,2,4,2,3,4,3,0,205.5,101.4,Intermediate,Purple,Arid,Very High,Very High
300,100,110,95,3,0,0,2,4,2,3,2,3,4,0,201.8,100.5,Intermediate,Intermediate,Arid,Very High,Very High
100,300,95,110,0,3,2,0,2,4,2,3,4,3,0,196.5,100.7,Linear,Intermediate,Temperate,Very High,Very High
300,100,110,95,3,0,0,2,4,2,3,2,3,4,0,201.5,113.7,Linear,Purple,Temperate,Very High,Very High
100,300,95,110,0,3,2,0,2,4,2,3,4,3,0,213.2,106.6,Linear,Intermediate,Arid,Very High,Very High
300,100,110,95,3,0,0,2,4,2,3,2,3,4,0,207.8,112.8,Ovate,White,Arid,Very High,Very High
100,250,95,90,0,3,2,2,2,5,2,3,4,1,0,183.5,96.3,Ovate,Purple,Semi-Arid,Very High,High
250,100,90,95,3,0,2,2,5,2,3,2,1,4,0,167.9,96.1,Linear,Purple,Temperate,Very High,High
100,250,95,90,0,3,2,2,2,5,2,3,4,1,0,181.6,88.9,Intermediate,Purple,Semi-Arid,Very High,High
250,100,90,95,3,0,2,2,5,2,3,2,1,4,0,187.6,94.0,Linear,Purple,Temperate,Very High,High
100,250,95,90,0,3,2,2,2,5,2,3,4,1,0,180.0,92.7,Ovate,Purple,Temperate,Very High,High
250,100,90,95,3,0,2,2,5,2,3,2,1,4,0,189.8,91.5,Ovate,Purple,Temperate,Very High,High
100,250,95,90,0,3,2,2,2,5,2,3,4,1,0,191.4,84.1,Intermediate,Purple,Semi-Arid,Very High,High
250,100,90,95,3,0,2,2,5,2,3,2,1,4,0,169.6,97.1,Intermediate,Purple,Semi-Arid,Very High,High
100,250,95,90,0,3,2,2,2,5,2,3,4,1,0,168.4,89.0,Intermediate,Purple,Temperate,Very High,High
250,100,90,95,3,0,2,2,5,2,3,2,1,4,0,184.9,90.2,Linear,Purple,Temperate,Very High,High
100,250,95,90,0,3,2,2,2,5,2,3,4,1,0,170.8,89.2,Intermediate,Purple,Temperate,Very High,High
250,100,90,95,3,0,2,2,5,2,3,2,1,4,0,184.1,92.6,Intermediate,Purple,Temperate,Very High,High
100,250,95,90,0,3,2,2,2,5,2,3,4,1,0,172.9,88.9,Intermediate,Purple,Semi-Arid,Very High,High
250,100,90,95,3,0,2,2,5,2,3,2,1,4,0,171.5,89.3,Linear,Purple,Temperate,Very High,High
100,250,95,90,0,3,2,2,2,5,2,3,4,1,0,173.5,99.2,Intermediate,Purple,Temperate,Very High,High
250,100,90,95,3,0,2,2,5,2,3,2,1,4,0,165.7,88.6,Linear,Purple,Temperate,Very High,High
100,100,95,65,0,7,2,1,2,0,2,2,4,3,0,91.4,84.9,Ovate,Intermediate,Tropical,High,Very High
100,100,65,95,7,0,1,2,0,2,2,2,3,4,0,102.6,81.7,Ovate,Purple,Tropical,High,Very High
100,100,95,65,0,7,2,1,2,0,2,2,4,3,0,106.9,80.3,Ovate,Yellow,Temperate,High,Very High
100,100,65,95,7,0,1,2,0,2,2,2,3,4,0,96.8,78.2,Intermediate,Yellow,Tropical,High,Very High
100,100,95,65,0,7,2,1,2,0,2,2,4,3,0,99.6,78.4,Intermediate,Purple,Tropical,High,Very High
100,100,65,95,7,0,1,2,0,2,2,2,3,4,0,95.9,81.7,Intermediate,Intermediate,Temperate,High,Very High
100,100,95,65,0,7,2,1,2,0,2,2,4,3,0,100.6,80.4,Intermediate,Yellow,Temperate,High,Very High
100,100,65,95,7,0,1,2,0,2,2,2,3,4,0,104.7,77.7,Ovate,Intermediate,Tropical,High,Very High
100,100,95,65,0,7,2,1,2,0,2,2,4,3,0,99.1,78.6,Intermediate,Purple,Tropical,High,Very High
100,100,65,95,7,0,1,2,0,2,2,2,3,4,0,93.0,79.6,Intermediate,Intermediate,Tropical,High,Very High
100,100,95,65,0,7,2,1,2,0,2,2,4,3,0,104.4,84.1,Ovate,Intermediate,Temperate,High,Very High
100,100,65,95,7,0,1,2,0,2,2,2,3,4,0,100.6,73.8,Ovate,Intermediate,Temperate,High,Very High
100,100,95,65,0,7,2,1,2,0,2,2,4,3,0,104.3,77.1,Ovate,Intermediate,Temperate,High,Very High
100,100,65,95,7,0,1,2,0,2,2,2,3,4,0,105.6,83.1,Pinnate,Purple,Tropical,High,Very High
100,100,95,65,0,7,2,1,2,0,2,2,4,3,0,103.1,81.2,Intermediate,Intermediate,Temperate,High,Very High
100,100,65,95,7,0,1,2,0,2,2,2,3,4,0,96.6,84.3,Pinnate,Yellow,Temperate,High,Very High
100,30,95,75,0,7,2,0,2,6,2,1,4,3,0,65.4,86.0,Intermediate,Purple,Temperate,Very High,Very High
30,100,75,95,7,0,0,2,6,2,1,2,3,4,0,61.1,87.3,Intermediate,Purple,Temperate,Very High,Very High
100,30,95,75,0,7,2,0,2,6,2,1,4,3,0,66.0,88.6,Intermediate,White,Cool Temperate,Very High,Very High
30,100,75,95,7,0,0,2,6,2,1,2,3,4,0,64.1,96.9,Pinnate,Intermediate,Temperate,Very High,Very High
100,30,95,75,0,7,2,0,2,6,2,1,4,3,0,62.0,78.7,Intermediate,White,Temperate,Very High,Very High
30,100,75,95,7,0,0,2,6,2,1,2,3,4,0,67.5,85.7,Intermediate,Intermediate,Temperate,Very High,Very High
100,30,95,75,0,7,2,0,2,6,2,1,4,3,0,67.4,83.4,Pinnate,White,Cool Temperate,Very High,Very High
30,100,75,95,7,0,0,2,6,2,1,2,3,4,0,66.4,88.5,Ovate,Purple,Temperate,Very High,Very High
100,30,95,75,0,7,2,0,2,6,2,1,4,3,0,69.0,78.2,Intermediate,Intermediate,Cool Temperate,Very High,Very High
30,100,75,95,7,0,0,2,6,2,1,2,3,4,0,61.4,84.9,Intermediate,Purple,Temperate,Very High,Very High
100,30,95,75,0,7,2,0,2,6,2,1,4,3,0,63.4,81.7,Intermediate,Intermediate,Temperate,Very High,Very High
30,100,75,95,7,0,0,2,6,2,1,2,3,4,0,69.2,89.0,Pinnate,Purple,Cool Temperate,Very High,Very High
100,30,95,75,0,7,2,0,2,6,2,1,4,3,0,62.6,85.9,Intermediate,White,Cool Temperate,Very High,Very High
30,100,75,95,7,0,0,2,6,2,1,2,3,4,0,66.7,77.9,Ovate,White,Cool Temperate,Very High,Very High
100,30,95,75,0,7,2,0,2,6,2,1,4,3,0,60.9,86.1,Intermediate,White,Temperate,Very High,Very High
30,100,75,95,7,0,0,2,6,2,1,2,3,4,0,68.6,77.7,Ovate,Intermediate,Temperate,Very High,Very High
50,70,130,90,9,7,1,0,8,6,1,1,3,4,0,60.5,108.9,Compound,Intermediate,Tropical/Subtropical,Moderate,Very High
70,50,90,130,7,9,0,1,6,8,1,1,4,3,0,58.5,110.6,Compound,Yellow,Tropical/Subtropical,Moderate,Very High
50,70,130,90,9,7,1,0,8,6,1,1,3,4,0,65.3,111.7,Pinnate,Intermediate,Cool Temperate,Moderate,Very High
70,50,90,130,7,9,0,1,6,8,1,1,4,3,0,61.9,99.0,Pinnate,Intermediate,Cool Temperate,Moderate,Very High
50,70,130,90,9,7,1,0,8,6,1,1,3,4,0,57.4,118.4,Intermediate,Yellow,Tropical/Subtropical,Moderate,Very High
70,50,90,130,7,9,0,1,6,8,1,1,4,3,0,56.3,97.9,Compound,White,Cool Temperate,Moderate,Very High
50,70,130,90,9,7,1,0,8,6,1,1,3,4,0,64.7,118.3,Pinnate,Intermediate,Tropical/Subtropical,Moderate,Very High
70,50,90,130,7,9,0,1,6,8,1,1,4,3,0,57.3,108.3,Intermediate,Intermediate,Tropical/Subtropical,Moderate,Very High
50,70,130,90,9,7,1,0,8,6,1,1,3,4,0,58.2,111.8,Intermediate,Yellow,Cool Temperate,Moderate,Very High
70,50,90,130,7,9,0,1,6,8,1,1,4,3,0,57.3,114.1,Intermediate,Intermediate,Tropical/Subtropical,Moderate,Very High
50,70,130,90,9,7,1,0,8,6,1,1,3,4,0,62.2,113.3,Intermediate,Intermediate,Cool Temperate,Moderate,Very High
70,50,90,130,7,9,0,1,6,8,1,1,4,3,0,58.2,122.3,Pinnate,Yellow,Tropical/Subtropical,Moderate,Very High
50,70,130,90,9,7,1,0,8,6,1,1,3,4,0,57.6,107.5,Intermediate,Intermediate,Tropical/Subtropical,Moderate,Very High
70,50,90,130,7,9,0,1,6,8,1,1,4,3,0,57.5,109.6,Compound,White,Cool Temperate,Moderate,Very High
50,70,130,90,9,7,1,0,8,6,1,1,3,4,0,60.0,116.1,Pinnate,Yellow,Cool Temperate,Moderate,Very High
70,50,90,130,7,9,0,1,6,8,1,1,4,3,0,57.3,121.8,Intermediate,Intermediate,Tropical/Subtropical,Moderate,Very High
50,30,130,100,9,5,1,2,8,8,1,2,3,3,0,39.2,118.3,Intermediate,Intermediate,Tropical/Subtropical,Very High,High
30,50,100,130,5,9,2,1,8,8,2,1,3,3,0,36.8,114.6,Intermediate,Purple,Tropical/Subtropical,Very High,High
50,30,130,100,9,5,1,2,8,8,1,2,3,3,0,37.4,120.3,Cordate,Intermediate,Tropical/Subtropical,Very High,High
30,50,100,130,5,9,2,1,8,8,2,1,3,3,0,41.6,106.3,Intermediate,Purple,Tropical/Subtropical,Very High,High
50,30,130,100,9,5,1,2,8,8,1,2,3,3,0,39.3,106.8,Intermediate,Intermediate,Tropical/Subtropical,Very High,High
30,50,100,130,5,9,2,1,8,8,2,1,3,3,0,40.0,117.9,Cordate,Purple,Tropical/Subtropical,Very High,High
50,30,130,100,9,5,1,2,8,8,1,2,3,3,0,37.6,117.9,Intermediate,Yellow,Tropical/Subtropical,Very High,High
30,50,100,130,5,9,2,1,8,8,2,1,3,3,0,35.4,126.4,Cordate,Yellow,Tropical/Subtropical,Very High,High
50,30,130,100,9,5,1,2,8,8,1,2,3,3,0,40.7,119.5,Intermediate,Purple,Tropical/Subtropical,Very High,High
30,50,100,130,5,9,2,1,8,8,2,1,3,3,0,41.3,114.2,Intermediate,Intermediate,Tropical/Subtropical,Very High,High
50,30,130,100,9,5,1,2,8,8,1,2,3,3,0,41.0,116.5,Intermediate,Purple,Tropical/Subtropical,Very High,High
30,50,100,130,5,9,2,1,8,8,2,1,3,3,0,40.3,115.4,Intermediate,Yellow,Tropical/Subtropical,Very High,High
50,30,130,100,9,5,1,2,8,8,1,2,3,3,0,43.6,115.5,Cordate,Intermediate,Tropical/Subtropical,Very High,High
30,50,100,130,5,9,2,1,8,8,2,1,3,3,0,40.2,115.4,Intermediate,Intermediate,Tropical/Subtropical,Very High,High
50,30,130,100,9,5,1,2,8,8,1,2,3,3,0,38.2,104.3,Compound,Intermediate,Tropical/Subtropical,Very High,High
30,50,100,130,5,9,2,1,8,8,2,1,3,3,0,38.5,109.4,Intermediate,Intermediate,Tropical/Subtropical,Very High,High
50,300,130,270,9,4,1,0,8,0,1,3,3,4,0,164.3,203.4,Intermediate,Intermediate,Tropical/Subtropical,Very High,Very High
300,50,270,130,4,9,0,1,0,8,3,1,4,3,0,173.6,197.5,Intermediate,Intermediate,Tropical/Subtropical,Very High,Very High
50,300,130,270,9,4,1,0,8,0,1,3,3,4,0,181.4,187.2,Compound,Intermediate,Tropical/Subtropical,Very High,Very High
300,50,270,130,4,9,0,1,0,8,3,1,4,3,0,178.6,197.7,Palmate,White,Tropical/Subtropical,Very High,Very High
50,300,130,270,9,4,1,0,8,0,1,3,3,4,0,171.6,186.6,Intermediate,White,Tropical,Very High,Very High
300,50,270,130,4,9,0,1,0,8,3,1,4,3,0,181.9,204.6,Intermediate,Yellow,Tropical,Very High,Very High
50,300,130,270,9,4,1,0,8,0,1,3,3,4,0,176.2,203.2,Compound,Intermediate,Tropical/Subtropical,Very High,Very High
300,50,270,130,4,9,0,1,0,8,3,1,4,3,0,166.7,207.7,Intermediate,Intermediate,Tropical/Subtropical,Very High,Very High
50,300,130,270,9,4,1,0,8,0,1,3,3,4,0,149.7,194.0,Palmate,Yellow,Tropical/Subtropical,Very High,Very High
300,50,270,130,4,9,0,1,0,8,3,1,4,3,0,184.1,198.7,Compound,Yellow,Tropical,Very High,Very High
50,300,130,270,9,4,1,0,8,0,1,3,3,4,0,172.6,195.2,Intermediate,Yellow,Tropical,Very High,Very High
300,50,270,130,4,9,0,1,0,8,3,1,4,3,0,172.8,195.0,Intermediate,Intermediate,Tropical/Subtropical,Very High,Very High
50,300,130,270,9,4,1,0,8,0,1,3,3,4,0,174.5,209.2,Palmate,Intermediate,Tropical/Subtropical,Very High,Very High
300,50,270,130,4,9,0,1,0,8,3,1,4,3,0,168.4,213.0,Compound,White,Tropical,Very High,Very High
50,300,130,270,9,4,1,0,8,0,1,3,3,4,0,155.4,204.9,Palmate,Yellow,Tropical,Very High,Very High
300,50,270,130,4,9,0,1,0,8,3,1,4,3,0,172.3,194.0,Intermediate,Intermediate,Tropical,Very High,Very High
50,50,130,70,9,6,1,1,8,6,1,1,3,3,0,48.2,102.4,Intermediate,Yellow,Cool Temperate,Moderate,High
50,50,70,130,6,9,1,1,6,8,1,1,3,3,0,47.3,108.7,Compound,Yellow,Tropical/Subtropical,Moderate,High
50,50,130,70,9,6,1,1,8,6,1,1,3,3,0,48.1,102.3,Compound,Yellow,Tropical/Subtropical,Moderate,High
50,50,70,130,6,9,1,1,6,8,1,1,3,3,0,48.3,110.9,Intermediate,Yellow,Tropical/Subtropical,Moderate,High
50,50,130,70,9,6,1,1,8,6,1,1,3,3,0,51.7,105.7,Intermediate,Yellow,Tropical/Subtropical,Moderate,High
50,50,70,130,6,9,1,1,6,8,1,1,3,3,0,50.0,103.8,Oblong,Yellow,Tropical/Subtropical,Moderate,High
50,50,130,70,9,6,1,1,8,6,1,1,3,3,0,49.4,104.4,Oblong,Yellow,Cool Temperate,Moderate,High
50,50,70,130,6,9,1,1,6,8,1,1,3,3,0,52.0,99.4,Intermediate,Yellow,Tropical/Subtropical,Moderate,High
50,50,130,70,9,6,1,1,8,6,1,1,3,3,0,48.6,101.9,Intermediate,Yellow,Cool Temperate,Moderate,High
50,50,70,130,6,9,1,1,6,8,1,1,3,3,0,49.1,101.3,Intermediate,Yellow,Tropical/Subtropical,Moderate,High
50,50,130,70,9,6,1,1,8,6,1,1,3,3,0,48.4,106.2,Intermediate,Yellow,Cool Temperate,Moderate,High
50,50,70,130,6,9,1,1,6,8,1,1,3,3,0,55.4,99.5,Compound,Yellow,Tropical/Subtropical,Moderate,High
50,50,130,70,9,6,1,1,8,6,1,1,3,3,0,47.9,100.1,Compound,Yellow,Tropical/Subtropical,Moderate,High
50,50,70,130,6,9,1,1,6,8,1,1,3,3,0,50.2,99.6,Intermediate,Yellow,Tropical/Subtropical,Moderate,High
50,50,130,70,9,6,1,1,8,6,1,1,3,3,0,45.9,98.9,Oblong,Yellow,Cool Temperate,Moderate,High
50,50,70,130,6,9,1,1,6,8,1,1,3,3,0,51.3,101.3,Oblong,Yellow,Cool Temperate,Moderate,High
50,130,130,100,9,10,1,1,8,2,1,2,3,4,0,89.3,112.1,Intermediate,Yellow,Tropical/Subtropical,Very High,Very High
130,50,100,130,10,9,1,1,2,8,2,1,4,3,0,89.0,124.8,Lobed,Yellow,Tropical/Subtropical,Very High,Very High
50,130,130,100,9,10,1,1,8,2,1,2,3,4,0,87.6,113.0,Intermediate,Yellow,Tropical/Subtropical,Very High,Very High
130,50,100,130,10,9,1,1,2,8,2,1,4,3,0,92.4,114.7,Intermediate,Yellow,Temperate,Very High,Very High
50,130,130,100,9,10,1,1,8,2,1,2,3,4,0,87.6,126.0,Intermediate,Yellow,Temperate,Very High,Very High
130,50,100,130,10,9,1,1,2,8,2,1,4,3,0,92.2,102.6,Compound,Yellow,Temperate,Very High,Very High
50,130,130,100,9,10,1,1,8,2,1,2,3,4,0,87.7,116.5,Intermediate,Yellow,Temperate,Very High,Very High
130,50,100,130,10,9,1,1,2,8,2,1,4,3,0,93.9,113.4,Intermediate,Yellow,Tropical/Subtropical,Very High,Very High
50,130,130,100,9,10,1,1,8,2,1,2,3,4,0,85.8,113.0,Intermediate,Yellow,Tropical/Subtropical,Very High,Very High
130,50,100,130,10,9,1,1,2,8,2,1,4,3,0,95.1,121.6,Compound,Yellow,Temperate,Very High,Very High
50,130,130,100,9,10,1,1,8,2,1,2,3,4,0,89.2,116.7,Intermediate,Yellow,Temperate,Very High,Very High
130,50,100,130,10,9,1,1,2,8,2,1,4,3,0,93.3,124.3,Intermediate,Yellow,Tropical/Subtropical,Very High,Very High
50,130,130,100,9,10,1,1,8,2,1,2,3,4,0,92.9,106.1,Intermediate,Yellow,Tropical/Subtropical,Very High,Very High
130,50,100,130,10,9,1,1,2,8,2,1,4,3,0,94.6,120.7,Lobed,Yellow,Tropical/Subtropical,Very High,Very High
50,130,130,100,9,10,1,1,8,2,1,2,3,4,0,90.3,123.1,Intermediate,Yellow,Temperate,Very High,Very High
130,50,100,130,10,9,1,1,2,8,2,1,4,3,0,84.1,118.1,Intermediate,Yellow,Temperate,Very High,Very High
50,150,130,150,9,4,1,0,8,1,1,1,3,3,0,101.0,136.9,Intermediate,Intermediate,Tropical/Subtropical,Moderate,High
150,50,150,130,4,9,0,1,1,8,1,1,3,3,0,94.4,138.6,Compound,Yellow,Tropical/Subtropical,Moderate,High
50,150,130,150,9,4,1,0,8,1,1,1,3,3,0,108.2,133.3,Palmate,Intermediate,Tropical/Subtropical,Moderate,High
150,50,150,130,4,9,0,1,1,8,1,1,3,3,0,95.6,142.3,Intermediate,Intermediate,Tropical/Subtropical,Moderate,High
50,150,130,150,9,4,1,0,8,1,1,1,3,3,0,92.4,152.0,Compound,Intermediate,Tropical/Subtropical,Moderate,High
150,50,150,130,4,9,0,1,1,8,1,1,3,3,0,94.9,142.1,Intermediate,Intermediate,Subtropical,Moderate,High
50,150,130,150,9,4,1,0,8,1,1,1,3,3,0,105.9,130.1,Compound,Intermediate,Subtropical,Moderate,High
150,50,150,130,4,9,0,1,1,8,1,1,3,3,0,95.6,143.0,Palmate,Intermediate,Subtropical,Moderate,High
50,150,130,150,9,4,1,0,8,1,1,1,3,3,0,99.7,142.0,Palmate,Intermediate,Subtropical,Moderate,High
150,50,150,130,4,9,0,1,1,8,1,1,3,3,0,105.6,153.0,Palmate,White,Subtropical,Moderate,High
50,150,130,150,9,4,1,0,8,1,1,1,3,3,0,98.5,132.7,Intermediate,Intermediate,Tropical/Subtropical,Moderate,High
150,50,150,130,4,9,0,1,1,8,1,1,3,3,0,97.3,137.2,Compound,Yellow,Subtropical,Moderate,High
50,150,130,150,9,4,1,0,8,1,1,1,3,3,0,98.8,132.3,Compound,Yellow,Subtropical,Moderate,High
150,50,150,130,4,9,0,1,1,8,1,1,3,3,0,97.8,132.0,Intermediate,Intermediate,Subtropical,Moderate,High
50,150,130,150,9,4,1,0,8,1,1,1,3,3,0,100.5,134.3,Intermediate,Yellow,Subtropical,Moderate,High
150,50,150,130,4,9,0,1,1,8,1,1,3,3,0,101.2,138.3,Intermediate,Yellow,Subtropical,Moderate,High
50,200,130,170,9,4,1,1,8,0,1,2,3,1,0,130.9,149.8,Palmate,Yellow,Tropical,Very High,High
200,50,170,130,4,9,1,1,0,8,2,1,1,3,0,131.0,140.9,Intermediate,Yellow,Tropical/Subtropical,Very High,High
50,200,130,170,9,4,1,1,8,0,1,2,3,1,0,121.9,156.2,Compound,Yellow,Tropical,Very High,High
200,50,170,130,4,9,1,1,0,8,2,1,1,3,0,117.7,141.9,Intermediate,Yellow,Tropical,Very High,High
50,200,130,170,9,4,1,1,8,0,1,2,3,1,0,122.6,146.2,Intermediate,Yellow,Tropical/Subtropical,Very High,High
200,50,170,130,4,9,1,1,0,8,2,1,1,3,0,125.9,150.8,Palmate,Yellow,Tropical,Very High,High
50,200,130,170,9,4,1,1,8,0,1,2,3,1,0,132.2,153.5,Intermediate,Yellow,Tropical,Very High,High
200,50,170,130,4,9,1,1,0,8,2,1,1,3,0,121.7,152.9,Intermediate,Yellow,Tropical,Very High,High
50,200,130,170,9,4,1,1,8,0,1,2,3,1,0,117.1,158.5,Compound,Yellow,Tropical/Subtropical,Very High,High
200,50,170,130,4,9,1,1,0,8,2,1,1,3,0,133.9,159.9,Intermediate,Yellow,Tropical/Subtropical,Very High,High
50,200,130,170,9,4,1,1,8,0,1,2,3,1,0,129.6,142.9,Palmate,Yellow,Tropical/Subtropical,Very High,High
200,50,170,130,4,9,1,1,0,8,2,1,1,3,0,121.4,144.2,Intermediate,Yellow,Tropical,Very High,High
50,200,130,170,9,4,1,1,8,0,1,2,3,1,0,130.3,158.3,Compound,Yellow,Tropical,Very High,High
200,50,170,130,4,9,1,1,0,8,2,1,1,3,0,126.7,157.6,Intermediate,Yellow,Tropical/Subtropical,Very High,High
50,200,130,170,9,4,1,1,8,0,1,2,3,1,0,118.8,137.9,Compound,Yellow,Tropical/Subtropical,Very High,High
200,50,170,130,4,9,1,1,0,8,2,1,1,3,0,119.4,137.1,Intermediate,Yellow,Tropical/Subtropical,Very High,High
50,180,130,90,9,2,1,3,8,8,1,1,3,3,0,117.8,120.8,Intermediate,Intermediate,Tropical/Subtropical,Moderate,High
180,50,90,130,2,9,3,1,8,8,1,1,3,3,0,111.8,121.1,Compound,Pink,Tropical/Subtropical,Moderate,High
50,180,130,90,9,2,1,3,8,8,1,1,3,3,0,100.7,105.9,Compound,Yellow,Tropical/Subtropical,Moderate,High
180,50,90,130,2,9,3,1,8,8,1,1,3,3,0,110.2,113.7,Elliptical,Pink,Tropical/Subtropical,Moderate,High
50,180,130,90,9,2,1,3,8,8,1,1,3,3,0,124.9,116.8,Intermediate,Pink,Tropical/Subtropical,Moderate,High
180,50,90,130,2,9,3,1,8,8,1,1,3,3,0,111.1,113.0,Intermediate,Pink,Tropical/Subtropical,Moderate,High
50,180,130,90,9,2,1,3,8,8,1,1,3,3,0,115.2,116.5,Intermediate,Intermediate,Tropical/Subtropical,Moderate,High
180,50,90,130,2,9,3,1,8,8,1,1,3,3,0,117.7,112.2,Compound,Pink,Tropical/Subtropical,Moderate,High
50,180,130,90,9,2,1,3,8,8,1,1,3,3,0,108.7,114.3,Elliptical,Yellow,Tropical/Subtropical,Moderate,High
180,50,90,130,2,9,3,1,8,8,1,1,3,3,0,124.4,105.1,Intermediate,Intermediate,Tropical/Subtropical,Moderate,High
50,180,130,90,9,2,1,3,8,8,1,1,3,3,0,113.5,113.7,Intermediate,Intermediate,Tropical/Subtropical,Moderate,High
180,50,90,130,2,9,3,1,8,8,1,1,3,3,0,121.1,106.0,Intermediate,Pink,Tropical/Subtropical,Moderate,High
50,180,130,90,9,2,1,3,8,8,1,1,3,3,0,111.6,109.2,Intermediate,Intermediate,Tropical/Subtropical,Moderate,High
180,50,90,130,2,9,3,1,8,8,1,1,3,3,0,112.0,110.8,Compound,Intermediate,Tropical/Subtropical,Moderate,High
50,180,130,90,9,2,1,3,8,8,1,1,3,3,0,120.0,113.8,Elliptical,Pink,Tropical/Subtropical,Moderate,High
180,50,90,130,2,9,3,1,8,8,1,1,3,3,0,118.6,109.8,Compound,Intermediate,Tropical/Subtropical,Moderate,High
50,100,130,80,9,0,1,1,8,2,1,3,3,1,0,70.2,107.9,Intermediate,Yellow,Temperate,Very High,High
100,50,80,130,0,9,1,1,2,8,3,1,1,3,0,71.6,108.6,Intermediate,Yellow,Temperate,Very High,High
50,100,130,80,9,0,1,1,8,2,1,3,3,1,0,83.0,103.7,Intermediate,Yellow,Temperate,Very High,High
100,50,80,130,0,9,1,1,2,8,3,1,1,3,0,75.7,102.6,Intermediate,Yellow,Temperate,Very High,High
50,100,130,80,9,0,1,1,8,2,1,3,3,1,0,78.3,107.5,Intermediate,Yellow,Temperate,Very High,High
100,50,80,130,0,9,1,1,2,8,3,1,1,3,0,74.5,104.0,Intermediate,Yellow,Tropical/Subtropical,Very High,High
50,100,130,80,9,0,1,1,8,2,1,3,3,1,0,78.7,102.6,Intermediate,Yellow,Temperate,Very High,High
100,50,80,130,0,9,1,1,2,8,3,1,1,3,0,81.9,113.1,Ovate,Yellow,Tropical/Subtropical,Very High,High
50,100,130,80,9,0,1,1,8,2,1,3,3,1,0,74.3,102.8,Intermediate,Yellow,Temperate,Very High,High
100,50,80,130,0,9,1,1,2,8,3,1,1,3,0,74.3,102.6,Intermediate,Yellow,Temperate,Very High,High
50,100,130,80,9,0,1,1,8,2,1,3,3,1,0,76.6,99.6,Ovate,Yellow,Temperate,Very High,High
100,50,80,130,0,9,1,1,2,8,3,1,1,3,0,75.8,99.6,Compound,Yellow,Tropical/Subtropical,Very High,High
50,100,130,80,9,0,1,1,8,2,1,3,3,1,0,70.6,98.0,Intermediate,Yellow,Tropical/Subtropical,Very High,High
100,50,80,130,0,9,1,1,2,8,3,1,1,3,0,73.5,102.1,Compound,Yellow,Temperate,Very High,High
50,100,130,80,9,0,1,1,8,2,1,3,3,1,0,76.9,103.9,Intermediate,Yellow,Tropical/Subtropical,Very High,High
100,50,80,130,0,9,1,1,2,8,3,1,1,3,0,73.7,105.4,Intermediate,Yellow,Tropical/Subtropical,Very High,High
50,300,130,110,9,3,1,0,8,4,1,3,3,3,0,163.8,127.0,Intermediate,White,Tropical/Subtropical,Very High,High
300,50,110,130,3,9,0,1,4,8,3,1,3,3,0,179.6,123.5,Intermediate,Intermediate,Arid,Very High,High
50,300,130,110,9,3,1,0,8,4,1,3,3,3,0,167.7,114.5,Intermediate,Intermediate,Arid,Very High,High
300,50,110,130,3,9,0,1,4,8,3,1,3,3,0,186.7,130.2,Linear,Intermediate,Tropical/Subtropical,Very High,High
50,300,130,110,9,3,1,0,8,4,1,3,3,3,0,187.5,124.4,Compound,White,Tropical/Subtropical,Very High,High
300,50,110,130,3,9,0,1,4,8,3,1,3,3,0,173.3,120.0,Intermediate,White,Tropical/Subtropical,Very High,High
50,300,130,110,9,3,1,0,8,4,1,3,3,3,0,175.2,117.4,Compound,Intermediate,Tropical/Subtropical,Very High,High
300,50,110,130,3,9,0,1,4,8,3,1,3,3,0,183.3,120.8,Linear,Intermediate,Arid,Very High,High
50,300,130,110,9,3,1,0,8,4,1,3,3,3,0,190.2,114.8,Linear,White,Arid,Very High,High
300,50,110,130,3,9,0,1,4,8,3,1,3,3,0,187.5,122.2,Intermediate,Intermediate,Tropical/Subtropical,Very High,High
50,300,130,110,9,3,1,0,8,4,1,3,3,3,0,176.0,121.4,Intermediate,Intermediate,Tropical/Subtropical,Very High,High
300,50,110,130,3,9,0,1,4,8,3,1,3,3,0,162.0,124.0,Compound,Intermediate,Arid,Very High,High
50,300,130,110,9,3,1,0,8,4,1,3,3,3,0,175.3,112.2,Intermediate,White,Tropical/Subtropical,Very High,High
300,50,110,130,3,9,0,1,4,8,3,1,3,3,0,179.7,133.0,Compound,White,Tropical/Subtropical,Very High,High
50,300,130,110,9,3,1,0,8,4,1,3,3,3,0,180.4,112.3,Compound,White,Arid,Very High,High
300,50,110,130,3,9,0,1,4,8,3,1,3,3,0,176.4,114.4,Intermediate,Intermediate,Arid,Very High,High
50,250,130,90,9,3,1,2,8,5,1,3,3,1,0,155.2,109.1,Linear,Intermediate,Semi-Arid,Very High,High
250,50,90,130,3,9,2,1,5,8,3,1,1,3,0,147.9,106.0,Compound,Intermediate,Tropical/Subtropical,Very High,High
50,250,130,90,9,3,1,2,8,5,1,3,3,1,0,150.7,117.5,Intermediate,Purple,Tropical/Subtropical,Very High,High
250,50,90,130,3,9,2,1,5,8,3,1,1,3,0,149.6,111.6,Linear,Yellow,Semi-Arid,Very High,High
50,250,130,90,9,3,1,2,8,5,1,3,3,1,0,142.3,118.7,Linear,Intermediate,Semi-Arid,Very High,High
250,50,90,130,3,9,2,1,5,8,3,1,1,3,0,148.3,113.4,Intermediate,Yellow,Semi-Arid,Very High,High
50,250,130,90,9,3,1,2,8,5,1,3,3,1,0,146.2,107.5,Intermediate,Intermediate,Semi-Arid,Very High,High
250,50,90,130,3,9,2,1,5,8,3,1,1,3,0,143.5,108.3,Intermediate,Purple,Tropical/Subtropical,Very High,High
50,250,130,90,9,3,1,2,8,5,1,3,3,1,0,167.3,98.0,Compound,Yellow,Semi-Arid,Very High,High
250,50,90,130,3,9,2,1,5,8,3,1,1,3,0,154.8,108.0,Compound,Intermediate,Tropical/Subtropical,Very High,High
50,250,130,90,9,3,1,2,8,5,1,3,3,1,0,139.5,112.2,Compound,Intermediate,Tropical/Subtropical,Very High,High
250,50,90,130,3,9,2,1,5,8,3,1,1,3,0,148.2,111.1,Intermediate,Yellow,Tropical/Subtropical,Very High,High
50,250,130,90,9,3,1,2,8,5,1,3,3,1,0,156.5,115.2,Intermediate,Intermediate,Semi-Arid,Very High,High
250,50,90,130,3,9,2,1,5,8,3,1,1,3,0,153.1,123.2,Linear,Intermediate,Semi-Arid,Very High,High
50,250,130,90,9,3,1,2,8,5,1,3,3,1,0,154.9,107.2,Intermediate,Yellow,Tropical/Subtropical,Very High,High
250,50,90,130,3,9,2,1,5,8,3,1,1,3,0,148.3,116.6,Linear,Intermediate,Tropical/Subtropical,Very High,High
50,100,130,65,9,7,1,1,8,0,1,2,3,3,0,76.7,102.3,Intermediate,Yellow,Tropical,Very High,High
100,50,65,130,7,9,1,1,0,8,2,1,3,3,0,79.3,105.6,Compound,Yellow,Tropical/Subtropical,Very High,High
50,100,130,65,9,7,1,1,8,0,1,2,3,3,0,78.2,99.1,Intermediate,Yellow,Tropical,Very High,High
100,50,65,130,7,9,1,1,0,8,2,1,3,3,0,73.2,95.9,Intermediate,Yellow,Tropical,Very High,High
50,100,130,65,9,7,1,1,8,0,1,2,3,3,0,75.2,98.2,Compound,Yellow,Tropical/Subtropical,Very High,High
100,50,65,130,7,9,1,1,0,8,2,1,3,3,0,75.7,93.3,Pinnate,Yellow,Tropical/Subtropical,Very High,High
50,100,130,65,9,7,1,1,8,0,1,2,3,3,0,73.8,103.0,Intermediate,Yellow,Tropical,Very High,High
100,50,65,130,7,9,1,1,0,8,2,1,3,3,0,72.9,89.0,Intermediate,Yellow,Tropical,Very High,High
50,100,130,65,9,7,1,1,8,0,1,2,3,3,0,67.2,102.3,Intermediate,Yellow,Tropical/Subtropical,Very High,High
100,50,65,130,7,9,1,1,0,8,2,1,3,3,0,77.9,93.3,Intermediate,Yellow,Tropical,Very High,High
50,100,130,65,9,7,1,1,8,0,1,2,3,3,0,78.1,98.7,Compound,Yellow,Tropical/Subtropical,Very High,High
100,50,65,130,7,9,1,1,0,8,2,1,3,3,0,72.6,98.8,Intermediate,Yellow,Tropical/Subtropical,Very High,High
50,100,130,65,9,7,1,1,8,0,1,2,3,3,0,66.0,98.9,Intermediate,Yellow,Tropical/Subtropical,Very High,High
100,50,65,130,7,9,1,1,0,8,2,1,3,3,0,80.3,97.3,Compound,Yellow,Tropical,Very High,High
50,100,130,65,9,7,1,1,8,0,1,2,3,3,0,78.0,100.2,Pinnate,Yellow,Tropical/Subtropical,Very High,High
100,50,65,130,7,9,1,1,0,8,2,1,3,3,0,75.5,92.2,Pinnate,Yellow,Tropical/Subtropical,Very High,High
50,30,130,75,9,7,1,0,8,6,1,1,3,3,0,43.1,104.8,Intermediate,White,Tropical/Subtropical,Moderate,High
30,50,75,130,7,9,0,1,6,8,1,1,3,3,0,35.8,95.7,Pinnate,Intermediate,Cool Temperate,Moderate,High
50,30,130,75,9,7,1,0,8,6,1,1,3,3,0,37.7,101.0,Intermediate,Yellow,Cool Temperate,Moderate,High
30,50,75,130,7,9,0,1,6,8,1,1,3,3,0,39.7,99.1,Compound,White,Cool Temperate,Moderate,High
50,30,130,75,9,7,1,0,8,6,1,1,3,3,0,43.1,113.7,Pinnate,Yellow,Cool Temperate,Moderate,High
30,50,75,130,7,9,0,1,6,8,1,1,3,3,0,38.2,106.1,Compound,Intermediate,Cool Temperate,Moderate,High
50,30,130,75,9,7,1,0,8,6,1,1,3,3,0,42.1,97.6,Compound,Yellow,Tropical/Subtropical,Moderate,High
30,50,75,130,7,9,0,1,6,8,1,1,3,3,0,41.5,109.9,Intermediate,White,Tropical/Subtropical,Moderate,High
50,30,130,75,9,7,1,0,8,6,1,1,3,3,0,34.9,101.2,Intermediate,Intermediate,Tropical/Subtropical,Moderate,High
30,50,75,130,7,9,0,1,6,8,1,1,3,3,0,35.3,101.2,Intermediate,Yellow,Cool Temperate,Moderate,High
50,30,130,75,9,7,1,0,8,6,1,1,3,3,0,43.4,101.7,Intermediate,Yellow,Tropical/Subtropical,Moderate,High
30,50,75,130,7,9,0,1,6,8,1,1,3,3,0,41.6,97.1,Compound,Yellow,Tropical/Subtropical,Moderate,High
50,30,130,75,9,7,1,0,8,6,1,1,3,3,0,38.7,99.9,Intermediate,Intermediate,Tropical/Subtropical,Moderate,High
30,50,75,130,7,9,0,1,6,8,1,1,3,3,0,36.8,101.0,Pinnate,White,Cool Temperate,Moderate,High
50,30,130,75,9,7,1,0,8,6,1,1,3,3,0,39.1,104.5,Pinnate,White,Cool Temperate,Moderate,High
30,50,75,130,7,9,0,1,6,8,1,1,3,3,0,39.2,97.6,Pinnate,White,Cool Temperate,Moderate,High
70,30,90,100,7,5,0,2,6,8,1,2,4,3,0,49.4,81.7,Intermediate,Intermediate,Cool Temperate,Very High,Very High
30,70,100,90,5,7,2,0,8,6,2,1,3,4,0,52.5,94.3,Cordate,White,Cool Temperate,Very High,Very High
70,30,90,100,7,5,0,2,6,8,1,2,4,3,0,51.5,94.3,Cordate,Purple,Cool Temperate,Very High,Very High
30,70,100,90,5,7,2,0,8,6,2,1,3,4,0,53.5,87.3,Pinnate,Intermediate,Cool Temperate,Very High,Very High
70,30,90,100,7,5,0,2,6,8,1,2,4,3,0,49.4,95.3,Pinnate,Purple,Tropical/Subtropical,Very High,Very High
30,70,100,90,5,7,2,0,8,6,2,1,3,4,0,47.7,87.2,Cordate,White,Cool Temperate,Very High,Very High
70,30,90,100,7,5,0,2,6,8,1,2,4,3,0,48.9,93.6,Intermediate,Purple,Tropical/Subtropical,Very High,Very High
30,70,100,90,5,7,2,0,8,6,2,1,3,4,0,48.7,97.6,Intermediate,Intermediate,Tropical/Subtropical,Very High,Very High
70,30,90,100,7,5,0,2,6,8,1,2,4,3,0,48.8,103.2,Cordate,White,Tropical/Subtropical,Very High,Very High
30,70,100,90,5,7,2,0,8,6,2,1,3,4,0,52.5,92.7,Intermediate,Purple,Cool Temperate,Very High,Very High
70,30,90,100,7,5,0,2,6,8,1,2,4,3,0,50.6,93.5,Intermediate,Intermediate,Cool Temperate,Very High,Very High
30,70,100,90,5,7,2,0,8,6,2,1,3,4,0,51.4,91.4,Pinnate,Intermediate,Cool Temperate,Very High,Very High
70,30,90,100,7,5,0,2,6,8,1,2,4,3,0,52.3,95.6,Intermediate,Intermediate,Cool Temperate,Very High,Very High
30,70,100,90,5,7,2,0,8,6,2,1,3,4,0,49.4,101.1,Cordate,Intermediate,Tropical/Subtropical,Very High,Very High
70,30,90,100,7,5,0,2,6,8,1,2,4,3,0,47.7,99.2,Cordate,Intermediate,Cool Temperate,Very High,Very High
30,70,100,90,5,7,2,0,8,6,2,1,3,4,0,52.9,98.2,Cordate,Purple,Tropical/Subtropical,Very High,Very High
70,300,90,270,7,4,0,0,6,0,1,3,4,4,0,180.9,189.1,Pinnate,White,Tropical,Very High,Very High
300,70,270,90,4,7,0,0,0,6,3,1,4,4,0,171.5,178.4,Intermediate,White,Tropical,Very High,Very High
70,300,90,270,7,4,0,0,6,0,1,3,4,4,0,191.2,186.3,Intermediate,White,Cool Temperate,Very High,Very High
300,70,270,90,4,7,0,0,0,6,3,1,4,4,0,189.3,178.8,Intermediate,White,Tropical,Very High,Very High
70,300,90,270,7,4,0,0,6,0,1,3,4,4,0,177.9,173.7,Intermediate,White,Cool Temperate,Very High,Very High
300,70,270,90,4,7,0,0,0,6,3,1,4,4,0,190.6,169.4,Intermediate,White,Tropical,Very High,Very High
70,300,90,270,7,4,0,0,6,0,1,3,4,4,0,187.7,197.0,Palmate,White,Tropical,Very High,Very High
300,70,270,90,4,7,0,0,0,6,3,1,4,4,0,183.6,182.9,Pinnate,White,Tropical,Very High,Very High
70,300,90,270,7,4,0,0,6,0,1,3,4,4,0,185.6,179.2,Intermediate,White,Tropical,Very High,Very High
300,70,270,90,4,7,0,0,0,6,3,1,4,4,0,184.9,176.3,Palmate,White,Cool Temperate,Very High,Very High
70,300,90,270,7,4,0,0,6,0,1,3,4,4,0,189.1,195.5,Pinnate,White,Tropical,Very High,Very High
300,70,270,90,4,7,0,0,0,6,3,1,4,4,0,174.9,188.1,Intermediate,White,Tropical,Very High,Very High
70,300,90,270,7,4,0,0,6,0,1,3,4,4,0,182.2,168.4,Pinnate,White,Cool Temperate,Very High,Very High
300,70,270,90,4,7,0,0,0,6,3,1,4,4,0,190.2,187.7,Intermediate,White,Cool Temperate,Very High,Very High
70,300,90,270,7,4,0,0,6,0,1,3,4,4,0,179.1,179.7,Palmate,White,Cool Temperate,Very High,Very High
300,70,270,90,4,7,0,0,0,6,3,1,4,4,0,183.8,178.7,Intermediate,White,Tropical,Very High,Very High
70,50,90,70,7,6,0,1,6,6,1,1,4,3,0,62.7,80.1,Oblong,Intermediate,Cool Temperate,Moderate,Very High
50,70,70,90,6,7,1,0,6,6,1,1,3,4,0,66.8,79.4,Pinnate,White,Cool Temperate,Moderate,Very High
70,50,90,70,7,6,0,1,6,6,1,1,4,3,0,60.3,75.1,Oblong,White,Cool Temperate,Moderate,Very High
50,70,70,90,6,7,1,0,6,6,1,1,3,4,0,56.9,76.5,Intermediate,Yellow,Cool Temperate,Moderate,Very High
70,50,90,70,7,6,0,1,6,6,1,1,4,3,0,62.9,74.5,Oblong,Intermediate,Cool Temperate,Moderate,Very High
50,70,70,90,6,7,1,0,6,6,1,1,3,4,0,62.4,81.2,Pinnate,Intermediate,Cool Temperate,Moderate,Very High
70,50,90,70,7,6,0,1,6,6,1,1,4,3,0,54.7,78.1,Intermediate,Intermediate,Cool Temperate,Moderate,Very High
50,70,70,90,6,7,1,0,6,6,1,1,3,4,0,62.6,77.8,Pinnate,White,Cool Temperate,Moderate,Very High
70,50,90,70,7,6,0,1,6,6,1,1,4,3,0,57.3,84.6,Oblong,Intermediate,Cool Temperate,Moderate,Very High
50,70,70,90,6,7,1,0,6,6,1,1,3,4,0,63.9,78.4,Pinnate,Intermediate,Cool Temperate,Moderate,Very High
70,50,90,70,7,6,0,1,6,6,1,1,4,3,0,63.2,78.0,Oblong,Intermediate,Cool Temperate,Moderate,Very High
50,70,70,90,6,7,1,0,6,6,1,1,3,4,0,61.0,86.9,Intermediate,White,Cool Temperate,Moderate,Very High
70,50,90,70,7,6,0,1,6,6,1,1,4,3,0,60.3,78.6,Pinnate,White,Cool Temperate,Moderate,Very High
50,70,70,90,6,7,1,0,6,6,1,1,3,4,0,63.7,80.7,Intermediate,Intermediate,Cool Temperate,Moderate,Very High
70,50,90,70,7,6,0,1,6,6,1,1,4,3,0,64.0,81.7,Intermediate,White,Cool Temperate,Moderate,Very High
50,70,70,90,6,7,1,0,6,6,1,1,3,4,0,61.0,91.1,Intermediate,Intermediate,Cool Temperate,Moderate,Very High
70,130,90,100,7,10,0,1,6,2,1,2,4,4,0,106.5,101.4,Lobed,White,Temperate,Very High,Very High
130,70,100,90,10,7,1,0,2,6,2,1,4,4,0,99.2,97.3,Lobed,White,Temperate,Very High,Very High
70,130,90,100,7,10,0,1,6,2,1,2,4,4,0,100.0,100.4,Pinnate,Intermediate,Cool Temperate,Very High,Very High
130,70,100,90,10,7,1,0,2,6,2,1,4,4,0,95.8,94.9,Intermediate,Intermediate,Temperate,Very High,Very High
70,130,90,100,7,10,0,1,6,2,1,2,4,4,0,94.9,94.7,Intermediate,White,Cool Temperate,Very High,Very High
130,70,100,90,10,7,1,0,2,6,2,1,4,4,0,100.8,98.2,Lobed,White,Cool Temperate,Very High,Very High
70,130,90,100,7,10,0,1,6,2,1,2,4,4,0,100.8,102.8,Pinnate,Yellow,Cool Temperate,Very High,Very High
130,70,100,90,10,7,1,0,2,6,2,1,4,4,0,102.5,94.2,Intermediate,Intermediate,Temperate,Very High,Very High
70,130,90,100,7,10,0,1,6,2,1,2,4,4,0,103.4,95.1,Intermediate,Yellow,Cool Temperate,Very High,Very High
130,70,100,90,10,7,1,0,2,6,2,1,4,4,0,102.7,98.8,Intermediate,Intermediate,Cool Temperate,Very High,Very High
70,130,90,100,7,10,0,1,6,2,1,2,4,4,0,101.8,96.6,Intermediate,Intermediate,Cool Temperate,Very High,Very High
130,70,100,90,10,7,1,0,2,6,2,1,4,4,0,102.0,102.6,Pinnate,Intermediate,Cool Temperate,Very High,Very High
70,130,90,100,7,10,0,1,6,2,1,2,4,4,0,99.0,88.4,Pinnate,Yellow,Temperate,Very High,Very High
130,70,100,90,10,7,1,0,2,6,2,1,4,4,0,101.9,94.9,Intermediate,Intermediate,Temperate,Very High,Very High
70,130,90,100,7,10,0,1,6,2,1,2,4,4,0,105.7,93.0,Intermediate,Yellow,Temperate,Very High,Very High
130,70,100,90,10,7,1,0,2,6,2,1,4,4,0,93.1,87.3,Pinnate,Intermediate,Temperate,Very High,Very High
70,150,90,150,7,4,0,0,6,1,1,1,4,3,0,114.9,127.6,Palmate,White,Subtropical,Moderate,Very High
150,70,150,90,4,7,0,0,1,6,1,1,3,4,0,115.0,118.5,Intermediate,White,Cool Temperate,Moderate,Very High
70,150,90,150,7,4,0,0,6,1,1,1,4,3,0,108.1,128.1,Pinnate,White,Subtropical,Moderate,Very High
150,70,150,90,4,7,0,0,1,6,1,1,3,4,0,113.1,126.6,Palmate,White,Cool Temperate,Moderate,Very High
70,150,90,150,7,4,0,0,6,1,1,1,4,3,0,105.9,108.8,Palmate,White,Cool Temperate,Moderate,Very High
150,70,150,90,4,7,0,0,1,6,1,1,3,4,0,110.7,117.4,Palmate,White,Subtropical,Moderate,Very High
70,150,90,150,7,4,0,0,6,1,1,1,4,3,0,124.8,120.5,Intermediate,White,Subtropical,Moderate,Very High
150,70,150,90,4,7,0,0,1,6,1,1,3,4,0,111.5,113.6,Intermediate,White,Subtropical,Moderate,Very High
70,150,90,150,7,4,0,0,6,1,1,1,4,3,0,110.5,116.8,Intermediate,White,Subtropical,Moderate,Very High
150,70,150,90,4,7,0,0,1,6,1,1,3,4,0,119.4,122.1,Palmate,White,Cool Temperate,Moderate,Very High
70,150,90,150,7,4,0,0,6,1,1,1,4,3,0,105.4,118.0,Palmate,White,Subtropical,Moderate,Very High
150,70,150,90,4,7,0,0,1,6,1,1,3,4,0,109.8,128.6,Palmate,White,Subtropical,Moderate,Very High
70,150,90,150,7,4,0,0,6,1,1,1,4,3,0,109.2,111.1,Intermediate,White,Cool Temperate,Moderate,Very High
150,70,150,90,4,7,0,0,1,6,1,1,3,4,0,109.8,117.8,Palmate,White,Cool Temperate,Moderate,Very High
70,150,90,150,7,4,0,0,6,1,1,1,4,3,0,108.1,109.9,Pinnate,White,Cool Temperate,Moderate,Very High
150,70,150,90,4,7,0,0,1,6,1,1,3,4,0,113.3,109.9,Palmate,White,Cool Temperate,Moderate,Very High
70,200,90,170,7,4,0,1,6,0,1,2,4,1,0,144.7,133.2,Pinnate,Intermediate,Tropical,Very High,High
200,70,170,90,4,7,1,0,0,6,2,1,1,4,0,138.6,128.9,Palmate,Intermediate,Cool Temperate,Very High,High
70,200,90,170,7,4,0,1,6,0,1,2,4,1,0,135.3,131.4,Palmate,Intermediate,Tropical,Very High,High
200,70,170,90,4,7,1,0,0,6,2,1,1,4,0,130.2,130.8,Pinnate,White,Tropical,Very High,High
70,200,90,170,7,4,0,1,6,0,1,2,4,1,0,130.3,126.4,Palmate,Intermediate,Cool Temperate,Very High,High
200,70,170,90,4,7,1,0,0,6,2,1,1,4,0,135.9,127.9,Palmate,Intermediate,Tropical,Very High,High
70,200,90,170,7,4,0,1,6,0,1,2,4,1,0,143.9,138.3,Palmate,Intermediate,Tropical,Very High,High
200,70,170,90,4,7,1,0,0,6,2,1,1,4,0,141.1,134.9,Intermediate,Yellow,Cool Temperate,Very High,High
70,200,90,170,7,4,0,1,6,0,1,2,4,1,0,147.3,130.6,Pinnate,Yellow,Tropical,Very High,High
200,70,170,90,4,7,1,0,0,6,2,1,1,4,0,143.2,119.0,Intermediate,White,Cool Temperate,Very High,High
70,200,90,170,7,4,0,1,6,0,1,2,4,1,0,139.8,124.5,Intermediate,Yellow,Cool Temperate,Very High,High
200,70,170,90,4,7,1,0,0,6,2,1,1,4,0,141.2,125.8,Intermediate,White,Tropical,Very High,High
70,200,90,170,7,4,0,1,6,0,1,2,4,1,0,150.0,138.8,Pinnate,White,Tropical,Very High,High
200,70,170,90,4,7,1,0,0,6,2,1,1,4,0,130.4,141.1,Palmate,White,Tropical,Very High,High
70,200,90,170,7,4,0,1,6,0,1,2,4,1,0,128.4,131.3,Intermediate,Yellow,Cool Temperate,Very High,High
200,70,170,90,4,7,1,0,0,6,2,1,1,4,0,135.4,137.7,Intermediate,Intermediate,Cool Temperate,Very High,High
70,180,90,90,7,2,0,3,6,8,1,1,4,3,1,122.6,98.3,Pinnate,Intermediate,Cool Temperate,Moderate,Very High
180,70,90,90,2,7,3,0,8,6,1,1,3,4,1,119.3,92.1,Elliptical,Intermediate,Tropical/Subtropical,Moderate,Very High
70,180,90,90,7,2,0,3,6,8,1,1,4,3,1,123.5,90.7,Pinnate,Pink,Cool Temperate,Moderate,Very High
180,70,90,90,2,7,3,0,8,6,1,1,3,4,1,125.2,91.9,Pinnate,Intermediate,Tropical/Subtropical,Moderate,Very High
70,180,90,90,7,2,0,3,6,8,1,1,4,3,1,120.7,93.7,Intermediate,Pink,Tropical/Subtropical,Moderate,Very High
180,70,90,90,2,7,3,0,8,6,1,1,3,4,1,120.4,89.1,Intermediate,Pink,Tropical/Subtropical,Moderate,Very High
70,180,90,90,7,2,0,3,6,8,1,1,4,3,1,121.6,79.5,Elliptical,Intermediate,Tropical/Subtropical,Moderate,Very High
180,70,90,90,2,7,3,0,8,6,1,1,3,4,1,119.7,94.3,Intermediate,White,Tropical/Subtropical,Moderate,Very High
70,180,90,90,7,2,0,3,6,8,1,1,4,3,1,123.6,92.1,Intermediate,White,Tropical/Subtropical,Moderate,Very High
180,70,90,90,2,7,3,0,8,6,1,1,3,4,1,131.3,88.6,Intermediate,White,Cool Temperate,Moderate,Very High
70,180,90,90,7,2,0,3,6,8,1,1,4,3,1,122.9,86.1,Intermediate,White,Tropical/Subtropical,Moderate,Very High
180,70,90,90,2,7,3,0,8,6,1,1,3,4,1,125.0,84.9,Pinnate,Intermediate,Tropical/Subtropical,Moderate,Very High
70,180,90,90,7,2,0,3,6,8,1,1,4,3,1,118.6,86.2,Pinnate,Pink,Cool Temperate,Moderate,Very High
180,70,90,90,2,7,3,0,8,6,1,1,3,4,1,128.8,88.2,Intermediate,Intermediate,Cool Temperate,Moderate,Very High
70,180,90,90,7,2,0,3,6,8,1,1,4,3,1,131.6,88.9,Intermediate,Pink,Cool Temperate,Moderate,Very High
180,70,90,90,2,7,3,0,8,6,1,1,3,4,1,120.7,89.8,Intermediate,Intermediate,Cool Temperate,Moderate,Very High
70,100,90,80,7,0,0,1,6,2,1,3,4,1,1,87.5,82.0,Ovate,Intermediate,Temperate,Very High,High
100,70,80,90,0,7,1,0,2,6,3,1,1,4,1,86.7,79.8,Intermediate,Intermediate,Cool Temperate,Very High,High
70,100,90,80,7,0,0,1,6,2,1,3,4,1,1,86.0,85.2,Pinnate,Intermediate,Temperate,Very High,High
100,70,80,90,0,7,1,0,2,6,3,1,1,4,1,79.2,87.7,Pinnate,Yellow,Cool Temperate,Very High,High
70,100,90,80,7,0,0,1,6,2,1,3,4,1,1,84.9,81.3,Intermediate,Intermediate,Cool Temperate,Very High,High
100,70,80,90,0,7,1,0,2,6,3,1,1,4,1,90.1,78.7,Pinnate,Intermediate,Temperate,Very High,High
70,100,90,80,7,0,0,1,6,2,1,3,4,1,1,83.2,90.0,Intermediate,Intermediate,Cool Temperate,Very High,High
100,70,80,90,0,7,1,0,2,6,3,1,1,4,1,79.2,83.0,Ovate,Intermediate,Cool Temperate,Very High,High
70,100,90,80,7,0,0,1,6,2,1,3,4,1,1,87.5,87.8,Intermediate,White,Temperate,Very High,High
100,70,80,90,0,7,1,0,2,6,3,1,1,4,1,80.4,85.6,Intermediate,Intermediate,Cool Temperate,Very High,High
70,100,90,80,7,0,0,1,6,2,1,3,4,1,1,81.7,89.6,Intermediate,Yellow,Cool Temperate,Very High,High
100,70,80,90,0,7,1,0,2,6,3,1,1,4,1,86.3,79.9,Intermediate,Yellow,Cool Temperate,Very High,High
70,100,90,80,7,0,0,1,6,2,1,3,4,1,1,84.3,83.8,Pinnate,Yellow,Cool Temperate,Very High,High
100,70,80,90,0,7,1,0,2,6,3,1,1,4,1,88.9,74.7,Ovate,Yellow,Cool Temperate,Very High,High
70,100,90,80,7,0,0,1,6,2,1,3,4,1,1,88.8,89.5,Ovate,Intermediate,Cool Temperate,Very High,High
100,70,80,90,0,7,1,0,2,6,3,1,1,4,1,90.6,91.7,Ovate,Intermediate,Temperate,Very High,High
70,300,90,110,7,3,0,0,6,4,1,3,4,3,0,180.2,103.2,Intermediate,White,Arid,Very High,Very High
300,70,110,90,3,7,0,0,4,6,3,1,3,4,0,199.0,102.3,Linear,White,Cool Temperate,Very High,Very High
70,300,90,110,7,3,0,0,6,4,1,3,4,3,0,176.3,102.9,Pinnate,White,Arid,Very High,Very High
300,70,110,90,3,7,0,0,4,6,3,1,3,4,0,184.5,97.3,Pinnate,White,Cool Temperate,Very High,Very High
70,300,90,110,7,3,0,0,6,4,1,3,4,3,0,187.8,104.9,Pinnate,White,Cool Temperate,Very High,Very High
300,70,110,90,3,7,0,0,4,6,3,1,3,4,0,192.2,98.3,Pinnate,White,Cool Temperate,Very High,Very High
70,300,90,110,7,3,0,0,6,4,1,3,4,3,0,180.2,95.4,Intermediate,White,Arid,Very High,Very High
300,70,110,90,3,7,0,0,4,6,3,1,3,4,0,193.9,104.4,Intermediate,White,Cool Temperate,Very High,Very High
70,300,90,110,7,3,0,0,6,4,1,3,4,3,0,186.1,110.0,Intermediate,White,Cool Temperate,Very High,Very High
300,70,110,90,3,7,0,0,4,6,3,1,3,4,0,187.9,103.4,Linear,White,Cool Temperate,Very High,Very High
70,300,90,110,7,3,0,0,6,4,1,3,4,3,0,189.2,95.5,Pinnate,White,Cool Temperate,Very High,Very High
300,70,110,90,3,7,0,0,4,6,3,1,3,4,0,181.1,107.3,Intermediate,White,Cool Temperate,Very High,Very High
70,300,90,110,7,3,0,0,6,4,1,3,4,3,0,183.4,107.3,Intermediate,White,Cool Temperate,Very High,Very High
300,70,110,90,3,7,0,0,4,6,3,1,3,4,0,213.1,100.1,Pinnate,White,Cool Temperate,Very High,Very High
70,300,90,110,7,3,0,0,6,4,1,3,4,3,0,178.5,106.2,Intermediate,White,Arid,Very High,Very High
300,70,110,90,3,7,0,0,4,6,3,1,3,4,0,175.2,103.9,Intermediate,White,Cool Temperate,Very High,Very High
70,250,90,90,7,3,0,2,6,5,1,3,4,1,0,160.6,90.3,Intermediate,White,Semi-Arid,Very High,High
250,70,90,90,3,7,2,0,5,6,3,1,1,4,0,146.6,92.5,Intermediate,Intermediate,Semi-Arid,Very High,High
70,250,90,90,7,3,0,2,6,5,1,3,4,1,0,161.9,85.3,Linear,Purple,Semi-Arid,Very High,High
250,70,90,90,3,7,2,0,5,6,3,1,1,4,0,167.6,97.5,Intermediate,Purple,Cool Temperate,Very High,High
70,250,90,90,7,3,0,2,6,5,1,3,4,1,0,153.4,93.5,Linear,Intermediate,Cool Temperate,Very High,High
250,70,90,90,3,7,2,0,5,6,3,1,1,4,0,161.4,85.1,Linear,Intermediate,Cool Temperate,Very High,High
70,250,90,90,7,3,0,2,6,5,1,3,4,1,0,165.6,82.9,Pinnate,White,Cool Temperate,Very High,High
250,70,90,90,3,7,2,0,5,6,3,1,1,4,0,150.6,93.1,Intermediate,Intermediate,Semi-Arid,Very High,High
70,250,90,90,7,3,0,2,6,5,1,3,4,1,0,166.8,87.2,Linear,Intermediate,Semi-Arid,Very High,High
250,70,90,90,3,7,2,0,5,6,3,1,1,4,0,163.3,82.6,Linear,Intermediate,Cool Temperate,Very High,High
70,250,90,90,7,3,0,2,6,5,1,3,4,1,0,165.1,95.5,Linear,White,Cool Temperate,Very High,High
250,70,90,90,3,7,2,0,5,6,3,1,1,4,0,159.0,89.2,Linear,White,Cool Temperate,Very High,High
70,250,90,90,7,3,0,2,6,5,1,3,4,1,0,153.6,93.0,Linear,Intermediate,Cool Temperate,Very High,High
250,70,90,90,3,7,2,0,5,6,3,1,1,4,0,157.0,88.2,Linear,Intermediate,Cool Temperate,Very High,High
70,250,90,90,7,3,0,2,6,5,1,3,4,1,0,152.3,93.7,Linear,Purple,Semi-Arid,Very High,High
250,70,90,90,3,7,2,0,5,6,3,1,1,4,0,157.4,89.6,Linear,Intermediate,Semi-Arid,Very High,High
70,100,90,65,7,7,0,1,6,0,1,2,4,3,1,90.9,76.0,Pinnate,Intermediate,Tropical,Very High,Very High
100,70,65,90,7,7,1,0,0,6,2,1,3,4,1,93.2,79.0,Pinnate,Yellow,Cool Temperate,Very High,Very High
70,100,90,65,7,7,0,1,6,0,1,2,4,3,1,83.8,85.9,Pinnate,Intermediate,Tropical,Very High,Very High
100,70,65,90,7,7,1,0,0,6,2,1,3,4,1,89.5,72.3,Pinnate,White,Tropical,Very High,Very High
70,100,90,65,7,7,0,1,6,0,1,2,4,3,1,82.9,73.6,Pinnate,Intermediate,Cool Temperate,Very High,Very High
100,70,65,90,7,7,1,0,0,6,2,1,3,4,1,82.3,73.8,Pinnate,Intermediate,Tropical,Very High,Very High
70,100,90,65,7,7,0,1,6,0,1,2,4,3,1,87.3,76.1,Pinnate,White,Tropical,Very High,Very High
100,70,65,90,7,7,1,0,0,6,2,1,3,4,1,80.9,77.0,Pinnate,Intermediate,Cool Temperate,Very High,Very High
70,100,90,65,7,7,0,1,6,0,1,2,4,3,1,92.5,77.3,Pinnate,Intermediate,Cool Temperate,Very High,Very High
100,70,65,90,7,7,1,0,0,6,2,1,3,4,1,74.7,70.2,Pinnate,Yellow,Cool Temperate,Very High,Very High
70,100,90,65,7,7,0,1,6,0,1,2,4,3,1,93.9,73.2,Pinnate,White,Tropical,Very High,Very High
100,70,65,90,7,7,1,0,0,6,2,1,3,4,1,85.5,73.7,Pinnate,White,Tropical,Very High,Very High
70,100,90,65,7,7,0,1,6,0,1,2,4,3,1,84.2,72.1,Pinnate,Yellow,Tropical,Very High,Very High
100,70,65,90,7,7,1,0,0,6,2,1,3,4,1,85.0,75.7,Pinnate,Yellow,Cool Temperate,Very High,Very High
70,100,90,65,7,7,0,1,6,0,1,2,4,3,1,83.4,76.3,Pinnate,Intermediate,Tropical,Very High,Very High
100,70,65,90,7,7,1,0,0,6,2,1,3,4,1,83.0,72.4,Pinnate,Intermediate,Cool Temperate,Very High,Very High
70,30,90,75,7,7,0,0,6,6,1,1,4,3,0,48.3,89.0,Pinnate,White,Cool Temperate,Moderate,Very High
30,70,75,90,7,7,0,0,6,6,1,1,3,4,0,54.7,83.1,Pinnate,White,Cool Temperate,Moderate,Very High
70,30,90,75,7,7,0,0,6,6,1,1,4,3,0,48.9,85.3,Pinnate,White,Cool Temperate,Moderate,Very High
30,70,75,90,7,7,0,0,6,6,1,1,3,4,0,47.6,80.0,Pinnate,White,Cool Temperate,Moderate,Very High
70,30,90,75,7,7,0,0,6,6,1,1,4,3,0,49.7,82.6,Pinnate,White,Cool Temperate,Moderate,Very High
30,70,75,90,7,7,0,0,6,6,1,1,3,4,0,50.7,85.1,Pinnate,White,Cool Temperate,Moderate,Very High
70,30,90,75,7,7,0,0,6,6,1,1,4,3,0,45.9,84.4,Pinnate,White,Cool Temperate,Moderate,Very High
30,70,75,90,7,7,0,0,6,6,1,1,3,4,0,49.9,85.4,Pinnate,White,Cool Temperate,Moderate,Very High
70,30,90,75,7,7,0,0,6,6,1,1,4,3,0,52.5,80.8,Pinnate,White,Cool Temperate,Moderate,Very High
30,70,75,90,7,7,0,0,6,6,1,1,3,4,0,50.3,83.9,Pinnate,White,Cool Temperate,Moderate,Very High
70,30,90,75,7,7,0,0,6,6,1,1,4,3,0,53.0,85.7,Pinnate,White,Cool Temperate,Moderate,Very High
30,70,75,90,7,7,0,0,6,6,1,1,3,4,0,50.0,82.4,Pinnate,White,Cool Temperate,Moderate,Very High
70,30,90,75,7,7,0,0,6,6,1,1,4,3,0,49.5,78.3,Pinnate,White,Cool Temperate,Moderate,Very High
30,70,75,90,7,7,0,0,6,6,1,1,3,4,0,52.4,77.2,Pinnate,White,Cool Temperate,Moderate,Very High
70,30,90,75,7,7,0,0,6,6,1,1,4,3,0,51.0,85.3,Pinnate,White,Cool Temperate,Moderate,Very High
30,70,75,90,7,7,0,0,6,6,1,1,3,4,0,50.4,78.3,Pinnate,White,Cool Temperate,Moderate,Very High
30,300,100,270,5,4,2,0,8,0,2,3,3,4,0,165.3,185.0,Intermediate,White,Tropical/Subtropical,Very High,Very High
300,30,270,100,4,5,0,2,0,8,3,2,4,3,0,156.6,183.2,Cordate,White,Tropical/Subtropical,Very High,Very High
30,300,100,270,5,4,2,0,8,0,2,3,3,4,0,150.6,191.6,Palmate,White,Tropical,Very High,Very High
300,30,270,100,4,5,0,2,0,8,3,2,4,3,0,147.0,176.6,Cordate,Intermediate,Tropical/Subtropical,Very High,Very High
30,300,100,270,5,4,2,0,8,0,2,3,3,4,0,163.4,181.1,Intermediate,White,Tropical/Subtropical,Very High,Very High
300,30,270,100,4,5,0,2,0,8,3,2,4,3,0,158.0,183.9,Intermediate,White,Tropical,Very High,Very High
30,300,100,270,5,4,2,0,8,0,2,3,3,4,0,170.4,183.9,Intermediate,Purple,Tropical,Very High,Very High
300,30,270,100,4,5,0,2,0,8,3,2,4,3,0,162.9,185.0,Cordate,Purple,Tropical,Very High,Very High
30,300,100,270,5,4,2,0,8,0,2,3,3,4,0,160.8,186.1,Intermediate,Purple,Tropical,Very High,Very High
300,30,270,100,4,5,0,2,0,8,3,2,4,3,0,160.0,177.8,Intermediate,Purple,Tropical/Subtropical,Very High,Very High
30,300,100,270,5,4,2,0,8,0,2,3,3,4,0,177.7,185.3,Intermediate,Intermediate,Tropical,Very High,Very High
300,30,270,100,4,5,0,2,0,8,3,2,4,3,0,158.6,171.4,Palmate,White,Tropical/Subtropical,Very High,Very High
30,300,100,270,5,4,2,0,8,0,2,3,3,4,0,173.1,192.4,Intermediate,White,Tropical/Subtropical,Very High,Very High
300,30,270,100,4,5,0,2,0,8,3,2,4,3,0,152.6,186.7,Palmate,Purple,Tropical/Subtropical,Very High,Very High
30,300,100,270,5,4,2,0,8,0,2,3,3,4,0,157.2,190.3,Intermediate,Intermediate,Tropical,Very High,Very High
300,30,270,100,4,5,0,2,0,8,3,2,4,3,0,160.6,188.2,Cordate,White,Tropical/Subtropical,Very High,Very High
30,50,100,70,5,6,2,1,8,6,2,1,3,3,0,37.0,80.3,Cordate,Yellow,Cool Temperate,Very High,High
50,30,70,100,6,5,1,2,6,8,1,2,3,3,0,41.3,90.5,Cordate,Intermediate,Cool Temperate,Very High,High
30,50,100,70,5,6,2,1,8,6,2,1,3,3,0,40.2,88.7,Oblong,Yellow,Cool Temperate,Very High,High
50,30,70,100,6,5,1,2,6,8,1,2,3,3,0,41.5,83.1,Cordate,Purple,Cool Temperate,Very High,High
30,50,100,70,5,6,2,1,8,6,2,1,3,3,0,41.5,85.2,Intermediate,Intermediate,Cool Temperate,Very High,High
50,30,70,100,6,5,1,2,6,8,1,2,3,3,0,37.1,82.3,Intermediate,Intermediate,Tropical/Subtropical,Very High,High
30,50,100,70,5,6,2,1,8,6,2,1,3,3,0,37.5,88.6,Cordate,Purple,Cool Temperate,Very High,High
50,30,70,100,6,5,1,2,6,8,1,2,3,3,0,40.7,80.0,Intermediate,Purple,Cool Temperate,Very High,High
30,50,100,70,5,6,2,1,8,6,2,1,3,3,0,41.8,86.8,Cordate,Intermediate,Cool Temperate,Very High,High
50,30,70,100,6,5,1,2,6,8,1,2,3,3,0,38.2,87.2,Oblong,Purple,Cool Temperate,Very High,High
30,50,100,70,5,6,2,1,8,6,2,1,3,3,0,43.3,87.4,Intermediate,Purple,Cool Temperate,Very High,High
50,30,70,100,6,5,1,2,6,8,1,2,3,3,0,43.0,86.0,Oblong,Intermediate,Tropical/Subtropical,Very High,High
30,50,100,70,5,6,2,1,8,6,2,1,3,3,0,38.8,84.8,Cordate,Purple,Cool Temperate,Very High,High
50,30,70,100,6,5,1,2,6,8,1,2,3,3,0,40.8,87.1,Oblong,Intermediate,Tropical/Subtropical,Very High,High
30,50,100,70,5,6,2,1,8,6,2,1,3,3,0,38.9,76.4,Cordate,Purple,Tropical/Subtropical,Very High,High
50,30,70,100,6,5,1,2,6,8,1,2,3,3,0,38.7,91.3,Oblong,Yellow,Cool Temperate,Very High,High
30,130,100,100,5,10,2,1,8,2,2,2,3,4,0,79.2,110.2,Cordate,Purple,Tropical/Subtropical,High,Very High
130,30,100,100,10,5,1,2,2,8,2,2,4,3,0,70.6,103.0,Intermediate,Intermediate,Temperate,High,Very High
30,130,100,100,5,10,2,1,8,2,2,2,3,4,0,82.1,91.5,Lobed,Intermediate,Temperate,High,Very High
130,30,100,100,10,5,1,2,2,8,2,2,4,3,0,77.7,102.7,Intermediate,Yellow,Tropical/Subtropical,High,Very High
30,130,100,100,5,10,2,1,8,2,2,2,3,4,0,79.4,108.6,Intermediate,Purple,Tropical/Subtropical,High,Very High
130,30,100,100,10,5,1,2,2,8,2,2,4,3,0,83.1,98.7,Lobed,Purple,Temperate,High,Very High
30,130,100,100,5,10,2,1,8,2,2,2,3,4,0,85.1,99.9,Intermediate,Intermediate,Tropical/Subtropical,High,Very High
130,30,100,100,10,5,1,2,2,8,2,2,4,3,0,82.9,104.8,Intermediate,Intermediate,Tropical/Subtropical,High,Very High
30,130,100,100,5,10,2,1,8,2,2,2,3,4,0,82.2,100.1,Intermediate,Purple,Tropical/Subtropical,High,Very High
130,30,100,100,10,5,1,2,2,8,2,2,4,3,0,81.6,93.8,Cordate,Intermediate,Tropical/Subtropical,High,Very High
30,130,100,100,5,10,2,1,8,2,2,2,3,4,0,78.2,90.0,Cordate,Intermediate,Temperate,High,Very High
130,30,100,100,10,5,1,2,2,8,2,2,4,3,0,78.5,99.5,Lobed,Intermediate,Tropical/Subtropical,High,Very High
30,130,100,100,5,10,2,1,8,2,2,2,3,4,0,70.8,105.7,Cordate,Yellow,Temperate,High,Very High
130,30,100,100,10,5,1,2,2,8,2,2,4,3,0,74.8,107.1,Intermediate,Yellow,Temperate,High,Very High
30,130,100,100,5,10,2,1,8,2,2,2,3,4,0,79.2,97.1,Cordate,Yellow,Tropical/Subtropical,High,Very High
130,30,100,100,10,5,1,2,2,8,2,2,4,3,0,82.5,107.1,Intermediate,Purple,Temperate,High,Very High
30,150,100,150,5,4,2,0,8,1,2,1,3,3,0,95.4,134.0,Intermediate,Purple,Tropical/Subtropical,Very High,High
150,30,150,100,4,5,0,2,1,8,1,2,3,3,0,94.4,138.0,Intermediate,Intermediate,Tropical/Subtropical,Very High,High
30,150,100,150,5,4,2,0,8,1,2,1,3,3,0,90.1,123.8,Intermediate,Purple,Subtropical,Very High,High
150,30,150,100,4,5,0,2,1,8,1,2,3,3,0,94.0,123.8,Intermediate,White,Subtropical,Very High,High
30,150,100,150,5,4,2,0,8,1,2,1,3,3,0,84.6,121.0,Cordate,White,Tropical/Subtropical,Very High,High
150,30,150,100,4,5,0,2,1,8,1,2,3,3,0,81.8,116.9,Cordate,White,Tropical/Subtropical,Very High,High
30,150,100,150,5,4,2,0,8,1,2,1,3,3,0,97.4,133.3,Intermediate,Intermediate,Tropical/Subtropical,Very High,High
150,30,150,100,4,5,0,2,1,8,1,2,3,3,0,88.9,125.3,Intermediate,White,Subtropical,Very High,High
30,150,100,150,5,4,2,0,8,1,2,1,3,3,0,93.1,121.2,Palmate,Purple,Tropical/Subtropical,Very High,High
150,30,150,100,4,5,0,2,1,8,1,2,3,3,0,95.8,126.9,Palmate,Intermediate,Tropical/Subtropical,Very High,High
30,150,100,150,5,4,2,0,8,1,2,1,3,3,0,85.6,127.8,Cordate,Intermediate,Subtropical,Very High,High
150,30,150,100,4,5,0,2,1,8,1,2,3,3,0,95.4,125.8,Intermediate,Intermediate,Subtropical,Very High,High
30,150,100,150,5,4,2,0,8,1,2,1,3,3,0,92.4,124.7,Palmate,Purple,Subtropical,Very High,High
150,30,150,100,4,5,0,2,1,8,1,2,3,3,0,92.9,120.3,Cordate,Purple,Subtropical,Very High,High
30,150,100,150,5,4,2,0,8,1,2,1,3,3,0,87.1,142.9,Palmate,Intermediate,Subtropical,Very High,High
150,30,150,100,4,5,0,2,1,8,1,2,3,3,0,90.7,128.4,Cordate,Intermediate,Subtropical,Very High,High
30,200,100,170,5,4,2,1,8,0,2,2,3,1,0,108.6,128.9,Intermediate,Intermediate,Tropical/Subtropical,High,High
200,30,170,100,4,5,1,2,0,8,2,2,1,3,0,114.5,135.1,Intermediate,Purple,Tropical,High,High
30,200,100,170,5,4,2,1,8,0,2,2,3,1,0,112.6,142.3,Intermediate,Yellow,Tropical,High,High
200,30,170,100,4,5,1,2,0,8,2,2,1,3,0,121.4,128.0,Intermediate,Purple,Tropical,High,High
30,200,100,170,5,4,2,1,8,0,2,2,3,1,0,110.9,137.1,Cordate,Yellow,Tropical/Subtropical,High,High
200,30,170,100,4,5,1,2,0,8,2,2,1,3,0,121.6,143.5,Cordate,Intermediate,Tropical/Subtropical,High,High
30,200,100,170,5,4,2,1,8,0,2,2,3,1,0,113.0,136.8,Cordate,Purple,Tropical/Subtropical,High,High
200,30,170,100,4,5,1,2,0,8,2,2,1,3,0,112.0,132.0,Palmate,Intermediate,Tropical,High,High
30,200,100,170,5,4,2,1,8,0,2,2,3,1,0,105.8,140.4,Intermediate,Purple,Tropical/Subtropical,High,High
200,30,170,100,4,5,1,2,0,8,2,2,1,3,0,104.0,135.6,Intermediate,Purple,Tropical,High,High
30,200,100,170,5,4,2,1,8,0,2,2,3,1,0,107.7,150.2,Intermediate,Intermediate,Tropical/Subtropical,High,High
200,30,170,100,4,5,1,2,0,8,2,2,1,3,0,127.4,134.2,Intermediate,Intermediate,Tropical/Subtropical,High,High
30,200,100,170,5,4,2,1,8,0,2,2,3,1,0,116.8,134.9,Palmate,Intermediate,Tropical/Subtropical,High,High
200,30,170,100,4,5,1,2,0,8,2,2,1,3,0,116.8,136.1,Palmate,Intermediate,Tropical/Subtropical,High,High
30,200,100,170,5,4,2,1,8,0,2,2,3,1,0,114.6,129.5,Intermediate,Purple,Tropical,High,High
200,30,170,100,4,5,1,2,0,8,2,2,1,3,0,130.7,125.7,Intermediate,Yellow,Tropical,High,High
30,180,100,90,5,2,2,3,8,8,2,1,3,3,0,105.2,89.9,Cordate,Intermediate,Tropical/Subtropical,Very High,High
180,30,90,100,2,5,3,2,8,8,1,2,3,3,0,111.0,92.0,Intermediate,Purple,Tropical/Subtropical,Very High,High
30,180,100,90,5,2,2,3,8,8,2,1,3,3,0,97.7,92.8,Intermediate,Intermediate,Tropical/Subtropical,Very High,High
180,30,90,100,2,5,3,2,8,8,1,2,3,3,0,105.0,97.0,Intermediate,Purple,Tropical/Subtropical,Very High,High
30,180,100,90,5,2,2,3,8,8,2,1,3,3,0,104.3,92.0,Cordate,Intermediate,Tropical/Subtropical,Very High,High
180,30,90,100,2,5,3,2,8,8,1,2,3,3,0,101.0,96.6,Cordate,Pink,Tropical/Subtropical,Very High,High
30,180,100,90,5,2,2,3,8,8,2,1,3,3,0,95.9,93.1,Cordate,Intermediate,Tropical/Subtropical,Very High,High
180,30,90,100,2,5,3,2,8,8,1,2,3,3,0,106.3,89.7,Elliptical,Pink,Tropical/Subtropical,Very High,High
30,180,100,90,5,2,2,3,8,8,2,1,3,3,0,104.6,97.5,Elliptical,Pink,Tropical/Subtropical,Very High,High
180,30,90,100,2,5,3,2,8,8,1,2,3,3,0,103.2,92.9,Intermediate,Purple,Tropical/Subtropical,Very High,High
30,180,100,90,5,2,2,3,8,8,2,1,3,3,0,108.9,92.1,Intermediate,Pink,Tropical/Subtropical,Very High,High
180,30,90,100,2,5,3,2,8,8,1,2,3,3,0,111.8,96.3,Cordate,Purple,Tropical/Subtropical,Very High,High
30,180,100,90,5,2,2,3,8,8,2,1,3,3,0,107.5,91.7,Cordate,Intermediate,Tropical/Subtropical,Very High,High
180,30,90,100,2,5,3,2,8,8,1,2,3,3,0,105.5,98.2,Elliptical,Pink,Tropical/Subtropical,Very High,High
30,180,100,90,5,2,2,3,8,8,2,1,3,3,0,109.9,91.3,Cordate,Intermediate,Tropical/Subtropical,Very High,High
180,30,90,100,2,5,3,2,8,8,1,2,3,3,0,111.3,93.2,Intermediate,Purple,Tropical/Subtropical,Very High,High
30,100,100,80,5,0,2,1,8,2,2,3,3,1,0,60.3,89.6,Cordate,Intermediate,Temperate,Very High,High
100,30,80,100,0,5,1,2,2,8,3,2,1,3,0,66.6,86.1,Cordate,Purple,Temperate,Very High,High
30,100,100,80,5,0,2,1,8,2,2,3,3,1,0,58.1,100.7,Intermediate,Yellow,Tropical/Subtropical,Very High,High
100,30,80,100,0,5,1,2,2,8,3,2,1,3,0,59.5,85.8,Intermediate,Purple,Temperate,Very High,High
30,100,100,80,5,0,2,1,8,2,2,3,3,1,0,69.7,91.8,Ovate,Yellow,Temperate,Very High,High
100,30,80,100,0,5,1,2,2,8,3,2,1,3,0,65.1,84.1,Intermediate,Yellow,Temperate,Very High,High
30,100,100,80,5,0,2,1,8,2,2,3,3,1,0,64.0,90.2,Ovate,Yellow,Temperate,Very High,High
100,30,80,100,0,5,1,2,2,8,3,2,1,3,0,68.2,84.9,Ovate,Yellow,Tropical/Subtropical,Very High,High
30,100,100,80,5,0,2,1,8,2,2,3,3,1,0,64.9,93.5,Cordate,Intermediate,Temperate,Very High,High
100,30,80,100,0,5,1,2,2,8,3,2,1,3,0,67.4,90.2,Ovate,Yellow,Tropical/Subtropical,Very High,High
30,100,100,80,5,0,2,1,8,2,2,3,3,1,0,65.5,91.7,Ovate,Purple,Temperate,Very High,High
100,30,80,100,0,5,1,2,2,8,3,2,1,3,0,65.4,92.6,Ovate,Yellow,Tropical/Subtropical,Very High,High
30,100,100,80,5,0,2,1,8,2,2,3,3,1,0,69.1,86.8,Ovate,Intermediate,Temperate,Very High,High
100,30,80,100,0,5,1,2,2,8,3,2,1,3,0,63.4,101.3,Cordate,Intermediate,Temperate,Very High,High
30,100,100,80,5,0,2,1,8,2,2,3,3,1,0,63.5,89.3,Intermediate,Intermediate,Tropical/Subtropical,Very High,High
100,30,80,100,0,5,1,2,2,8,3,2,1,3,0,64.2,87.8,Intermediate,Purple,Tropical/Subtropical,Very High,High
30,300,100,110,5,3,2,0,8,4,2,3,3,3,0,166.1,108.1,Intermediate,Intermediate,Tropical/Subtropical,Very High,High
300,30,110,100,3,5,0,2,4,8,3,2,3,3,0,156.5,101.9,Intermediate,White,Tropical/Subtropical,Very High,High
30,300,100,110,5,3,2,0,8,4,2,3,3,3,0,175.8,108.1,Linear,Purple,Tropical/Subtropical,Very High,High
300,30,110,100,3,5,0,2,4,8,3,2,3,3,0,154.9,102.7,Linear,Purple,Tropical/Subtropical,Very High,High
30,300,100,110,5,3,2,0,8,4,2,3,3,3,0,154.5,102.8,Cordate,White,Arid,Very High,High
300,30,110,100,3,5,0,2,4,8,3,2,3,3,0,160.6,102.9,Intermediate,White,Arid,Very High,High
30,300,100,110,5,3,2,0,8,4,2,3,3,3,0,160.2,109.5,Intermediate,Purple,Arid,Very High,High
300,30,110,100,3,5,0,2,4,8,3,2,3,3,0,155.7,100.4,Linear,Purple,Arid,Very High,High
30,300,100,110,5,3,2,0,8,4,2,3,3,3,0,169.3,105.1,Linear,Purple,Arid,Very High,High
300,30,110,100,3,5,0,2,4,8,3,2,3,3,0,158.6,104.7,Linear,White,Tropical/Subtropical,Very High,High
30,300,100,110,5,3,2,0,8,4,2,3,3,3,0,166.1,115.4,Cordate,Intermediate,Tropical/Subtropical,Very High,High
300,30,110,100,3,5,0,2,4,8,3,2,3,3,0,170.0,99.0,Linear,Intermediate,Arid,Very High,High
30,300,100,110,5,3,2,0,8,4,2,3,3,3,0,165.1,112.4,Cordate,Intermediate,Tropical/Subtropical,Very High,High
300,30,110,100,3,5,0,2,4,8,3,2,3,3,0,168.0,103.1,Intermediate,Intermediate,Tropical/Subtropical,Very High,High
30,300,100,110,5,3,2,0,8,4,2,3,3,3,0,158.8,93.9,Cordate,White,Tropical/Subtropical,Very High,High
300,30,110,100,3,5,0,2,4,8,3,2,3,3,0,154.3,98.4,Intermediate,Purple,Arid,Very High,High
30,250,100,90,5,3,2,2,8,5,2,3,3,1,0,151.0,87.0,Cordate,Purple,Tropical/Subtropical,Very High,High
250,30,90,100,3,5,2,2,5,8,3,2,1,3,0,139.7,88.6,Intermediate,Purple,Semi-Arid,Very High,High
30,250,100,90,5,3,2,2,8,5,2,3,3,1,0,136.2,96.1,Intermediate,Purple,Tropical/Subtropical,Very High,High
250,30,90,100,3,5,2,2,5,8,3,2,1,3,0,138.7,87.0,Cordate,Purple,Tropical/Subtropical,Very High,High
30,250,100,90,5,3,2,2,8,5,2,3,3,1,0,141.2,94.1,Intermediate,Purple,Semi-Arid,Very High,High
250,30,90,100,3,5,2,2,5,8,3,2,1,3,0,143.1,100.8,Cordate,Purple,Tropical/Subtropical,Very High,High
30,250,100,90,5,3,2,2,8,5,2,3,3,1,0,146.9,100.1,Linear,Purple,Tropical/Subtropical,Very High,High
250,30,90,100,3,5,2,2,5,8,3,2,1,3,0,146.9,93.4,Intermediate,Purple,Tropical/Subtropical,Very High,High
30,250,100,90,5,3,2,2,8,5,2,3,3,1,0,139.8,105.3,Cordate,Purple,Semi-Arid,Very High,High
250,30,90,100,3,5,2,2,5,8,3,2,1,3,0,124.4,93.6,Intermediate,Purple,Tropical/Subtropical,Very High,High
30,250,100,90,5,3,2,2,8,5,2,3,3,1,0,140.4,98.8,Intermediate,Purple,Semi-Arid,Very High,High
250,30,90,100,3,5,2,2,5,8,3,2,1,3,0,144.1,95.4,Linear,Purple,Semi-Arid,Very High,High
30,250,100,90,5,3,2,2,8,5,2,3,3,1,0,144.7,99.0,Intermediate,Purple,Semi-Arid,Very High,High
250,30,90,100,3,5,2,2,5,8,3,2,1,3,0,157.9,96.2,Cordate,Purple,Tropical/Subtropical,Very High,High
30,250,100,90,5,3,2,2,8,5,2,3,3,1,0,137.9,90.2,Linear,Purple,Tropical/Subtropical,Very High,High
250,30,90,100,3,5,2,2,5,8,3,2,1,3,0,136.3,93.9,Intermediate,Purple,Tropical/Subtropical,Very High,High
30,100,100,65,5,7,2,1,8,0,2,2,3,3,0,69.1,80.5,Intermediate,Intermediate,Tropical/Subtropical,High,High
100,30,65,100,7,5,1,2,0,8,2,2,3,3,0,57.1,81.3,Intermediate,Purple,Tropical/Subtropical,High,High
30,100,100,65,5,7,2,1,8,0,2,2,3,3,0,69.8,86.9,Cordate,Intermediate,Tropical/Subtropical,High,High
100,30,65,100,7,5,1,2,0,8,2,2,3,3,0,66.3,76.5,Cordate,Intermediate,Tropical,High,High
30,100,100,65,5,7,2,1,8,0,2,2,3,3,0,65.4,87.6,Intermediate,Yellow,Tropical,High,High
100,30,65,100,7,5,1,2,0,8,2,2,3,3,0,59.1,78.6,Cordate,Intermediate,Tropical/Subtropical,High,High
30,100,100,65,5,7,2,1,8,0,2,2,3,3,0,61.9,78.9,Intermediate,Intermediate,Tropical/Subtropical,High,High
100,30,65,100,7,5,1,2,0,8,2,2,3,3,0,62.5,78.5,Pinnate,Purple,Tropical,High,High
30,100,100,65,5,7,2,1,8,0,2,2,3,3,0,64.2,85.4,Intermediate,Purple,Tropical/Subtropical,High,High
100,30,65,100,7,5,1,2,0,8,2,2,3,3,0,62.6,80.1,Intermediate,Purple,Tropical/Subtropical,High,High
30,100,100,65,5,7,2,1,8,0,2,2,3,3,0,65.7,80.4,Pinnate,Yellow,Tropical/Subtropical,High,High
100,30,65,100,7,5,1,2,0,8,2,2,3,3,0,61.4,84.1,Intermediate,Intermediate,Tropical/Subtropical,High,High
30,100,100,65,5,7,2,1,8,0,2,2,3,3,0,65.5,88.3,Intermediate,Intermediate,Tropical,High,High
100,30,65,100,7,5,1,2,0,8,2,2,3,3,0,73.6,84.9,Cordate,Purple,Tropical/Subtropical,High,High
30,100,100,65,5,7,2,1,8,0,2,2,3,3,0,62.8,83.2,Pinnate,Intermediate,Tropical/Subtropical,High,High
100,30,65,100,7,5,1,2,0,8,2,2,3,3,0,66.8,78.0,Intermediate,Intermediate,Tropical,High,High
30,30,100,75,5,7,2,0,8,6,2,1,3,3,0,31.3,83.4,Intermediate,Intermediate,Cool Temperate,Very High,High
30,30,75,100,7,5,0,2,6,8,1,2,3,3,0,30.5,86.9,Cordate,Purple,Tropical/Subtropical,Very High,High
30,30,100,75,5,7,2,0,8,6,2,1,3,3,0,31.5,91.9,Pinnate,Purple,Cool Temperate,Very High,High
30,30,75,100,7,5,0,2,6,8,1,2,3,3,0,28.7,79.8,Intermediate,Intermediate,Tropical/Subtropical,Very High,High
30,30,100,75,5,7,2,0,8,6,2,1,3,3,0,31.2,85.0,Pinnate,Purple,Tropical/Subtropical,Very High,High
30,30,75,100,7,5,0,2,6,8,1,2,3,3,0,32.7,86.7,Intermediate,Purple,Cool Temperate,Very High,High
30,30,100,75,5,7,2,0,8,6,2,1,3,3,0,31.0,94.4,Intermediate,White,Cool Temperate,Very High,High
30,30,75,100,7,5,0,2,6,8,1,2,3,3,0,28.2,92.6,Cordate,Purple,Tropical/Subtropical,Very High,High
30,30,100,75,5,7,2,0,8,6,2,1,3,3,0,29.1,89.1,Intermediate,Intermediate,Cool Temperate,Very High,High
30,30,75,100,7,5,0,2,6,8,1,2,3,3,0,32.8,80.9,Cordate,Intermediate,Cool Temperate,Very High,High
30,30,100,75,5,7,2,0,8,6,2,1,3,3,0,28.6,87.5,Intermediate,White,Tropical/Subtropical,Very High,High
30,30,75,100,7,5,0,2,6,8,1,2,3,3,0,30.3,93.1,Intermediate,Purple,Tropical/Subtropical,Very High,High
30,30,100,75,5,7,2,0,8,6,2,1,3,3,0,29.8,87.4,Pinnate,Intermediate,Tropical/Subtropical,Very High,High
30,30,75,100,7,5,0,2,6,8,1,2,3,3,0,31.5,89.4,Pinnate,Intermediate,Tropical/Subtropical,Very High,High
30,30,100,75,5,7,2,0,8,6,2,1,3,3,0,31.0,87.9,Cordate,Intermediate,Cool Temperate,Very High,High
30,30,75,100,7,5,0,2,6,8,1,2,3,3,0,31.6,91.8,Intermediate,Purple,Cool Temperate,Very High,High
300,50,270,70,4,6,0,1,0,6,3,1,4,3,0,175.2,173.2,Palmate,Yellow,Tropical,Very High,Very High
50,300,70,270,6,4,1,0,6,0,1,3,3,4,0,173.9,168.0,Intermediate,Yellow,Tropical,Very High,Very High
300,50,270,70,4,6,0,1,0,6,3,1,4,3,0,173.2,164.1,Intermediate,Yellow,Cool Temperate,Very High,Very High
50,300,70,270,6,4,1,0,6,0,1,3,3,4,0,172.5,163.5,Palmate,White,Cool Temperate,Very High,Very High
300,50,270,70,4,6,0,1,0,6,3,1,4,3,0,192.2,165.9,Palmate,Intermediate,Tropical,Very High,Very High
50,300,70,270,6,4,1,0,6,0,1,3,3,4,0,191.3,163.2,Oblong,Intermediate,Cool Temperate,Very High,Very High
300,50,270,70,4,6,0,1,0,6,3,1,4,3,0,170.7,172.6,Palmate,White,Cool Temperate,Very High,Very High
50,300,70,270,6,4,1,0,6,0,1,3,3,4,0,168.4,162.9,Palmate,Intermediate,Cool Temperate,Very High,Very High
300,50,270,70,4,6,0,1,0,6,3,1,4,3,0,163.9,167.6,Intermediate,Yellow,Cool Temperate,Very High,Very High
50,300,70,270,6,4,1,0,6,0,1,3,3,4,0,171.0,164.3,Intermediate,Yellow,Cool Temperate,Very High,Very High
300,50,270,70,4,6,0,1,0,6,3,1,4,3,0,183.9,165.9,Oblong,White,Tropical,Very High,Very High
50,300,70,270,6,4,1,0,6,0,1,3,3,4,0,167.5,153.9,Intermediate,White,Tropical,Very High,Very High
300,50,270,70,4,6,0,1,0,6,3,1,4,3,0,185.8,163.3,Oblong,Intermediate,Tropical,Very High,Very High
50,300,70,270,6,4,1,0,6,0,1,3,3,4,0,170.6,165.5,Intermediate,Intermediate,Cool Temperate,Very High,Very High
300,50,270,70,4,6,0,1,0,6,3,1,4,3,0,171.3,178.7,Palmate,Intermediate,Cool Temperate,Very High,Very High
50,300,70,270,6,4,1,0,6,0,1,3,3,4,0,180.1,192.8,Oblong,White,Cool Temperate,Very High,Very High
300,130,270,100,4,10,0,1,0,2,3,2,4,4,0,206.5,192.4,Palmate,Intermediate,Temperate,Very High,Very High
130,300,100,270,10,4,1,0,2,0,2,3,4,4,0,228.3,186.3,Lobed,Yellow,Temperate,Very High,Very High
300,130,270,100,4,10,0,1,0,2,3,2,4,4,0,205.8,183.1,Lobed,White,Temperate,Very High,Very High
130,300,100,270,10,4,1,0,2,0,2,3,4,4,0,203.4,190.9,Intermediate,Yellow,Tropical,Very High,Very High
300,130,270,100,4,10,0,1,0,2,3,2,4,4,0,207.1,183.8,Palmate,Intermediate,Temperate,Very High,Very High
130,300,100,270,10,4,1,0,2,0,2,3,4,4,0,214.6,173.1,Intermediate,Intermediate,Temperate,Very High,Very High
300,130,270,100,4,10,0,1,0,2,3,2,4,4,0,207.2,183.7,Intermediate,Intermediate,Temperate,Very High,Very High
130,300,100,270,10,4,1,0,2,0,2,3,4,4,0,208.5,205.3,Palmate,Intermediate,Tropical,Very High,Very High
300,130,270,100,4,10,0,1,0,2,3,2,4,4,0,222.7,181.0,Intermediate,Intermediate,Temperate,Very High,Very High
130,300,100,270,10,4,1,0,2,0,2,3,4,4,0,198.2,166.9,Intermediate,Intermediate,Temperate,Very High,Very High
300,130,270,100,4,10,0,1,0,2,3,2,4,4,0,208.0,176.3,Palmate,Yellow,Temperate,Very High,Very High
130,300,100,270,10,4,1,0,2,0,2,3,4,4,0,206.3,169.6,Lobed,Intermediate,Temperate,Very High,Very High
300,130,270,100,4,10,0,1,0,2,3,2,4,4,0,211.9,183.1,Intermediate,Intermediate,Temperate,Very High,Very High
130,300,100,270,10,4,1,0,2,0,2,3,4,4,0,224.8,185.7,Lobed,Intermediate,Temperate,Very High,Very High
300,130,270,100,4,10,0,1,0,2,3,2,4,4,0,205.7,196.4,Lobed,White,Temperate,Very High,Very High
130,300,100,270,10,4,1,0,2,0,2,3,4,4,0,212.9,183.6,Lobed,Intermediate,Tropical,Very High,Very High
300,150,270,150,4,4,0,0,0,1,3,1,4,3,0,234.1,216.6,Palmate,White,Subtropical,Very High,Very High
150,300,150,270,4,4,0,0,1,0,1,3,3,4,0,226.2,205.2,Palmate,White,Tropical,Very High,Very High
300,150,270,150,4,4,0,0,0,1,3,1,4,3,0,213.3,212.7,Palmate,White,Tropical,Very High,Very High
150,300,150,270,4,4,0,0,1,0,1,3,3,4,0,212.8,228.0,Palmate,White,Tropical,Very High,Very High
300,150,270,150,4,4,0,0,0,1,3,1,4,3,0,238.9,209.0,Palmate,White,Tropical,Very High,Very High
150,300,150,270,4,4,0,0,1,0,1,3,3,4,0,227.0,217.9,Palmate,White,Tropical,Very High,Very High
300,150,270,150,4,4,0,0,0,1,3,1,4,3,0,241.5,206.3,Palmate,White,Subtropical,Very High,Very High
150,300,150,270,4,4,0,0,1,0,1,3,3,4,0,240.3,201.9,Palmate,White,Subtropical,Very High,Very High
300,150,270,150,4,4,0,0,0,1,3,1,4,3,0,214.2,209.0,Palmate,White,Tropical,Very High,Very High
150,300,150,270,4,4,0,0,1,0,1,3,3,4,0,197.0,242.3,Palmate,White,Subtropical,Very High,Very High
300,150,270,150,4,4,0,0,0,1,3,1,4,3,0,204.6,222.8,Palmate,White,Tropical,Very High,Very High
150,300,150,270,4,4,0,0,1,0,1,3,3,4,0,218.0,227.3,Palmate,White,Tropical,Very High,Very High
300,150,270,150,4,4,0,0,0,1,3,1,4,3,0,237.2,206.0,Palmate,White,Subtropical,Very High,Very High
150,300,150,270,4,4,0,0,1,0,1,3,3,4,0,242.9,205.2,Palmate,White,Subtropical,Very High,Very High
300,150,270,150,4,4,0,0,0,1,3,1,4,3,0,218.1,205.5,Palmate,White,Tropical,Very High,Very High
150,300,150,270,4,4,0,0,1,0,1,3,3,4,0,230.4,200.4,Palmate,White,Subtropical,Very High,Very High
300,200,270,170,4,4,0,1,0,0,3,2,4,1,0,231.2,202.8,Palmate,White,Tropical,Very High,High
200,300,170,270,4,4,1,0,0,0,2,3,1,4,0,254.8,250.7,Palmate,Intermediate,Tropical,Very High,High
300,200,270,170,4,4,0,1,0,0,3,2,4,1,0,252.8,218.1,Palmate,Yellow,Tropical,Very High,High
200,300,170,270,4,4,1,0,0,0,2,3,1,4,0,239.3,212.6,Palmate,Yellow,Tropical,Very High,High
300,200,270,170,4,4,0,1,0,0,3,2,4,1,0,279.6,220.2,Palmate,Yellow,Tropical,Very High,High
200,300,170,270,4,4,1,0,0,0,2,3,1,4,0,257.7,219.4,Palmate,White,Tropical,Very High,High
300,200,270,170,4,4,0,1,0,0,3,2,4,1,0,242.0,236.5,Palmate,Intermediate,Tropical,Very High,High
200,300,170,270,4,4,1,0,0,0,2,3,1,4,0,249.8,217.8,Palmate,White,Tropical,Very High,High
300,200,270,170,4,4,0,1,0,0,3,2,4,1,0,265.2,227.5,Palmate,Intermediate,Tropical,Very High,High
200,300,170,270,4,4,1,0,0,0,2,3,1,4,0,224.5,215.0,Palmate,Intermediate,Tropical,Very High,High
300,200,270,170,4,4,0,1,0,0,3,2,4,1,0,244.7,223.2,Palmate,White,Tropical,Very High,High
200,300,170,270,4,4,1,0,0,0,2,3,1,4,0,254.4,219.6,Palmate,Intermediate,Tropical,Very High,High
300,200,270,170,4,4,0,1,0,0,3,2,4,1,0,253.1,225.8,Palmate,Intermediate,Tropical,Very High,High
200,300,170,270,4,4,1,0,0,0,2,3,1,4,0,248.9,224.6,Palmate,Yellow,Tropical,Very High,High
300,200,270,170,4,4,0,1,0,0,3,2,4,1,0,273.5,201.1,Palmate,Intermediate,Tropical,Very High,High
200,300,170,270,4,4,1,0,0,0,2,3,1,4,0,252.6,211.1,Palmate,Intermediate,Tropical,Very High,High
300,180,270,90,4,2,0,3,0,8,3,1,4,3,0,265.7,179.9,Elliptical,Intermediate,Tropical,Very High,Very High
180,300,90,270,2,4,3,0,8,0,1,3,3,4,0,233.8,181.7,Elliptical,Intermediate,Tropical/Subtropical,Very High,Very High
300,180,270,90,4,2,0,3,0,8,3,1,4,3,0,248.8,177.8,Palmate,Intermediate,Tropical,Very High,Very High
180,300,90,270,2,4,3,0,8,0,1,3,3,4,0,231.8,177.2,Intermediate,Intermediate,Tropical,Very High,Very High
300,180,270,90,4,2,0,3,0,8,3,1,4,3,0,255.6,192.7,Elliptical,White,Tropical,Very High,Very High
180,300,90,270,2,4,3,0,8,0,1,3,3,4,0,228.6,195.5,Palmate,Intermediate,Tropical/Subtropical,Very High,Very High
300,180,270,90,4,2,0,3,0,8,3,1,4,3,0,213.6,177.0,Palmate,Pink,Tropical,Very High,Very High
180,300,90,270,2,4,3,0,8,0,1,3,3,4,0,249.5,164.0,Elliptical,Pink,Tropical,Very High,Very High
300,180,270,90,4,2,0,3,0,8,3,1,4,3,0,205.7,199.1,Intermediate,White,Tropical,Very High,Very High
180,300,90,270,2,4,3,0,8,0,1,3,3,4,0,257.8,184.7,Palmate,White,Tropical,Very High,Very High
300,180,270,90,4,2,0,3,0,8,3,1,4,3,0,250.1,176.8,Intermediate,White,Tropical/Subtropical,Very High,Very High
180,300,90,270,2,4,3,0,8,0,1,3,3,4,0,236.7,162.6,Elliptical,White,Tropical/Subtropical,Very High,Very High
300,180,270,90,4,2,0,3,0,8,3,1,4,3,0,231.2,183.2,Intermediate,White,Tropical/Subtropical,Very High,Very High
180,300,90,270,2,4,3,0,8,0,1,3,3,4,0,251.2,178.7,Elliptical,Intermediate,Tropical,Very High,Very High
300,180,270,90,4,2,0,3,0,8,3,1,4,3,0,235.9,172.9,Intermediate,Intermediate,Tropical/Subtropical,Very High,Very High
180,300,90,270,2,4,3,0,8,0,1,3,3,4,0,244.6,169.6,Palmate,White,Tropical/Subtropical,Very High,Very High
300,100,270,80,4,0,0,1,0,2,3,3,4,1,0,194.0,179.3,Ovate,Intermediate,Temperate,Very High,High
100,300,80,270,0,4,1,0,2,0,3,3,1,4,0,213.0,166.0,Intermediate,Intermediate,Tropical,Very High,High
300,100,270,80,4,0,0,1,0,2,3,3,4,1,0,190.3,162.5,Intermediate,White,Tropical,Very High,High
100,300,80,270,0,4,1,0,2,0,3,3,1,4,0,172.3,195.9,Intermediate,Intermediate,Temperate,Very High,High
300,100,270,80,4,0,0,1,0,2,3,3,4,1,0,186.5,169.0,Intermediate,Intermediate,Temperate,Very High,High
100,300,80,270,0,4,1,0,2,0,3,3,1,4,0,195.9,184.8,Intermediate,White,Tropical,Very High,High
300,100,270,80,4,0,0,1,0,2,3,3,4,1,0,224.8,179.5,Ovate,White,Temperate,Very High,High
100,300,80,270,0,4,1,0,2,0,3,3,1,4,0,205.5,181.6,Intermediate,White,Temperate,Very High,High
300,100,270,80,4,0,0,1,0,2,3,3,4,1,0,212.9,186.1,Ovate,Yellow,Temperate,Very High,High
100,300,80,270,0,4,1,0,2,0,3,3,1,4,0,212.4,177.1,Intermediate,Yellow,Tropical,Very High,High
300,100,270,80,4,0,0,1,0,2,3,3,4,1,0,209.4,174.0,Intermediate,Intermediate,Tropical,Very High,High
100,300,80,270,0,4,1,0,2,0,3,3,1,4,0,208.8,180.0,Palmate,Intermediate,Temperate,Very High,High
300,100,270,80,4,0,0,1,0,2,3,3,4,1,0,197.1,173.5,Palmate,Yellow,Temperate,Very High,High
100,300,80,270,0,4,1,0,2,0,3,3,1,4,0,185.9,177.0,Intermediate,Intermediate,Temperate,Very High,High
300,100,270,80,4,0,0,1,0,2,3,3,4,1,0,199.4,176.3,Intermediate,Yellow,Tropical,Very High,High
100,300,80,270,0,4,1,0,2,0,3,3,1,4,0,201.3,164.0,Ovate,Intermediate,Temperate,Very High,High
300,300,270,110,4,3,0,0,0,4,3,3,4,3,0,278.2,180.1,Linear,White,Tropical,Very High,Very High
300,300,110,270,3,4,0,0,4,0,3,3,3,4,0,292.2,167.4,Intermediate,White,Arid,Very High,Very High
300,300,270,110,4,3,0,0,0,4,3,3,4,3,0,292.8,183.1,Intermediate,White,Arid,Very High,Very High
300,300,110,270,3,4,0,0,4,0,3,3,3,4,0,315.4,195.8,Palmate,White,Arid,Very High,Very High
300,300,270,110,4,3,0,0,0,4,3,3,4,3,0,326.7,190.0,Palmate,White,Tropical,Very High,Very High
300,300,110,270,3,4,0,0,4,0,3,3,3,4,0,295.6,184.8,Intermediate,White,Arid,Very High,Very High
300,300,270,110,4,3,0,0,0,4,3,3,4,3,0,284.7,197.3,Intermediate,White,Tropical,Very High,Very High
300,300,110,270,3,4,0,0,4,0,3,3,3,4,0,296.1,197.1,Intermediate,White,Tropical,Very High,Very High
300,300,270,110,4,3,0,0,0,4,3,3,4,3,0,290.6,198.3,Intermediate,White,Arid,Very High,Very High
300,300,110,270,3,4,0,0,4,0,3,3,3,4,0,293.1,180.3,Intermediate,White,Tropical,Very High,Very High
300,300,270,110,4,3,0,0,0,4,3,3,4,3,0,296.2,205.6,Intermediate,White,Arid,Very High,Very High
300,300,110,270,3,4,0,0,4,0,3,3,3,4,0,294.3,191.2,Linear,White,Tropical,Very High,Very High
300,300,270,110,4,3,0,0,0,4,3,3,4,3,0,265.7,206.6,Palmate,White,Arid,Very High,Very High
300,300,110,270,3,4,0,0,4,0,3,3,3,4,0,320.0,211.2,Linear,White,Tropical,Very High,Very High
300,300,270,110,4,3,0,0,0,4,3,3,4,3,0,286.6,194.5,Linear,White,Arid,Very High,Very High
300,300,110,270,3,4,0,0,4,0,3,3,3,4,0,294.4,196.7,Intermediate,White,Arid,Very High,Very High
300,250,270,90,4,3,0,2,0,5,3,3,4,1,0,281.6,182.9,Palmate,White,Semi-Arid,Very High,High
250,300,90,270,3,4,2,0,5,0,3,3,1,4,0,245.6,182.6,Intermediate,White,Semi-Arid,Very High,High
300,250,270,90,4,3,0,2,0,5,3,3,4,1,0,273.8,184.5,Intermediate,Intermediate,Tropical,Very High,High
250,300,90,270,3,4,2,0,5,0,3,3,1,4,0,270.6,179.9,Palmate,Intermediate,Tropical,Very High,High
300,250,270,90,4,3,0,2,0,5,3,3,4,1,0,278.2,183.9,Linear,Intermediate,Tropical,Very High,High
250,300,90,270,3,4,2,0,5,0,3,3,1,4,0,266.9,171.4,Linear,Purple,Tropical,Very High,High
300,250,270,90,4,3,0,2,0,5,3,3,4,1,0,283.2,170.2,Linear,Intermediate,Tropical,Very High,High
250,300,90,270,3,4,2,0,5,0,3,3,1,4,0,273.8,173.5,Palmate,White,Tropical,Very High,High
300,250,270,90,4,3,0,2,0,5,3,3,4,1,0,254.1,192.3,Palmate,White,Semi-Arid,Very High,High
250,300,90,270,3,4,2,0,5,0,3,3,1,4,0,294.6,168.5,Intermediate,Purple,Semi-Arid,Very High,High
300,250,270,90,4,3,0,2,0,5,3,3,4,1,0,292.5,177.7,Intermediate,White,Semi-Arid,Very High,High
250,300,90,270,3,4,2,0,5,0,3,3,1,4,0,269.7,189.1,Intermediate,White,Semi-Arid,Very High,High
300,250,270,90,4,3,0,2,0,5,3,3,4,1,0,271.2,175.5,Intermediate,Intermediate,Semi-Arid,Very High,High
250,300,90,270,3,4,2,0,5,0,3,3,1,4,0,286.2,181.0,Intermediate,White,Semi-Arid,Very High,High
300,250,270,90,4,3,0,2,0,5,3,3,4,1,0,265.9,187.0,Palmate,White,Tropical,Very High,High
250,300,90,270,3,4,2,0,5,0,3,3,1,4,0,279.6,182.8,Intermediate,Intermediate,Semi-Arid,Very High,High
300,100,270,65,4,7,0,1,0,0,3,2,4,3,0,200.4,147.4,Intermediate,Yellow,Tropical,Very High,Very High
100,300,65,270,7,4,1,0,0,0,2,3,3,4,0,190.5,175.3,Intermediate,Yellow,Tropical,Very High,Very High
300,100,270,65,4,7,0,1,0,0,3,2,4,3,0,211.7,154.5,Palmate,Intermediate,Tropical,Very High,Very High
100,300,65,270,7,4,1,0,0,0,2,3,3,4,0,205.9,165.5,Palmate,Yellow,Tropical,Very High,Very High
300,100,270,65,4,7,0,1,0,0,3,2,4,3,0,182.4,155.6,Palmate,White,Tropical,Very High,Very High
100,300,65,270,7,4,1,0,0,0,2,3,3,4,0,191.9,178.4,Palmate,Intermediate,Tropical,Very High,Very High
300,100,270,65,4,7,0,1,0,0,3,2,4,3,0,195.6,159.7,Pinnate,Intermediate,Tropical,Very High,Very High
100,300,65,270,7,4,1,0,0,0,2,3,3,4,0,214.6,169.2,Intermediate,White,Tropical,Very High,Very High
300,100,270,65,4,7,0,1,0,0,3,2,4,3,0,191.3,154.9,Intermediate,Intermediate,Tropical,Very High,Very High
100,300,65,270,7,4,1,0,0,0,2,3,3,4,0,211.2,168.7,Intermediate,Intermediate,Tropical,Very High,Very High
300,100,270,65,4,7,0,1,0,0,3,2,4,3,0,207.1,175.1,Palmate,White,Tropical,Very High,Very High
100,300,65,270,7,4,1,0,0,0,2,3,3,4,0,203.1,169.8,Pinnate,Yellow,Tropical,Very High,Very High
300,100,270,65,4,7,0,1,0,0,3,2,4,3,0,210.8,162.0,Palmate,Intermediate,Tropical,Very High,Very High
100,300,65,270,7,4,1,0,0,0,2,3,3,4,0,211.7,174.1,Pinnate,White,Tropical,Very High,Very High
300,100,270,65,4,7,0,1,0,0,3,2,4,3,0,207.8,171.2,Pinnate,Intermediate,Tropical,Very High,Very High
100,300,65,270,7,4,1,0,0,0,2,3,3,4,0,193.6,175.0,Pinnate,Intermediate,Tropical,Very High,Very High
300,30,270,75,4,7,0,0,0,6,3,1,4,3,0,166.9,176.7,Palmate,White,Cool Temperate,Very High,Very High
30,300,75,270,7,4,0,0,6,0,1,3,3,4,0,160.5,151.3,Palmate,White,Tropical,Very High,Very High
300,30,270,75,4,7,0,0,0,6,3,1,4,3,0,165.9,170.6,Intermediate,White,Tropical,Very High,Very High
30,300,75,270,7,4,0,0,6,0,1,3,3,4,0,162.3,188.1,Intermediate,White,Tropical,Very High,Very High
300,30,270,75,4,7,0,0,0,6,3,1,4,3,0,168.3,169.4,Intermediate,White,Cool Temperate,Very High,Very High
30,300,75,270,7,4,0,0,6,0,1,3,3,4,0,163.4,179.6,Intermediate,White,Cool Temperate,Very High,Very High
300,30,270,75,4,7,0,0,0,6,3,1,4,3,0,171.4,168.3,Pinnate,White,Tropical,Very High,Very High
30,300,75,270,7,4,0,0,6,0,1,3,3,4,0,167.8,170.0,Intermediate,White,Tropical,Very High,Very High
300,30,270,75,4,7,0,0,0,6,3,1,4,3,0,156.2,163.5,Palmate,White,Tropical,Very High,Very High
30,300,75,270,7,4,0,0,6,0,1,3,3,4,0,181.9,174.9,Palmate,White,Cool Temperate,Very High,Very High
300,30,270,75,4,7,0,0,0,6,3,1,4,3,0,160.3,164.4,Palmate,White,Cool Temperate,Very High,Very High
30,300,75,270,7,4,0,0,6,0,1,3,3,4,0,168.8,163.0,Palmate,White,Cool Temperate,Very High,Very High
300,30,270,75,4,7,0,0,0,6,3,1,4,3,0,162.6,179.5,Pinnate,White,Tropical,Very High,Very High
30,300,75,270,7,4,0,0,6,0,1,3,3,4,0,149.1,171.6,Intermediate,White,Cool Temperate,Very High,Very High
300,30,270,75,4,7,0,0,0,6,3,1,4,3,0,175.0,168.3,Pinnate,White,Cool Temperate,Very High,Very High
30,300,75,270,7,4,0,0,6,0,1,3,3,4,0,176.6,167.5,Palmate,White,Cool Temperate,Very High,Very High
50,130,70,100,6,10,1,1,6,2,1,2,3,4,1,93.1,84.4,Oblong,Yellow,Temperate,Very High,Very High
130,50,100,70,10,6,1,1,2,6,2,1,4,3,1,93.6,78.8,Intermediate,Yellow,Temperate,Very High,Very High
50,130,70,100,6,10,1,1,6,2,1,2,3,4,1,86.3,80.8,Intermediate,Yellow,Temperate,Very High,Very High
130,50,100,70,10,6,1,1,2,6,2,1,4,3,1,96.6,88.0,Intermediate,Yellow,Temperate,Very High,Very High
50,130,70,100,6,10,1,1,6,2,1,2,3,4,1,89.5,88.9,Intermediate,Yellow,Temperate,Very High,Very High
130,50,100,70,10,6,1,1,2,6,2,1,4,3,1,89.0,84.6,Intermediate,Yellow,Temperate,Very High,Very High
50,130,70,100,6,10,1,1,6,2,1,2,3,4,1,84.9,85.3,Oblong,Yellow,Cool Temperate,Very High,Very High
130,50,100,70,10,6,1,1,2,6,2,1,4,3,1,96.7,71.6,Intermediate,Yellow,Temperate,Very High,Very High
50,130,70,100,6,10,1,1,6,2,1,2,3,4,1,90.6,87.6,Intermediate,Yellow,Temperate,Very High,Very High
130,50,100,70,10,6,1,1,2,6,2,1,4,3,1,96.5,86.4,Oblong,Yellow,Temperate,Very High,Very High
50,130,70,100,6,10,1,1,6,2,1,2,3,4,1,87.2,81.0,Oblong,Yellow,Temperate,Very High,Very High
130,50,100,70,10,6,1,1,2,6,2,1,4,3,1,92.5,86.6,Oblong,Yellow,Cool Temperate,Very High,Very High
50,130,70,100,6,10,1,1,6,2,1,2,3,4,1,94.5,79.2,Oblong,Yellow,Cool Temperate,Very High,Very High
130,50,100,70,10,6,1,1,2,6,2,1,4,3,1,90.7,82.9,Oblong,Yellow,Cool Temperate,Very High,Very High
50,130,70,100,6,10,1,1,6,2,1,2,3,4,1,88.0,80.4,Intermediate,Yellow,Cool Temperate,Very High,Very High
130,50,100,70,10,6,1,1,2,6,2,1,4,3,1,87.6,84.5,Lobed,Yellow,Temperate,Very High,Very High
50,150,70,150,6,4,1,0,6,1,1,1,3,3,0,100.6,116.3,Palmate,Yellow,Cool Temperate,Moderate,High
150,50,150,70,4,6,0,1,1,6,1,1,3,3,0,103.9,108.6,Intermediate,Yellow,Subtropical,Moderate,High
50,150,70,150,6,4,1,0,6,1,1,1,3,3,0,102.7,104.1,Palmate,Intermediate,Cool Temperate,Moderate,High
150,50,150,70,4,6,0,1,1,6,1,1,3,3,0,93.8,110.6,Intermediate,Yellow,Subtropical,Moderate,High
50,150,70,150,6,4,1,0,6,1,1,1,3,3,0,99.0,115.5,Palmate,Yellow,Subtropical,Moderate,High
150,50,150,70,4,6,0,1,1,6,1,1,3,3,0,97.2,104.2,Intermediate,White,Cool Temperate,Moderate,High
50,150,70,150,6,4,1,0,6,1,1,1,3,3,0,104.4,108.5,Oblong,Intermediate,Subtropical,Moderate,High
150,50,150,70,4,6,0,1,1,6,1,1,3,3,0,91.4,112.8,Palmate,Intermediate,Subtropical,Moderate,High
50,150,70,150,6,4,1,0,6,1,1,1,3,3,0,90.4,111.8,Oblong,Yellow,Cool Temperate,Moderate,High
150,50,150,70,4,6,0,1,1,6,1,1,3,3,0,106.0,101.6,Intermediate,Intermediate,Subtropical,Moderate,High
50,150,70,150,6,4,1,0,6,1,1,1,3,3,0,100.9,112.9,Oblong,Intermediate,Cool Temperate,Moderate,High
150,50,150,70,4,6,0,1,1,6,1,1,3,3,0,96.7,112.1,Intermediate,White,Cool Temperate,Moderate,High
50,150,70,150,6,4,1,0,6,1,1,1,3,3,0,92.0,105.4,Palmate,White,Cool Temperate,Moderate,High
150,50,150,70,4,6,0,1,1,6,1,1,3,3,0,114.4,102.0,Oblong,Intermediate,Cool Temperate,Moderate,High
50,150,70,150,6,4,1,0,6,1,1,1,3,3,0,109.2,98.6,Palmate,Intermediate,Subtropical,Moderate,High
150,50,150,70,4,6,0,1,1,6,1,1,3,3,0,101.5,103.6,Intermediate,Yellow,Cool Temperate,Moderate,High
50,200,70,170,6,4,1,1,6,0,1,2,3,1,0,131.1,117.7,Oblong,Yellow,Cool Temperate,Very High,High
200,50,170,70,4,6,1,1,0,6,2,1,1,3,0,144.6,118.4,Palmate,Yellow,Cool Temperate,Very High,High
50,200,70,170,6,4,1,1,6,0,1,2,3,1,0,118.2,118.1,Intermediate,Yellow,Cool Temperate,Very High,High
200,50,170,70,4,6,1,1,0,6,2,1,1,3,0,122.3,122.5,Intermediate,Yellow,Tropical,Very High,High
50,200,70,170,6,4,1,1,6,0,1,2,3,1,0,120.3,123.1,Intermediate,Yellow,Cool Temperate,Very High,High
200,50,170,70,4,6,1,1,0,6,2,1,1,3,0,116.3,120.0,Intermediate,Yellow,Tropical,Very High,High
50,200,70,170,6,4,1,1,6,0,1,2,3,1,0,121.6,118.9,Intermediate,Yellow,Tropical,Very High,High
200,50,170,70,4,6,1,1,0,6,2,1,1,3,0,124.3,112.8,Palmate,Yellow,Cool Temperate,Very High,High
50,200,70,170,6,4,1,1,6,0,1,2,3,1,0,127.9,121.4,Intermediate,Yellow,Tropical,Very High,High
200,50,170,70,4,6,1,1,0,6,2,1,1,3,0,123.7,116.7,Intermediate,Yellow,Tropical,Very High,High
50,200,70,170,6,4,1,1,6,0,1,2,3,1,0,110.4,110.3,Oblong,Yellow,Cool Temperate,Very High,High
200,50,170,70,4,6,1,1,0,6,2,1,1,3,0,122.1,106.8,Oblong,Yellow,Tropical,Very High,High
50,200,70,170,6,4,1,1,6,0,1,2,3,1,0,130.1,121.8,Intermediate,Yellow,Tropical,Very High,High
200,50,170,70,4,6,1,1,0,6,2,1,1,3,0,119.7,118.3,Oblong,Yellow,Cool Temperate,Very High,High
50,200,70,170,6,4,1,1,6,0,1,2,3,1,0,122.0,117.1,Oblong,Yellow,Cool Temperate,Very High,High
200,50,170,70,4,6,1,1,0,6,2,1,1,3,0,119.6,118.4,Intermediate,Yellow,Tropical,Very High,High
50,180,70,90,6,2,1,3,6,8,1,1,3,3,0,110.9,79.9,Oblong,Yellow,Cool Temperate,Moderate,High
180,50,90,70,2,6,3,1,8,6,1,1,3,3,0,120.4,78.8,Intermediate,Yellow,Cool Temperate,Moderate,High
50,180,70,90,6,2,1,3,6,8,1,1,3,3,0,111.7,76.9,Oblong,Intermediate,Cool Temperate,Moderate,High
180,50,90,70,2,6,3,1,8,6,1,1,3,3,0,109.0,79.2,Intermediate,Intermediate,Tropical/Subtropical,Moderate,High
50,180,70,90,6,2,1,3,6,8,1,1,3,3,0,107.9,77.5,Intermediate,Pink,Cool Temperate,Moderate,High
180,50,90,70,2,6,3,1,8,6,1,1,3,3,0,121.4,80.1,Intermediate,Intermediate,Cool Temperate,Moderate,High
50,180,70,90,6,2,1,3,6,8,1,1,3,3,0,127.8,80.6,Intermediate,Intermediate,Cool Temperate,Moderate,High
180,50,90,70,2,6,3,1,8,6,1,1,3,3,0,113.9,80.3,Oblong,Intermediate,Cool Temperate,Moderate,High
50,180,70,90,6,2,1,3,6,8,1,1,3,3,0,117.8,74.3,Intermediate,Yellow,Cool Temperate,Moderate,High
180,50,90,70,2,6,3,1,8,6,1,1,3,3,0,101.5,82.6,Elliptical,Yellow,Cool Temperate,Moderate,High
50,180,70,90,6,2,1,3,6,8,1,1,3,3,0,112.1,82.2,Intermediate,Intermediate,Cool Temperate,Moderate,High
180,50,90,70,2,6,3,1,8,6,1,1,3,3,0,120.3,82.0,Oblong,Yellow,Cool Temperate,Moderate,High
50,180,70,90,6,2,1,3,6,8,1,1,3,3,0,109.7,83.5,Oblong,Pink,Cool Temperate,Moderate,High
180,50,90,70,2,6,3,1,8,6,1,1,3,3,0,112.3,76.9,Intermediate,Pink,Tropical/Subtropical,Moderate,High
50,180,70,90,6,2,1,3,6,8,1,1,3,3,0,109.3,84.9,Oblong,Intermediate,Cool Temperate,Moderate,High
180,50,90,70,2,6,3,1,8,6,1,1,3,3,0,113.1,85.3,Oblong,Intermediate,Cool Temperate,Moderate,High
50,100,70,80,6,0,1,1,6,2,1,3,3,1,0,76.5,79.3,Oblong,Yellow,Cool Temperate,Very High,High
100,50,80,70,0,6,1,1,2,6,3,1,1,3,0,81.0,80.0,Intermediate,Yellow,Cool Temperate,Very High,High
50,100,70,80,6,0,1,1,6,2,1,3,3,1,0,76.2,70.4,Oblong,Yellow,Temperate,Very High,High
100,50,80,70,0,6,1,1,2,6,3,1,1,3,0,71.5,76.6,Ovate,Yellow,Cool Temperate,Very High,High
50,100,70,80,6,0,1,1,6,2,1,3,3,1,0,77.2,75.9,Oblong,Yellow,Cool Temperate,Very High,High
100,50,80,70,0,6,1,1,2,6,3,1,1,3,0,78.0,76.5,Oblong,Yellow,Cool Temperate,Very High,High
50,100,70,80,6,0,1,1,6,2,1,3,3,1,0,73.3,74.2,Intermediate,Yellow,Temperate,Very High,High
100,50,80,70,0,6,1,1,2,6,3,1,1,3,0,72.0,76.3,Intermediate,Yellow,Temperate,Very High,High
50,100,70,80,6,0,1,1,6,2,1,3,3,1,0,73.6,75.1,Intermediate,Yellow,Temperate,Very High,High
100,50,80,70,0,6,1,1,2,6,3,1,1,3,0,73.0,76.1,Oblong,Yellow,Temperate,Very High,High
50,100,70,80,6,0,1,1,6,2,1,3,3,1,0,75.3,73.7,Oblong,Yellow,Cool Temperate,Very High,High
100,50,80,70,0,6,1,1,2,6,3,1,1,3,0,75.7,77.8,Ovate,Yellow,Temperate,Very High,High
50,100,70,80,6,0,1,1,6,2,1,3,3,1,0,74.5,76.1,Oblong,Yellow,Temperate,Very High,High
100,50,80,70,0,6,1,1,2,6,3,1,1,3,0,72.0,78.5,Intermediate,Yellow,Temperate,Very High,High
50,100,70,80,6,0,1,1,6,2,1,3,3,1,0,78.1,81.5,Intermediate,Yellow,Cool Temperate,Very High,High
100,50,80,70,0,6,1,1,2,6,3,1,1,3,0,73.5,77.8,Ovate,Yellow,Cool Temperate,Very High,High
50,300,70,110,6,3,1,0,6,4,1,3,3,3,0,180.4,88.9,Oblong,Intermediate,Arid,Very High,High
300,50,110,70,3,6,0,1,4,6,3,1,3,3,0,166.1,96.9,Linear,White,Arid,Very High,High
50,300,70,110,6,3,1,0,6,4,1,3,3,3,0,181.6,89.0,Intermediate,Yellow,Cool Temperate,Very High,High
300,50,110,70,3,6,0,1,4,6,3,1,3,3,0,176.9,92.7,Intermediate,Intermediate,Arid,Very High,High
50,300,70,110,6,3,1,0,6,4,1,3,3,3,0,177.6,88.9,Intermediate,Intermediate,Arid,Very High,High
300,50,110,70,3,6,0,1,4,6,3,1,3,3,0,170.1,85.7,Linear,Yellow,Arid,Very High,High
50,300,70,110,6,3,1,0,6,4,1,3,3,3,0,172.3,85.9,Intermediate,White,Arid,Very High,High
300,50,110,70,3,6,0,1,4,6,3,1,3,3,0,196.2,90.2,Linear,Yellow,Arid,Very High,High
50,300,70,110,6,3,1,0,6,4,1,3,3,3,0,177.8,100.6,Linear,Intermediate,Cool Temperate,Very High,High
300,50,110,70,3,6,0,1,4,6,3,1,3,3,0,163.1,87.5,Intermediate,Intermediate,Cool Temperate,Very High,High
50,300,70,110,6,3,1,0,6,4,1,3,3,3,0,167.5,91.8,Intermediate,Intermediate,Arid,Very High,High
300,50,110,70,3,6,0,1,4,6,3,1,3,3,0,177.9,93.5,Intermediate,Intermediate,Arid,Very High,High
50,300,70,110,6,3,1,0,6,4,1,3,3,3,0,175.3,91.2,Oblong,Yellow,Cool Temperate,Very High,High
300,50,110,70,3,6,0,1,4,6,3,1,3,3,0,188.1,94.7,Linear,Intermediate,Arid,Very High,High
50,300,70,110,6,3,1,0,6,4,1,3,3,3,0,177.5,93.4,Intermediate,White,Arid,Very High,High
300,50,110,70,3,6,0,1,4,6,3,1,3,3,0,190.6,93.0,Intermediate,White,Cool Temperate,Very High,High
50,250,70,90,6,3,1,2,6,5,1,3,3,1,0,149.4,84.4,Intermediate,Purple,Semi-Arid,Very High,High
250,50,90,70,3,6,2,1,5,6,3,1,1,3,0,146.5,78.3,Intermediate,Intermediate,Cool Temperate,Very High,High
50,250,70,90,6,3,1,2,6,5,1,3,3,1,0,139.5,82.2,Intermediate,Yellow,Semi-Arid,Very High,High
250,50,90,70,3,6,2,1,5,6,3,1,1,3,0,139.4,76.0,Linear,Intermediate,Cool Temperate,Very High,High
50,250,70,90,6,3,1,2,6,5,1,3,3,1,0,148.4,81.6,Intermediate,Yellow,Semi-Arid,Very High,High
250,50,90,70,3,6,2,1,5,6,3,1,1,3,0,153.1,77.0,Intermediate,Yellow,Semi-Arid,Very High,High
50,250,70,90,6,3,1,2,6,5,1,3,3,1,0,160.5,75.3,Intermediate,Purple,Semi-Arid,Very High,High
250,50,90,70,3,6,2,1,5,6,3,1,1,3,0,154.2,80.8,Intermediate,Intermediate,Semi-Arid,Very High,High
50,250,70,90,6,3,1,2,6,5,1,3,3,1,0,149.3,83.3,Oblong,Purple,Cool Temperate,Very High,High
250,50,90,70,3,6,2,1,5,6,3,1,1,3,0,142.5,75.5,Intermediate,Yellow,Semi-Arid,Very High,High
50,250,70,90,6,3,1,2,6,5,1,3,3,1,0,142.8,82.4,Intermediate,Intermediate,Cool Temperate,Very High,High
250,50,90,70,3,6,2,1,5,6,3,1,1,3,0,150.8,84.2,Oblong,Intermediate,Cool Temperate,Very High,High
50,250,70,90,6,3,1,2,6,5,1,3,3,1,0,150.6,83.0,Linear,Intermediate,Semi-Arid,Very High,High
250,50,90,70,3,6,2,1,5,6,3,1,1,3,0,139.9,79.4,Oblong,Yellow,Semi-Arid,Very High,High
50,250,70,90,6,3,1,2,6,5,1,3,3,1,0,162.4,87.2,Linear,Intermediate,Cool Temperate,Very High,High
250,50,90,70,3,6,2,1,5,6,3,1,1,3,0,146.6,73.8,Intermediate,Intermediate,Semi-Arid,Very High,High
50,100,70,65,6,7,1,1,6,0,1,2,3,3,0,71.6,60.1,Intermediate,Yellow,Tropical,Very High,High
100,50,65,70,7,6,1,1,0,6,2,1,3,3,0,76.0,70.7,Pinnate,Yellow,Cool Temperate,Very High,High
50,100,70,65,6,7,1,1,6,0,1,2,3,3,0,76.7,61.2,Pinnate,Yellow,Cool Temperate,Very High,High
100,50,65,70,7,6,1,1,0,6,2,1,3,3,0,78.9,66.7,Oblong,Yellow,Tropical,Very High,High
50,100,70,65,6,7,1,1,6,0,1,2,3,3,0,76.7,70.3,Intermediate,Yellow,Tropical,Very High,High
100,50,65,70,7,6,1,1,0,6,2,1,3,3,0,80.2,67.7,Intermediate,Yellow,Cool Temperate,Very High,High
50,100,70,65,6,7,1,1,6,0,1,2,3,3,0,73.1,66.1,Pinnate,Yellow,Tropical,Very High,High
100,50,65,70,7,6,1,1,0,6,2,1,3,3,0,72.6,71.4,Pinnate,Yellow,Cool Temperate,Very High,High
50,100,70,65,6,7,1,1,6,0,1,2,3,3,0,80.0,65.6,Intermediate,Yellow,Tropical,Very High,High
100,50,65,70,7,6,1,1,0,6,2,1,3,3,0,85.8,64.1,Pinnate,Yellow,Cool Temperate,Very High,High
50,100,70,65,6,7,1,1,6,0,1,2,3,3,0,70.8,70.4,Oblong,Yellow,Tropical,Very High,High
100,50,65,70,7,6,1,1,0,6,2,1,3,3,0,75.0,70.8,Oblong,Yellow,Cool Temperate,Very High,High
50,100,70,65,6,7,1,1,6,0,1,2,3,3,0,79.1,67.5,Intermediate,Yellow,Cool Temperate,Very High,High
100,50,65,70,7,6,1,1,0,6,2,1,3,3,0,69.7,67.5,Intermediate,Yellow,Cool Temperate,Very High,High
50,100,70,65,6,7,1,1,6,0,1,2,3,3,0,78.3,64.6,Intermediate,Yellow,Tropical,Very High,High
100,50,65,70,7,6,1,1,0,6,2,1,3,3,0,68.4,71.1,Intermediate,Yellow,Tropical,Very High,High
50,30,70,75,6,7,1,0,6,6,1,1,3,3,0,41.3,76.1,Intermediate,Yellow,Cool Temperate,Moderate,High
30,50,75,70,7,6,0,1,6,6,1,1,3,3,0,42.8,73.7,Oblong,Intermediate,Cool Temperate,Moderate,High
50,30,70,75,6,7,1,0,6,6,1,1,3,3,0,40.5,68.4,Oblong,White,Cool Temperate,Moderate,High
30,50,75,70,7,6,0,1,6,6,1,1,3,3,0,39.6,71.8,Oblong,White,Cool Temperate,Moderate,High
50,30,70,75,6,7,1,0,6,6,1,1,3,3,0,40.0,67.6,Oblong,Yellow,Cool Temperate,Moderate,High
30,50,75,70,7,6,0,1,6,6,1,1,3,3,0,38.9,74.9,Pinnate,White,Cool Temperate,Moderate,High
50,30,70,75,6,7,1,0,6,6,1,1,3,3,0,42.5,68.1,Intermediate,White,Cool Temperate,Moderate,High
30,50,75,70,7,6,0,1,6,6,1,1,3,3,0,39.4,73.9,Intermediate,Intermediate,Cool Temperate,Moderate,High
50,30,70,75,6,7,1,0,6,6,1,1,3,3,0,39.0,71.3,Oblong,White,Cool Temperate,Moderate,High
30,50,75,70,7,6,0,1,6,6,1,1,3,3,0,37.4,73.3,Oblong,White,Cool Temperate,Moderate,High
50,30,70,75,6,7,1,0,6,6,1,1,3,3,0,42.1,72.0,Oblong,Intermediate,Cool Temperate,Moderate,High
30,50,75,70,7,6,0,1,6,6,1,1,3,3,0,38.6,78.1,Oblong,White,Cool Temperate,Moderate,High
50,30,70,75,6,7,1,0,6,6,1,1,3,3,0,42.8,75.7,Intermediate,Yellow,Cool Temperate,Moderate,High
30,50,75,70,7,6,0,1,6,6,1,1,3,3,0,40.0,70.8,Intermediate,Intermediate,Cool Temperate,Moderate,High
50,30,70,75,6,7,1,0,6,6,1,1,3,3,0,37.1,70.1,Intermediate,Yellow,Cool Temperate,Moderate,High
30,50,75,70,7,6,0,1,6,6,1,1,3,3,0,38.5,75.6,Oblong,Yellow,Cool Temperate,Moderate,High
130,150,100,150,10,4,1,0,2,1,2,1,4,3,0,149.6,125.2,Intermediate,White,Temperate,Very High,Very High
150,130,150,100,4,10,0,1,1,2,1,2,3,4,0,151.0,132.3,Palmate,Yellow,Subtropical,Very High,Very High
130,150,100,150,10,4,1,0,2,1,2,1,4,3,0,146.9,122.4,Intermediate,Yellow,Temperate,Very High,Very High
150,130,150,100,4,10,0,1,1,2,1,2,3,4,0,140.2,113.8,Palmate,Intermediate,Subtropical,Very High,Very High
130,150,100,150,10,4,1,0,2,1,2,1,4,3,0,140.7,129.3,Palmate,Yellow,Subtropical,Very High,Very High
150,130,150,100,4,10,0,1,1,2,1,2,3,4,0,135.3,123.2,Intermediate,Yellow,Temperate,Very High,Very High
130,150,100,150,10,4,1,0,2,1,2,1,4,3,0,151.3,121.8,Intermediate,Intermediate,Subtropical,Very High,Very High
150,130,150,100,4,10,0,1,1,2,1,2,3,4,0,139.2,114.5,Intermediate,White,Temperate,Very High,Very High
130,150,100,150,10,4,1,0,2,1,2,1,4,3,0,145.9,111.1,Lobed,White,Subtropical,Very High,Very High
150,130,150,100,4,10,0,1,1,2,1,2,3,4,0,162.1,128.9,Intermediate,Yellow,Temperate,Very High,Very High
130,150,100,150,10,4,1,0,2,1,2,1,4,3,0,139.0,126.9,Intermediate,White,Subtropical,Very High,Very High
150,130,150,100,4,10,0,1,1,2,1,2,3,4,0,144.9,136.3,Intermediate,Intermediate,Subtropical,Very High,Very High
130,150,100,150,10,4,1,0,2,1,2,1,4,3,0,136.7,127.9,Palmate,Intermediate,Temperate,Very High,Very High
150,130,150,100,4,10,0,1,1,2,1,2,3,4,0,146.4,132.6,Intermediate,Intermediate,Subtropical,Very High,Very High
130,150,100,150,10,4,1,0,2,1,2,1,4,3,0,147.0,145.7,Intermediate,Intermediate,Subtropical,Very High,Very High
150,130,150,100,4,10,0,1,1,2,1,2,3,4,0,141.5,131.2,Intermediate,Yellow,Subtropical,Very High,Very High
130,200,100,170,10,4,1,1,2,0,2,2,4,1,0,171.9,128.1,Intermediate,Yellow,Temperate,High,High
200,130,170,100,4,10,1,1,0,2,2,2,1,4,0,164.4,137.9,Intermediate,Yellow,Tropical,High,High
130,200,100,170,10,4,1,1,2,0,2,2,4,1,0,167.2,134.0,Lobed,Yellow,Temperate,High,High
200,130,170,100,4,10,1,1,0,2,2,2,1,4,0,148.5,150.4,Lobed,Yellow,Temperate,High,High
130,200,100,170,10,4,1,1,2,0,2,2,4,1,0,167.3,144.7,Intermediate,Yellow,Temperate,High,High
200,130,170,100,4,10,1,1,0,2,2,2,1,4,0,157.6,128.0,Intermediate,Yellow,Temperate,High,High
130,200,100,170,10,4,1,1,2,0,2,2,4,1,0,172.4,132.4,Lobed,Yellow,Tropical,High,High
200,130,170,100,4,10,1,1,0,2,2,2,1,4,0,176.4,130.4,Palmate,Yellow,Temperate,High,High
130,200,100,170,10,4,1,1,2,0,2,2,4,1,0,168.3,135.3,Intermediate,Yellow,Temperate,High,High
200,130,170,100,4,10,1,1,0,2,2,2,1,4,0,167.0,138.1,Intermediate,Yellow,Temperate,High,High
130,200,100,170,10,4,1,1,2,0,2,2,4,1,0,172.7,130.7,Lobed,Yellow,Temperate,High,High
200,130,170,100,4,10,1,1,0,2,2,2,1,4,0,165.3,140.6,Palmate,Yellow,Temperate,High,High
130,200,100,170,10,4,1,1,2,0,2,2,4,1,0,152.1,130.9,Lobed,Yellow,Temperate,High,High
200,130,170,100,4,10,1,1,0,2,2,2,1,4,0,154.4,133.8,Lobed,Yellow,Tropical,High,High
130,200,100,170,10,4,1,1,2,0,2,2,4,1,0,167.2,137.9,Intermediate,Yellow,Tropical,High,High
200,130,170,100,4,10,1,1,0,2,2,2,1,4,0,158.7,135.7,Intermediate,Yellow,Tropical,High,High
130,180,100,90,10,2,1,3,2,8,2,1,4,3,0,182.3,93.0,Intermediate,Pink,Tropical/Subtropical,Very High,Very High
180,130,90,100,2,10,3,1,8,2,1,2,3,4,0,153.3,96.6,Intermediate,Intermediate,Tropical/Subtropical,Very High,Very High
130,180,100,90,10,2,1,3,2,8,2,1,4,3,0,153.0,91.3,Elliptical,Intermediate,Tropical/Subtropical,Very High,Very High
180,130,90,100,2,10,3,1,8,2,1,2,3,4,0,164.8,87.2,Intermediate,Pink,Tropical/Subtropical,Very High,Very High
130,180,100,90,10,2,1,3,2,8,2,1,4,3,0,146.5,96.9,Intermediate,Pink,Temperate,Very High,Very High
180,130,90,100,2,10,3,1,8,2,1,2,3,4,0,150.6,95.9,Lobed,Intermediate,Tropical/Subtropical,Very High,Very High
130,180,100,90,10,2,1,3,2,8,2,1,4,3,0,152.5,99.6,Lobed,Yellow,Tropical/Subtropical,Very High,Very High
180,130,90,100,2,10,3,1,8,2,1,2,3,4,0,178.0,97.1,Intermediate,Intermediate,Temperate,Very High,Very High
130,180,100,90,10,2,1,3,2,8,2,1,4,3,0,149.8,93.4,Elliptical,Intermediate,Tropical/Subtropical,Very High,Very High
180,130,90,100,2,10,3,1,8,2,1,2,3,4,0,138.7,87.9,Intermediate,Pink,Temperate,Very High,Very High
130,180,100,90,10,2,1,3,2,8,2,1,4,3,0,157.5,103.1,Lobed,Pink,Tropical/Subtropical,Very High,Very High
180,130,90,100,2,10,3,1,8,2,1,2,3,4,0,152.8,96.1,Lobed,Pink,Tropical/Subtropical,Very High,Very High
130,180,100,90,10,2,1,3,2,8,2,1,4,3,0,145.4,102.3,Intermediate,Pink,Temperate,Very High,Very High
180,130,90,100,2,10,3,1,8,2,1,2,3,4,0,149.0,89.6,Intermediate,Intermediate,Temperate,Very High,Very High
130,180,100,90,10,2,1,3,2,8,2,1,4,3,0,146.5,91.4,Lobed,Intermediate,Tropical/Subtropical,Very High,Very High
180,130,90,100,2,10,3,1,8,2,1,2,3,4,0,146.1,92.3,Intermediate,Intermediate,Temperate,Very High,Very High
130,100,100,80,10,0,1,1,2,2,2,3,4,1,0,118.7,98.2,Intermediate,Yellow,Temperate,Very High,High
100,130,80,100,0,10,1,1,2,2,3,2,1,4,0,111.4,84.6,Lobed,Yellow,Temperate,Very High,High
130,100,100,80,10,0,1,1,2,2,2,3,4,1,0,111.2,91.9,Lobed,Yellow,Temperate,Very High,High
100,130,80,100,0,10,1,1,2,2,3,2,1,4,0,112.1,93.4,Ovate,Yellow,Temperate,Very High,High
130,100,100,80,10,0,1,1,2,2,2,3,4,1,0,115.9,96.3,Intermediate,Yellow,Temperate,Very High,High
100,130,80,100,0,10,1,1,2,2,3,2,1,4,0,103.0,89.1,Intermediate,Yellow,Temperate,Very High,High
130,100,100,80,10,0,1,1,2,2,2,3,4,1,0,115.9,93.6,Ovate,Yellow,Temperate,Very High,High
100,130,80,100,0,10,1,1,2,2,3,2,1,4,0,122.8,95.9,Lobed,Yellow,Temperate,Very High,High
130,100,100,80,10,0,1,1,2,2,2,3,4,1,0,119.0,90.4,Lobed,Yellow,Temperate,Very High,High
100,130,80,100,0,10,1,1,2,2,3,2,1,4,0,111.8,89.3,Intermediate,Yellow,Temperate,Very High,High
130,100,100,80,10,0,1,1,2,2,2,3,4,1,0,126.5,87.4,Ovate,Yellow,Temperate,Very High,High
100,130,80,100,0,10,1,1,2,2,3,2,1,4,0,110.2,82.2,Intermediate,Yellow,Temperate,Very High,High
130,100,100,80,10,0,1,1,2,2,2,3,4,1,0,116.1,92.7,Intermediate,Yellow,Temperate,Very High,High
100,130,80,100,0,10,1,1,2,2,3,2,1,4,0,110.6,85.9,Intermediate,Yellow,Temperate,Very High,High
130,100,100,80,10,0,1,1,2,2,2,3,4,1,0,116.5,86.2,Ovate,Yellow,Temperate,Very High,High
100,130,80,100,0,10,1,1,2,2,3,2,1,4,0,125.5,91.1,Intermediate,Yellow,Temperate,Very High,High
130,300,100,110,10,3,1,0,2,4,2,3,4,3,0,232.8,113.1,Intermediate,White,Temperate,Very High,Very High
300,130,110,100,3,10,0,1,4,2,3,2,3,4,0,224.8,93.5,Intermediate,Yellow,Temperate,Very High,Very High
130,300,100,110,10,3,1,0,2,4,2,3,4,3,0,208.8,95.8,Linear,Yellow,Arid,Very High,Very High
300,130,110,100,3,10,0,1,4,2,3,2,3,4,0,217.0,108.6,Intermediate,White,Temperate,Very High,Very High
130,300,100,110,10,3,1,0,2,4,2,3,4,3,0,222.2,103.2,Intermediate,Intermediate,Arid,Very High,Very High
300,130,110,100,3,10,0,1,4,2,3,2,3,4,0,205.4,98.3,Intermediate,Intermediate,Arid,Very High,Very High
130,300,100,110,10,3,1,0,2,4,2,3,4,3,0,200.8,99.0,Linear,Yellow,Arid,Very High,Very High
300,130,110,100,3,10,0,1,4,2,3,2,3,4,0,227.7,102.0,Intermediate,Intermediate,Temperate,Very High,Very High
130,300,100,110,10,3,1,0,2,4,2,3,4,3,0,222.4,99.4,Intermediate,White,Temperate,Very High,Very High
300,130,110,100,3,10,0,1,4,2,3,2,3,4,0,223.1,106.0,Lobed,Yellow,Arid,Very High,Very High
130,300,100,110,10,3,1,0,2,4,2,3,4,3,0,210.1,104.7,Intermediate,Intermediate,Arid,Very High,Very High
300,130,110,100,3,10,0,1,4,2,3,2,3,4,0,211.1,97.5,Lobed,Intermediate,Arid,Very High,Very High
130,300,100,110,10,3,1,0,2,4,2,3,4,3,0,227.1,105.0,Lobed,Yellow,Temperate,Very High,Very High
300,130,110,100,3,10,0,1,4,2,3,2,3,4,0,210.1,110.5,Linear,Intermediate,Arid,Very High,Very High
130,300,100,110,10,3,1,0,2,4,2,3,4,3,0,205.1,90.6,Lobed,Intermediate,Arid,Very High,Very High
300,130,110,100,3,10,0,1,4,2,3,2,3,4,0,189.2,105.7,Lobed,Intermediate,Arid,Very High,Very High
130,250,100,90,10,3,1,2,2,5,2,3,4,1,0,173.5,101.7,Intermediate,Intermediate,Semi-Arid,Very High,High
250,130,90,100,3,10,2,1,5,2,3,2,1,4,0,189.0,88.2,Linear,Intermediate,Temperate,Very High,High
130,250,100,90,10,3,1,2,2,5,2,3,4,1,0,182.8,91.3,Lobed,Purple,Semi-Arid,Very High,High
250,130,90,100,3,10,2,1,5,2,3,2,1,4,0,191.5,93.5,Intermediate,Intermediate,Semi-Arid,Very High,High
130,250,100,90,10,3,1,2,2,5,2,3,4,1,0,201.0,96.7,Linear,Purple,Semi-Arid,Very High,High
250,130,90,100,3,10,2,1,5,2,3,2,1,4,0,179.8,92.2,Linear,Yellow,Semi-Arid,Very High,High
130,250,100,90,10,3,1,2,2,5,2,3,4,1,0,178.8,94.0,Linear,Intermediate,Temperate,Very High,High
250,130,90,100,3,10,2,1,5,2,3,2,1,4,0,196.6,93.7,Lobed,Intermediate,Temperate,Very High,High
130,250,100,90,10,3,1,2,2,5,2,3,4,1,0,196.0,92.2,Intermediate,Intermediate,Semi-Arid,Very High,High
250,130,90,100,3,10,2,1,5,2,3,2,1,4,0,186.2,103.4,Intermediate,Purple,Temperate,Very High,High
130,250,100,90,10,3,1,2,2,5,2,3,4,1,0,193.2,96.1,Intermediate,Yellow,Temperate,Very High,High
250,130,90,100,3,10,2,1,5,2,3,2,1,4,0,199.4,91.2,Intermediate,Yellow,Temperate,Very High,High
130,250,100,90,10,3,1,2,2,5,2,3,4,1,0,188.4,88.5,Intermediate,Yellow,Temperate,Very High,High
250,130,90,100,3,10,2,1,5,2,3,2,1,4,0,187.7,93.2,Lobed,Purple,Semi-Arid,Very High,High
130,250,100,90,10,3,1,2,2,5,2,3,4,1,0,200.3,91.4,Linear,Intermediate,Temperate,Very High,High
250,130,90,100,3,10,2,1,5,2,3,2,1,4,0,188.9,90.1,Linear,Intermediate,Temperate,Very High,High
130,100,100,65,10,7,1,1,2,0,2,2,4,3,0,121.3,82.7,Intermediate,Yellow,Tropical,High,Very High
100,130,65,100,7,10,1,1,0,2,2,2,3,4,0,117.9,87.6,Lobed,Yellow,Tropical,High,Very High
130,100,100,65,10,7,1,1,2,0,2,2,4,3,0,119.5,85.4,Lobed,Yellow,Temperate,High,Very High
100,130,65,100,7,10,1,1,0,2,2,2,3,4,0,112.6,81.1,Lobed,Yellow,Tropical,High,Very High
130,100,100,65,10,7,1,1,2,0,2,2,4,3,0,121.5,80.2,Pinnate,Yellow,Temperate,High,Very High
100,130,65,100,7,10,1,1,0,2,2,2,3,4,0,119.9,85.9,Intermediate,Yellow,Temperate,High,Very High
130,100,100,65,10,7,1,1,2,0,2,2,4,3,0,118.6,78.8,Intermediate,Yellow,Tropical,High,Very High
100,130,65,100,7,10,1,1,0,2,2,2,3,4,0,110.3,92.8,Pinnate,Yellow,Temperate,High,Very High
130,100,100,65,10,7,1,1,2,0,2,2,4,3,0,106.3,81.3,Lobed,Yellow,Temperate,High,Very High
100,130,65,100,7,10,1,1,0,2,2,2,3,4,0,110.7,78.6,Lobed,Yellow,Temperate,High,Very High
130,100,100,65,10,7,1,1,2,0,2,2,4,3,0,116.4,86.5,Intermediate,Yellow,Temperate,High,Very High
100,130,65,100,7,10,1,1,0,2,2,2,3,4,0,120.8,78.5,Intermediate,Yellow,Tropical,High,Very High
130,100,100,65,10,7,1,1,2,0,2,2,4,3,0,106.5,83.2,Pinnate,Yellow,Temperate,High,Very High
100,130,65,100,7,10,1,1,0,2,2,2,3,4,0,122.2,81.6,Intermediate,Yellow,Temperate,High,Very High
130,100,100,65,10,7,1,1,2,0,2,2,4,3,0,123.7,80.3,Intermediate,Yellow,Temperate,High,Very High
100,130,65,100,7,10,1,1,0,2,2,2,3,4,0,107.5,79.1,Intermediate,Yellow,Tropical,High,Very High
130,30,100,75,10,7,1,0,2,6,2,1,4,3,0,77.6,91.2,Lobed,Intermediate,Cool Temperate,Very High,Very High
30,130,75,100,7,10,0,1,6,2,1,2,3,4,0,84.1,84.8,Intermediate,Yellow,Cool Temperate,Very High,Very High
130,30,100,75,10,7,1,0,2,6,2,1,4,3,0,83.3,92.9,Pinnate,Intermediate,Temperate,Very High,Very High
30,130,75,100,7,10,0,1,6,2,1,2,3,4,0,76.5,87.7,Pinnate,Intermediate,Temperate,Very High,Very High
130,30,100,75,10,7,1,0,2,6,2,1,4,3,0,79.0,82.4,Lobed,Intermediate,Temperate,Very High,Very High
30,130,75,100,7,10,0,1,6,2,1,2,3,4,0,71.3,95.2,Intermediate,White,Cool Temperate,Very High,Very High
130,30,100,75,10,7,1,0,2,6,2,1,4,3,0,76.4,85.1,Lobed,Intermediate,Temperate,Very High,Very High
30,130,75,100,7,10,0,1,6,2,1,2,3,4,0,83.0,85.1,Intermediate,Intermediate,Temperate,Very High,Very High
130,30,100,75,10,7,1,0,2,6,2,1,4,3,0,80.5,87.3,Pinnate,Yellow,Cool Temperate,Very High,Very High
30,130,75,100,7,10,0,1,6,2,1,2,3,4,0,82.5,83.2,Intermediate,Yellow,Cool Temperate,Very High,Very High
130,30,100,75,10,7,1,0,2,6,2,1,4,3,0,79.6,87.5,Pinnate,Intermediate,Cool Temperate,Very High,Very High
30,130,75,100,7,10,0,1,6,2,1,2,3,4,0,82.4,81.8,Intermediate,Intermediate,Cool Temperate,Very High,Very High
130,30,100,75,10,7,1,0,2,6,2,1,4,3,0,78.2,98.1,Lobed,White,Temperate,Very High,Very High
30,130,75,100,7,10,0,1,6,2,1,2,3,4,0,75.5,93.0,Intermediate,Intermediate,Temperate,Very High,Very High
130,30,100,75,10,7,1,0,2,6,2,1,4,3,0,76.0,85.9,Lobed,Intermediate,Cool Temperate,Very High,Very High
30,130,75,100,7,10,0,1,6,2,1,2,3,4,0,76.8,85.8,Intermediate,White,Cool Temperate,Very High,Very High
150,200,150,170,4,4,0,1,1,0,1,2,3,1,1,192.0,163.2,Palmate,Intermediate,Subtropical,Very High,High
200,150,170,150,4,4,1,0,0,1,2,1,1,3,1,149.4,169.1,Palmate,Intermediate,Tropical,Very High,High
150,200,150,170,4,4,0,1,1,0,1,2,3,1,1,188.8,155.2,Palmate,Intermediate,Subtropical,Very High,High
200,150,170,150,4,4,1,0,0,1,2,1,1,3,1,172.7,163.7,Palmate,Yellow,Tropical,Very High,High
150,200,150,170,4,4,0,1,1,0,1,2,3,1,1,176.8,152.1,Palmate,Intermediate,Subtropical,Very High,High
200,150,170,150,4,4,1,0,0,1,2,1,1,3,1,179.1,157.8,Palmate,Yellow,Subtropical,Very High,High
150,200,150,170,4,4,0,1,1,0,1,2,3,1,1,198.9,173.5,Palmate,Intermediate,Subtropical,Very High,High
200,150,170,150,4,4,1,0,0,1,2,1,1,3,1,176.0,166.3,Palmate,Intermediate,Tropical,Very High,High
150,200,150,170,4,4,0,1,1,0,1,2,3,1,1,164.9,172.7,Palmate,Intermediate,Tropical,Very High,High
200,150,170,150,4,4,1,0,0,1,2,1,1,3,1,164.0,153.7,Palmate,Yellow,Tropical,Very High,High
150,200,150,170,4,4,0,1,1,0,1,2,3,1,1,164.4,166.1,Palmate,Intermediate,Subtropical,Very High,High
200,150,170,150,4,4,1,0,0,1,2,1,1,3,1,183.5,165.6,Palmate,White,Tropical,Very High,High
150,200,150,170,4,4,0,1,1,0,1,2,3,1,1,178.0,185.2,Palmate,Intermediate,Subtropical,Very High,High
200,150,170,150,4,4,1,0,0,1,2,1,1,3,1,182.5,164.5,Palmate,Yellow,Subtropical,Very High,High
150,200,150,170,4,4,0,1,1,0,1,2,3,1,1,169.9,169.5,Palmate,Intermediate,Tropical,Very High,High
200,150,170,150,4,4,1,0,0,1,2,1,1,3,1,187.9,150.6,Palmate,Intermediate,Subtropical,Very High,High
150,180,150,90,4,2,0,3,1,8,1,1,3,3,0,165.6,125.6,Intermediate,Intermediate,Tropical/Subtropical,Moderate,High
180,150,90,150,2,4,3,0,8,1,1,1,3,3,0,163.4,123.4,Intermediate,Pink,Tropical/Subtropical,Moderate,High
150,180,150,90,4,2,0,3,1,8,1,1,3,3,0,165.9,132.2,Palmate,Intermediate,Tropical/Subtropical,Moderate,High
180,150,90,150,2,4,3,0,8,1,1,1,3,3,0,163.1,124.1,Palmate,White,Tropical/Subtropical,Moderate,High
150,180,150,90,4,2,0,3,1,8,1,1,3,3,0,173.2,117.8,Intermediate,Intermediate,Tropical/Subtropical,Moderate,High
180,150,90,150,2,4,3,0,8,1,1,1,3,3,0,162.2,123.5,Palmate,Pink,Tropical/Subtropical,Moderate,High
150,180,150,90,4,2,0,3,1,8,1,1,3,3,0,165.5,114.8,Intermediate,Intermediate,Subtropical,Moderate,High
180,150,90,150,2,4,3,0,8,1,1,1,3,3,0,158.7,117.5,Intermediate,Intermediate,Subtropical,Moderate,High
150,180,150,90,4,2,0,3,1,8,1,1,3,3,0,165.1,128.5,Palmate,White,Subtropical,Moderate,High
180,150,90,150,2,4,3,0,8,1,1,1,3,3,0,174.2,129.0,Intermediate,Intermediate,Subtropical,Moderate,High
150,180,150,90,4,2,0,3,1,8,1,1,3,3,0,176.1,121.7,Intermediate,Pink,Tropical/Subtropical,Moderate,High
180,150,90,150,2,4,3,0,8,1,1,1,3,3,0,169.3,111.8,Elliptical,Intermediate,Subtropical,Moderate,High
150,180,150,90,4,2,0,3,1,8,1,1,3,3,0,166.0,123.7,Intermediate,Pink,Subtropical,Moderate,High
180,150,90,150,2,4,3,0,8,1,1,1,3,3,0,186.4,124.8,Intermediate,Intermediate,Subtropical,Moderate,High
150,180,150,90,4,2,0,3,1,8,1,1,3,3,0,170.1,125.1,Palmate,Intermediate,Subtropical,Moderate,High
180,150,90,150,2,4,3,0,8,1,1,1,3,3,0,177.6,122.9,Intermediate,Pink,Tropical/Subtropical,Moderate,High
150,100,150,80,4,0,0,1,1,2,1,3,3,1,0,125.3,122.5,Intermediate,White,Temperate,Very High,High
100,150,80,150,0,4,1,0,2,1,3,1,1,3,0,126.1,111.9,Intermediate,Intermediate,Subtropical,Very High,High
150,100,150,80,4,0,0,1,1,2,1,3,3,1,0,117.8,112.5,Ovate,Intermediate,Temperate,Very High,High
100,150,80,150,0,4,1,0,2,1,3,1,1,3,0,123.3,113.7,Intermediate,White,Subtropical,Very High,High
150,100,150,80,4,0,0,1,1,2,1,3,3,1,0,122.1,113.3,Ovate,Yellow,Subtropical,Very High,High
100,150,80,150,0,4,1,0,2,1,3,1,1,3,0,125.8,120.7,Intermediate,Yellow,Temperate,Very High,High
150,100,150,80,4,0,0,1,1,2,1,3,3,1,0,137.4,121.8,Intermediate,Intermediate,Temperate,Very High,High
100,150,80,150,0,4,1,0,2,1,3,1,1,3,0,123.7,117.4,Intermediate,Intermediate,Temperate,Very High,High
150,100,150,80,4,0,0,1,1,2,1,3,3,1,0,121.8,133.1,Intermediate,White,Subtropical,Very High,High
100,150,80,150,0,4,1,0,2,1,3,1,1,3,0,121.2,111.8,Ovate,Intermediate,Temperate,Very High,High
150,100,150,80,4,0,0,1,1,2,1,3,3,1,0,130.9,114.9,Palmate,White,Temperate,Very High,High
100,150,80,150,0,4,1,0,2,1,3,1,1,3,0,124.2,115.9,Intermediate,Yellow,Subtropical,Very High,High
150,100,150,80,4,0,0,1,1,2,1,3,3,1,0,125.9,117.0,Intermediate,Intermediate,Subtropical,Very High,High
100,150,80,150,0,4,1,0,2,1,3,1,1,3,0,132.5,108.0,Intermediate,White,Subtropical,Very High,High
150,100,150,80,4,0,0,1,1,2,1,3,3,1,0,119.8,111.5,Palmate,Intermediate,Subtropical,Very High,High
100,150,80,150,0,4,1,0,2,1,3,1,1,3,0,124.2,113.7,Ovate,White,Subtropical,Very High,High
150,300,150,110,4,3,0,0,1,4,1,3,3,3,0,231.2,130.9,Palmate,White,Subtropical,Very High,High
300,150,110,150,3,4,0,0,4,1,3,1,3,3,0,230.3,131.4,Palmate,White,Subtropical,Very High,High
150,300,150,110,4,3,0,0,1,4,1,3,3,3,0,222.2,140.7,Palmate,White,Arid,Very High,High
300,150,110,150,3,4,0,0,4,1,3,1,3,3,0,200.4,136.9,Intermediate,White,Subtropical,Very High,High
150,300,150,110,4,3,0,0,1,4,1,3,3,3,0,228.0,132.2,Intermediate,White,Subtropical,Very High,High
300,150,110,150,3,4,0,0,4,1,3,1,3,3,0,214.4,120.2,Intermediate,White,Subtropical,Very High,High
150,300,150,110,4,3,0,0,1,4,1,3,3,3,0,231.0,132.3,Intermediate,White,Subtropical,Very High,High
300,150,110,150,3,4,0,0,4,1,3,1,3,3,0,239.6,112.5,Palmate,White,Subtropical,Very High,High
150,300,150,110,4,3,0,0,1,4,1,3,3,3,0,226.3,138.8,Intermediate,White,Subtropical,Very High,High
300,150,110,150,3,4,0,0,4,1,3,1,3,3,0,207.5,122.6,Intermediate,White,Arid,Very High,High
150,300,150,110,4,3,0,0,1,4,1,3,3,3,0,232.5,136.8,Intermediate,White,Arid,Very High,High
300,150,110,150,3,4,0,0,4,1,3,1,3,3,0,240.2,128.0,Intermediate,White,Arid,Very High,High
150,300,150,110,4,3,0,0,1,4,1,3,3,3,0,210.3,131.4,Linear,White,Arid,Very High,High
300,150,110,150,3,4,0,0,4,1,3,1,3,3,0,240.8,127.7,Intermediate,White,Subtropical,Very High,High
150,300,150,110,4,3,0,0,1,4,1,3,3,3,0,220.1,117.9,Linear,White,Subtropical,Very High,High
300,150,110,150,3,4,0,0,4,1,3,1,3,3,0,229.1,130.7,Intermediate,White,Subtropical,Very High,High
150,250,150,90,4,3,0,2,1,5,1,3,3,1,0,201.4,123.0,Intermediate,Intermediate,Semi-Arid,Very High,High
250,150,90,150,3,4,2,0,5,1,3,1,1,3,0,215.6,113.1,Intermediate,White,Subtropical,Very High,High
150,250,150,90,4,3,0,2,1,5,1,3,3,1,0,203.4,119.5,Palmate,Purple,Semi-Arid,Very High,High
250,150,90,150,3,4,2,0,5,1,3,1,1,3,0,191.5,118.0,Intermediate,White,Semi-Arid,Very High,High
150,250,150,90,4,3,0,2,1,5,1,3,3,1,0,200.2,116.2,Intermediate,White,Semi-Arid,Very High,High
250,150,90,150,3,4,2,0,5,1,3,1,1,3,0,214.0,122.9,Intermediate,Intermediate,Subtropical,Very High,High
150,250,150,90,4,3,0,2,1,5,1,3,3,1,0,201.8,112.1,Palmate,Purple,Semi-Arid,Very High,High
250,150,90,150,3,4,2,0,5,1,3,1,1,3,0,186.5,120.2,Intermediate,White,Semi-Arid,Very High,High
150,250,150,90,4,3,0,2,1,5,1,3,3,1,0,203.6,117.5,Palmate,Intermediate,Subtropical,Very High,High
250,150,90,150,3,4,2,0,5,1,3,1,1,3,0,197.4,126.8,Palmate,White,Subtropical,Very High,High
150,250,150,90,4,3,0,2,1,5,1,3,3,1,0,201.8,125.1,Intermediate,Intermediate,Subtropical,Very High,High
250,150,90,150,3,4,2,0,5,1,3,1,1,3,0,203.5,119.5,Intermediate,Purple,Semi-Arid,Very High,High
150,250,150,90,4,3,0,2,1,5,1,3,3,1,0,204.7,127.6,Intermediate,Purple,Semi-Arid,Very High,High
250,150,90,150,3,4,2,0,5,1,3,1,1,3,0,215.1,121.0,Intermediate,White,Semi-Arid,Very High,High
150,250,150,90,4,3,0,2,1,5,1,3,3,1,0,199.4,119.6,Linear,White,Semi-Arid,Very High,High
250,150,90,150,3,4,2,0,5,1,3,1,1,3,0,197.6,121.7,Palmate,White,Subtropical,Very High,High
150,100,150,65,4,7,0,1,1,0,1,2,3,3,0,136.7,106.7,Pinnate,White,Subtropical,Very High,High
100,150,65,150,7,4,1,0,0,1,2,1,3,3,0,130.4,109.4,Intermediate,White,Subtropical,Very High,High
150,100,150,65,4,7,0,1,1,0,1,2,3,3,0,122.1,110.1,Palmate,Intermediate,Tropical,Very High,High
100,150,65,150,7,4,1,0,0,1,2,1,3,3,0,124.9,103.7,Intermediate,Intermediate,Subtropical,Very High,High
150,100,150,65,4,7,0,1,1,0,1,2,3,3,0,121.8,103.2,Palmate,Intermediate,Subtropical,Very High,High
100,150,65,150,7,4,1,0,0,1,2,1,3,3,0,123.4,113.1,Intermediate,White,Tropical,Very High,High
150,100,150,65,4,7,0,1,1,0,1,2,3,3,0,123.2,106.0,Intermediate,White,Subtropical,Very High,High
100,150,65,150,7,4,1,0,0,1,2,1,3,3,0,123.4,108.9,Pinnate,White,Subtropical,Very High,High
150,100,150,65,4,7,0,1,1,0,1,2,3,3,0,115.8,106.8,Intermediate,Yellow,Tropical,Very High,High
100,150,65,150,7,4,1,0,0,1,2,1,3,3,0,122.4,109.8,Intermediate,Intermediate,Subtropical,Very High,High
150,100,150,65,4,7,0,1,1,0,1,2,3,3,0,121.0,102.1,Intermediate,White,Subtropical,Very High,High
100,150,65,150,7,4,1,0,0,1,2,1,3,3,0,126.0,106.1,Intermediate,Intermediate,Subtropical,Very High,High
150,100,150,65,4,7,0,1,1,0,1,2,3,3,0,111.2,107.6,Palmate,White,Subtropical,Very High,High
100,150,65,150,7,4,1,0,0,1,2,1,3,3,0,136.3,110.3,Palmate,Intermediate,Tropical,Very High,High
150,100,150,65,4,7,0,1,1,0,1,2,3,3,0,123.0,99.5,Intermediate,Intermediate,Subtropical,Very High,High
100,150,65,150,7,4,1,0,0,1,2,1,3,3,0,129.3,102.7,Pinnate,Yellow,Subtropical,Very High,High
150,30,150,75,4,7,0,0,1,6,1,1,3,3,0,88.8,114.9,Intermediate,White,Subtropical,Moderate,High
30,150,75,150,7,4,0,0,6,1,1,1,3,3,0,82.4,113.3,Pinnate,White,Cool Temperate,Moderate,High
150,30,150,75,4,7,0,0,1,6,1,1,3,3,0,98.0,107.5,Intermediate,White,Cool Temperate,Moderate,High
30,150,75,150,7,4,0,0,6,1,1,1,3,3,0,91.8,111.9,Intermediate,White,Subtropical,Moderate,High
150,30,150,75,4,7,0,0,1,6,1,1,3,3,0,91.1,119.6,Palmate,White,Subtropical,Moderate,High
30,150,75,150,7,4,0,0,6,1,1,1,3,3,0,87.7,107.5,Intermediate,White,Cool Temperate,Moderate,High
150,30,150,75,4,7,0,0,1,6,1,1,3,3,0,92.1,110.3,Intermediate,White,Subtropical,Moderate,High
30,150,75,150,7,4,0,0,6,1,1,1,3,3,0,94.9,113.1,Intermediate,White,Subtropical,Moderate,High
150,30,150,75,4,7,0,0,1,6,1,1,3,3,0,92.4,115.5,Intermediate,White,Subtropical,Moderate,High
30,150,75,150,7,4,0,0,6,1,1,1,3,3,0,89.3,112.9,Pinnate,White,Cool Temperate,Moderate,High
150,30,150,75,4,7,0,0,1,6,1,1,3,3,0,99.3,106.6,Intermediate,White,Subtropical,Moderate,High
30,150,75,150,7,4,0,0,6,1,1,1,3,3,0,95.0,106.6,Pinnate,White,Cool Temperate,Moderate,High
150,30,150,75,4,7,0,0,1,6,1,1,3,3,0,89.3,102.5,Palmate,White,Cool Temperate,Moderate,High
30,150,75,150,7,4,0,0,6,1,1,1,3,3,0,86.2,110.7,Intermediate,White,Subtropical,Moderate,High
150,30,150,75,4,7,0,0,1,6,1,1,3,3,0,91.6,114.5,Intermediate,White,Subtropical,Moderate,High
30,150,75,150,7,4,0,0,6,1,1,1,3,3,0,88.7,114.0,Intermediate,White,Subtropical,Moderate,High
200,180,170,90,4,2,1,3,0,8,2,1,1,3,0,199.6,127.4,Palmate,Yellow,Tropical/Subtropical,Very High,High
180,200,90,170,2,4,3,1,8,0,1,2,3,1,0,172.5,126.2,Intermediate,Intermediate,Tropical/Subtropical,Very High,High
200,180,170,90,4,2,1,3,0,8,2,1,1,3,0,192.5,131.9,Elliptical,Intermediate,Tropical,Very High,High
180,200,90,170,2,4,3,1,8,0,1,2,3,1,0,203.0,120.2,Elliptical,Yellow,Tropical/Subtropical,Very High,High
200,180,170,90,4,2,1,3,0,8,2,1,1,3,0,188.7,132.9,Palmate,Yellow,Tropical,Very High,High
180,200,90,170,2,4,3,1,8,0,1,2,3,1,0,188.4,123.2,Palmate,Pink,Tropical,Very High,High
200,180,170,90,4,2,1,3,0,8,2,1,1,3,0,179.6,126.3,Intermediate,Yellow,Tropical/Subtropical,Very High,High
180,200,90,170,2,4,3,1,8,0,1,2,3,1,0,178.6,121.3,Intermediate,Pink,Tropical,Very High,High
200,180,170,90,4,2,1,3,0,8,2,1,1,3,0,196.1,125.0,Intermediate,Intermediate,Tropical/Subtropical,Very High,High
180,200,90,170,2,4,3,1,8,0,1,2,3,1,0,196.1,132.4,Palmate,Intermediate,Tropical/Subtropical,Very High,High
200,180,170,90,4,2,1,3,0,8,2,1,1,3,0,188.9,125.4,Intermediate,Pink,Tropical/Subtropical,Very High,High
180,200,90,170,2,4,3,1,8,0,1,2,3,1,0,189.6,136.0,Intermediate,Intermediate,Tropical/Subtropical,Very High,High
200,180,170,90,4,2,1,3,0,8,2,1,1,3,0,188.2,127.3,Palmate,Yellow,Tropical,Very High,High
180,200,90,170,2,4,3,1,8,0,1,2,3,1,0,177.2,130.1,Intermediate,Yellow,Tropical/Subtropical,Very High,High
200,180,170,90,4,2,1,3,0,8,2,1,1,3,0,198.0,140.2,Elliptical,Intermediate,Tropical,Very High,High
180,200,90,170,2,4,3,1,8,0,1,2,3,1,0,192.0,135.3,Intermediate,Intermediate,Tropical,Very High,High
200,100,170,80,4,0,1,1,0,2,2,3,1,1,0,146.4,124.2,Ovate,Yellow,Temperate,Very High,Moderate
100,200,80,170,0,4,1,1,2,0,3,2,1,1,0,147.3,132.0,Palmate,Yellow,Tropical,Very High,Moderate
200,100,170,80,4,0,1,1,0,2,2,3,1,1,0,150.3,130.0,Intermediate,Yellow,Tropical,Very High,Moderate
100,200,80,170,0,4,1,1,2,0,3,2,1,1,0,151.6,120.9,Ovate,Yellow,Temperate,Very High,Moderate
200,100,170,80,4,0,1,1,0,2,2,3,1,1,0,139.6,120.5,Ovate,Yellow,Tropical,Very High,Moderate
100,200,80,170,0,4,1,1,2,0,3,2,1,1,0,149.7,121.2,Palmate,Yellow,Tropical,Very High,Moderate
200,100,170,80,4,0,1,1,0,2,2,3,1,1,0,152.3,123.2,Intermediate,Yellow,Tropical,Very High,Moderate
100,200,80,170,0,4,1,1,2,0,3,2,1,1,0,158.7,124.0,Palmate,Yellow,Temperate,Very High,Moderate
200,100,170,80,4,0,1,1,0,2,2,3,1,1,0,145.6,125.4,Palmate,Yellow,Temperate,Very High,Moderate
100,200,80,170,0,4,1,1,2,0,3,2,1,1,0,144.0,133.6,Intermediate,Yellow,Tropical,Very High,Moderate
200,100,170,80,4,0,1,1,0,2,2,3,1,1,0,144.3,128.2,Intermediate,Yellow,Tropical,Very High,Moderate
100,200,80,170,0,4,1,1,2,0,3,2,1,1,0,152.6,128.4,Palmate,Yellow,Tropical,Very High,Moderate
200,100,170,80,4,0,1,1,0,2,2,3,1,1,0,140.3,122.2,Ovate,Yellow,Temperate,Very High,Moderate
100,200,80,170,0,4,1,1,2,0,3,2,1,1,0,157.1,126.9,Palmate,Yellow,Temperate,Very High,Moderate
200,100,170,80,4,0,1,1,0,2,2,3,1,1,0,152.9,127.0,Intermediate,Yellow,Tropical,Very High,Moderate
100,200,80,170,0,4,1,1,2,0,3,2,1,1,0,152.5,131.6,Intermediate,Yellow,Temperate,Very High,Moderate
200,300,170,110,4,3,1,0,0,4,2,3,1,3,0,269.2,135.8,Linear,Intermediate,Arid,Very High,High
300,200,110,170,3,4,0,1,4,0,3,2,3,1,0,254.6,150.6,Intermediate,White,Arid,Very High,High
200,300,170,110,4,3,1,0,0,4,2,3,1,3,0,238.1,148.7,Palmate,Intermediate,Arid,Very High,High
300,200,110,170,3,4,0,1,4,0,3,2,3,1,0,244.7,137.4,Intermediate,White,Arid,Very High,High
200,300,170,110,4,3,1,0,0,4,2,3,1,3,0,264.2,130.4,Intermediate,Intermediate,Arid,Very High,High
300,200,110,170,3,4,0,1,4,0,3,2,3,1,0,229.3,146.3,Intermediate,Intermediate,Tropical,Very High,High
200,300,170,110,4,3,1,0,0,4,2,3,1,3,0,242.7,155.1,Palmate,White,Arid,Very High,High
300,200,110,170,3,4,0,1,4,0,3,2,3,1,0,262.6,157.5,Intermediate,White,Arid,Very High,High
200,300,170,110,4,3,1,0,0,4,2,3,1,3,0,244.2,146.5,Intermediate,Intermediate,Tropical,Very High,High
300,200,110,170,3,4,0,1,4,0,3,2,3,1,0,236.1,137.8,Intermediate,Intermediate,Arid,Very High,High
200,300,170,110,4,3,1,0,0,4,2,3,1,3,0,249.4,147.7,Linear,Yellow,Tropical,Very High,High
300,200,110,170,3,4,0,1,4,0,3,2,3,1,0,254.4,140.3,Palmate,White,Arid,Very High,High
200,300,170,110,4,3,1,0,0,4,2,3,1,3,0,242.3,146.3,Intermediate,Intermediate,Arid,Very High,High
300,200,110,170,3,4,0,1,4,0,3,2,3,1,0,250.4,133.7,Intermediate,Yellow,Arid,Very High,High
200,300,170,110,4,3,1,0,0,4,2,3,1,3,0,231.6,150.8,Linear,Intermediate,Arid,Very High,High
300,200,110,170,3,4,0,1,4,0,3,2,3,1,0,272.7,134.2,Intermediate,White,Arid,Very High,High
200,250,170,90,4,3,1,2,0,5,2,3,1,1,0,219.9,125.4,Intermediate,Intermediate,Semi-Arid,Very High,Moderate
250,200,90,170,3,4,2,1,5,0,3,2,1,1,0,241.5,131.3,Intermediate,Yellow,Semi-Arid,Very High,Moderate
200,250,170,90,4,3,1,2,0,5,2,3,1,1,0,227.5,135.2,Intermediate,Purple,Tropical,Very High,Moderate
250,200,90,170,3,4,2,1,5,0,3,2,1,1,0,230.9,133.4,Intermediate,Intermediate,Tropical,Very High,Moderate
200,250,170,90,4,3,1,2,0,5,2,3,1,1,0,228.3,127.7,Palmate,Intermediate,Tropical,Very High,Moderate
250,200,90,170,3,4,2,1,5,0,3,2,1,1,0,211.7,134.6,Intermediate,Intermediate,Tropical,Very High,Moderate
200,250,170,90,4,3,1,2,0,5,2,3,1,1,0,227.6,130.4,Intermediate,Intermediate,Tropical,Very High,Moderate
250,200,90,170,3,4,2,1,5,0,3,2,1,1,0,216.4,137.7,Linear,Intermediate,Tropical,Very High,Moderate
200,250,170,90,4,3,1,2,0,5,2,3,1,1,0,219.1,124.5,Palmate,Yellow,Semi-Arid,Very High,Moderate
250,200,90,170,3,4,2,1,5,0,3,2,1,1,0,221.4,129.9,Linear,Intermediate,Semi-Arid,Very High,Moderate
200,250,170,90,4,3,1,2,0,5,2,3,1,1,0,227.4,123.9,Intermediate,Intermediate,Tropical,Very High,Moderate
250,200,90,170,3,4,2,1,5,0,3,2,1,1,0,218.8,131.5,Intermediate,Purple,Semi-Arid,Very High,Moderate
200,250,170,90,4,3,1,2,0,5,2,3,1,1,0,234.9,136.9,Linear,Intermediate,Semi-Arid,Very High,Moderate
250,200,90,170,3,4,2,1,5,0,3,2,1,1,0,216.6,124.9,Linear,Purple,Semi-Arid,Very High,Moderate
200,250,170,90,4,3,1,2,0,5,2,3,1,1,0,249.8,131.1,Palmate,Purple,Semi-Arid,Very High,Moderate
250,200,90,170,3,4,2,1,5,0,3,2,1,1,0,240.3,134.6,Linear,Purple,Tropical,Very High,Moderate
200,100,170,65,4,7,1,1,0,0,2,2,1,3,0,148.4,122.7,Intermediate,Yellow,Tropical,High,High
100,200,65,170,7,4,1,1,0,0,2,2,3,1,0,150.7,123.6,Intermediate,Yellow,Tropical,High,High
200,100,170,65,4,7,1,1,0,0,2,2,1,3,0,157.4,125.6,Pinnate,Yellow,Tropical,High,High
100,200,65,170,7,4,1,1,0,0,2,2,3,1,0,144.9,105.0,Intermediate,Yellow,Tropical,High,High
200,100,170,65,4,7,1,1,0,0,2,2,1,3,0,137.7,113.7,Intermediate,Yellow,Tropical,High,High
100,200,65,170,7,4,1,1,0,0,2,2,3,1,0,157.5,120.1,Intermediate,Yellow,Tropical,High,High
200,100,170,65,4,7,1,1,0,0,2,2,1,3,0,145.9,111.1,Palmate,Yellow,Tropical,High,High
100,200,65,170,7,4,1,1,0,0,2,2,3,1,0,150.1,123.5,Palmate,Yellow,Tropical,High,High
200,100,170,65,4,7,1,1,0,0,2,2,1,3,0,151.1,127.5,Intermediate,Yellow,Tropical,High,High
100,200,65,170,7,4,1,1,0,0,2,2,3,1,0,156.4,102.3,Palmate,Yellow,Tropical,High,High
200,100,170,65,4,7,1,1,0,0,2,2,1,3,0,150.8,120.0,Pinnate,Yellow,Tropical,High,High
100,200,65,170,7,4,1,1,0,0,2,2,3,1,0,167.5,121.3,Intermediate,Yellow,Tropical,High,High
200,100,170,65,4,7,1,1,0,0,2,2,1,3,0,152.0,122.5,Palmate,Yellow,Tropical,High,High
100,200,65,170,7,4,1,1,0,0,2,2,3,1,0,155.6,110.9,Intermediate,Yellow,Tropical,High,High
200,100,170,65,4,7,1,1,0,0,2,2,1,3,0,148.7,118.2,Intermediate,Yellow,Tropical,High,High
100,200,65,170,7,4,1,1,0,0,2,2,3,1,0,144.3,125.6,Intermediate,Yellow,Tropical,High,High
200,30,170,75,4,7,1,0,0,6,2,1,1,3,0,117.4,119.7,Pinnate,Intermediate,Tropical,Very High,High
30,200,75,170,7,4,0,1,6,0,1,2,3,1,0,119.6,122.1,Intermediate,Yellow,Tropical,Very High,High
200,30,170,75,4,7,1,0,0,6,2,1,1,3,0,116.9,119.5,Intermediate,Yellow,Tropical,Very High,High
30,200,75,170,7,4,0,1,6,0,1,2,3,1,0,117.4,122.0,Intermediate,White,Tropical,Very High,High
200,30,170,75,4,7,1,0,0,6,2,1,1,3,0,117.8,121.8,Palmate,Intermediate,Tropical,Very High,High
30,200,75,170,7,4,0,1,6,0,1,2,3,1,0,98.4,120.5,Pinnate,White,Cool Temperate,Very High,High
200,30,170,75,4,7,1,0,0,6,2,1,1,3,0,113.2,130.6,Intermediate,Intermediate,Tropical,Very High,High
30,200,75,170,7,4,0,1,6,0,1,2,3,1,0,114.7,122.6,Intermediate,Intermediate,Cool Temperate,Very High,High
200,30,170,75,4,7,1,0,0,6,2,1,1,3,0,111.1,123.9,Intermediate,Yellow,Tropical,Very High,High
30,200,75,170,7,4,0,1,6,0,1,2,3,1,0,108.8,119.0,Pinnate,Intermediate,Tropical,Very High,High
200,30,170,75,4,7,1,0,0,6,2,1,1,3,0,106.5,112.0,Palmate,Intermediate,Tropical,Very High,High
30,200,75,170,7,4,0,1,6,0,1,2,3,1,0,111.7,126.4,Palmate,Yellow,Cool Temperate,Very High,High
200,30,170,75,4,7,1,0,0,6,2,1,1,3,0,114.2,118.0,Intermediate,Intermediate,Cool Temperate,Very High,High
30,200,75,170,7,4,0,1,6,0,1,2,3,1,0,113.9,106.8,Intermediate,Intermediate,Tropical,Very High,High
200,30,170,75,4,7,1,0,0,6,2,1,1,3,0,115.7,115.7,Intermediate,Yellow,Tropical,Very High,High
30,200,75,170,7,4,0,1,6,0,1,2,3,1,0,114.6,128.5,Palmate,Intermediate,Tropical,Very High,High
180,100,90,80,2,0,3,1,8,2,1,3,3,1,1,134.6,84.5,Ovate,Pink,Tropical/Subtropical,Very High,High
100,180,80,90,0,2,1,3,2,8,3,1,1,3,1,154.5,84.7,Ovate,Intermediate,Temperate,Very High,High
180,100,90,80,2,0,3,1,8,2,1,3,3,1,1,152.2,86.4,Elliptical,Pink,Tropical/Subtropical,Very High,High
100,180,80,90,0,2,1,3,2,8,3,1,1,3,1,134.1,90.7,Intermediate,Intermediate,Temperate,Very High,High
180,100,90,80,2,0,3,1,8,2,1,3,3,1,1,134.4,86.9,Elliptical,Intermediate,Tropical/Subtropical,Very High,High
100,180,80,90,0,2,1,3,2,8,3,1,1,3,1,148.8,80.2,Intermediate,Intermediate,Tropical/Subtropical,Very High,High
180,100,90,80,2,0,3,1,8,2,1,3,3,1,1,130.4,81.4,Ovate,Intermediate,Temperate,Very High,High
100,180,80,90,0,2,1,3,2,8,3,1,1,3,1,149.2,79.8,Ovate,Intermediate,Tropical/Subtropical,Very High,High
180,100,90,80,2,0,3,1,8,2,1,3,3,1,1,121.3,78.1,Elliptical,Intermediate,Tropical/Subtropical,Very High,High
100,180,80,90,0,2,1,3,2,8,3,1,1,3,1,131.9,87.9,Ovate,Yellow,Temperate,Very High,High
180,100,90,80,2,0,3,1,8,2,1,3,3,1,1,136.9,80.3,Ovate,Yellow,Tropical/Subtropical,Very High,High
100,180,80,90,0,2,1,3,2,8,3,1,1,3,1,142.2,85.0,Intermediate,Intermediate,Tropical/Subtropical,Very High,High
180,100,90,80,2,0,3,1,8,2,1,3,3,1,1,137.7,93.4,Ovate,Intermediate,Temperate,Very High,High
100,180,80,90,0,2,1,3,2,8,3,1,1,3,1,141.8,89.4,Ovate,Pink,Temperate,Very High,High
180,100,90,80,2,0,3,1,8,2,1,3,3,1,1,136.1,85.6,Intermediate,Intermediate,Temperate,Very High,High
100,180,80,90,0,2,1,3,2,8,3,1,1,3,1,143.0,86.6,Ovate,Pink,Tropical/Subtropical,Very High,High
180,300,90,110,2,3,3,0,8,4,1,3,3,3,0,248.9,93.3,Intermediate,White,Tropical/Subtropical,Very High,High
300,180,110,90,3,2,0,3,4,8,3,1,3,3,0,240.8,94.7,Linear,Pink,Arid,Very High,High
180,300,90,110,2,3,3,0,8,4,1,3,3,3,0,245.2,97.8,Elliptical,Pink,Arid,Very High,High
300,180,110,90,3,2,0,3,4,8,3,1,3,3,0,251.0,98.0,Elliptical,Pink,Tropical/Subtropical,Very High,High
180,300,90,110,2,3,3,0,8,4,1,3,3,3,0,234.2,96.4,Intermediate,Pink,Tropical/Subtropical,Very High,High
300,180,110,90,3,2,0,3,4,8,3,1,3,3,0,259.5,98.5,Linear,White,Arid,Very High,High
180,300,90,110,2,3,3,0,8,4,1,3,3,3,0,244.7,98.7,Intermediate,Pink,Tropical/Subtropical,Very High,High
300,180,110,90,3,2,0,3,4,8,3,1,3,3,0,233.7,98.7,Linear,White,Tropical/Subtropical,Very High,High
180,300,90,110,2,3,3,0,8,4,1,3,3,3,0,234.7,99.2,Elliptical,Intermediate,Tropical/Subtropical,Very High,High
300,180,110,90,3,2,0,3,4,8,3,1,3,3,0,232.4,99.3,Intermediate,Intermediate,Arid,Very High,High
180,300,90,110,2,3,3,0,8,4,1,3,3,3,0,231.1,104.4,Linear,White,Arid,Very High,High
300,180,110,90,3,2,0,3,4,8,3,1,3,3,0,249.7,90.2,Intermediate,Intermediate,Arid,Very High,High
180,300,90,110,2,3,3,0,8,4,1,3,3,3,0,238.0,96.7,Linear,Intermediate,Arid,Very High,High
300,180,110,90,3,2,0,3,4,8,3,1,3,3,0,236.3,99.4,Linear,Pink,Tropical/Subtropical,Very High,High
180,300,90,110,2,3,3,0,8,4,1,3,3,3,0,246.0,98.3,Intermediate,Intermediate,Arid,Very High,High
300,180,110,90,3,2,0,3,4,8,3,1,3,3,0,255.0,99.6,Elliptical,Intermediate,Arid,Very High,High
180,250,90,90,2,3,3,2,8,5,1,3,3,1,0,197.4,94.1,Intermediate,Pink,Tropical/Subtropical,Very High,High
250,180,90,90,3,2,2,3,5,8,3,1,1,3,0,213.6,94.7,Elliptical,Intermediate,Semi-Arid,Very High,High
180,250,90,90,2,3,3,2,8,5,1,3,3,1,0,214.1,91.2,Linear,Intermediate,Semi-Arid,Very High,High
250,180,90,90,3,2,2,3,5,8,3,1,1,3,0,206.1,87.7,Elliptical,Intermediate,Tropical/Subtropical,Very High,High
180,250,90,90,2,3,3,2,8,5,1,3,3,1,0,218.5,94.2,Elliptical,Purple,Semi-Arid,Very High,High
250,180,90,90,3,2,2,3,5,8,3,1,1,3,0,209.5,85.9,Intermediate,Purple,Semi-Arid,Very High,High
180,250,90,90,2,3,3,2,8,5,1,3,3,1,0,212.5,84.2,Linear,Intermediate,Tropical/Subtropical,Very High,High
250,180,90,90,3,2,2,3,5,8,3,1,1,3,0,197.5,80.5,Intermediate,Intermediate,Tropical/Subtropical,Very High,High
180,250,90,90,2,3,3,2,8,5,1,3,3,1,0,211.2,84.7,Linear,Pink,Tropical/Subtropical,Very High,High
250,180,90,90,3,2,2,3,5,8,3,1,1,3,0,212.9,88.0,Intermediate,Intermediate,Tropical/Subtropical,Very High,High
180,250,90,90,2,3,3,2,8,5,1,3,3,1,0,223.1,90.0,Intermediate,Intermediate,Tropical/Subtropical,Very High,High
250,180,90,90,3,2,2,3,5,8,3,1,1,3,0,191.7,91.3,Elliptical,Pink,Semi-Arid,Very High,High
180,250,90,90,2,3,3,2,8,5,1,3,3,1,0,218.8,84.5,Linear,Intermediate,Semi-Arid,Very High,High
250,180,90,90,3,2,2,3,5,8,3,1,1,3,0,221.2,94.4,Linear,Intermediate,Semi-Arid,Very High,High
180,250,90,90,2,3,3,2,8,5,1,3,3,1,0,219.0,92.4,Linear,Intermediate,Semi-Arid,Very High,High
250,180,90,90,3,2,2,3,5,8,3,1,1,3,0,217.8,99.5,Intermediate,Pink,Tropical/Subtropical,Very High,High
180,100,90,65,2,7,3,1,8,0,1,2,3,3,1,152.0,75.7,Intermediate,Pink,Tropical/Subtropical,Very High,High
100,180,65,90,7,2,1,3,0,8,2,1,3,3,1,134.0,82.9,Elliptical,Intermediate,Tropical/Subtropical,Very High,High
180,100,90,65,2,7,3,1,8,0,1,2,3,3,1,137.8,83.2,Pinnate,Pink,Tropical,Very High,High
100,180,65,90,7,2,1,3,0,8,2,1,3,3,1,142.6,78.3,Elliptical,Intermediate,Tropical,Very High,High
180,100,90,65,2,7,3,1,8,0,1,2,3,3,1,136.3,77.9,Intermediate,Pink,Tropical/Subtropical,Very High,High
100,180,65,90,7,2,1,3,0,8,2,1,3,3,1,139.0,77.9,Elliptical,Yellow,Tropical/Subtropical,Very High,High
180,100,90,65,2,7,3,1,8,0,1,2,3,3,1,147.7,80.2,Intermediate,Intermediate,Tropical/Subtropical,Very High,High
100,180,65,90,7,2,1,3,0,8,2,1,3,3,1,135.3,73.7,Elliptical,Pink,Tropical/Subtropical,Very High,High
180,100,90,65,2,7,3,1,8,0,1,2,3,3,1,132.7,69.3,Elliptical,Intermediate,Tropical/Subtropical,Very High,High
100,180,65,90,7,2,1,3,0,8,2,1,3,3,1,145.0,74.9,Pinnate,Yellow,Tropical,Very High,High
180,100,90,65,2,7,3,1,8,0,1,2,3,3,1,131.4,78.0,Elliptical,Intermediate,Tropical,Very High,High
100,180,65,90,7,2,1,3,0,8,2,1,3,3,1,139.4,74.5,Intermediate,Yellow,Tropical/Subtropical,Very High,High
180,100,90,65,2,7,3,1,8,0,1,2,3,3,1,131.4,76.3,Intermediate,Yellow,Tropical,Very High,High
100,180,65,90,7,2,1,3,0,8,2,1,3,3,1,137.6,76.5,Intermediate,Pink,Tropical,Very High,High
180,100,90,65,2,7,3,1,8,0,1,2,3,3,1,139.8,73.8,Pinnate,Intermediate,Tropical/Subtropical,Very High,High
100,180,65,90,7,2,1,3,0,8,2,1,3,3,1,137.5,77.7,Pinnate,Pink,Tropical/Subtropical,Very High,High
180,30,90,75,2,7,3,0,8,6,1,1,3,3,0,100.1,79.4,Pinnate,Intermediate,Tropical/Subtropical,Moderate,High
30,180,75,90,7,2,0,3,6,8,1,1,3,3,0,99.7,85.9,Intermediate,Pink,Tropical/Subtropical,Moderate,High
180,30,90,75,2,7,3,0,8,6,1,1,3,3,0,109.3,81.3,Pinnate,White,Cool Temperate,Moderate,High
30,180,75,90,7,2,0,3,6,8,1,1,3,3,0,107.2,84.6,Intermediate,Intermediate,Tropical/Subtropical,Moderate,High
180,30,90,75,2,7,3,0,8,6,1,1,3,3,0,101.4,88.6,Elliptical,Intermediate,Tropical/Subtropical,Moderate,High
30,180,75,90,7,2,0,3,6,8,1,1,3,3,0,107.4,82.7,Intermediate,White,Tropical/Subtropical,Moderate,High
180,30,90,75,2,7,3,0,8,6,1,1,3,3,0,113.9,86.8,Pinnate,Intermediate,Cool Temperate,Moderate,High
30,180,75,90,7,2,0,3,6,8,1,1,3,3,0,100.0,86.4,Elliptical,Intermediate,Tropical/Subtropical,Moderate,High
180,30,90,75,2,7,3,0,8,6,1,1,3,3,0,109.9,86.5,Pinnate,Intermediate,Tropical/Subtropical,Moderate,High
30,180,75,90,7,2,0,3,6,8,1,1,3,3,0,96.9,81.0,Intermediate,Intermediate,Tropical/Subtropical,Moderate,High
180,30,90,75,2,7,3,0,8,6,1,1,3,3,0,111.9,77.4,Intermediate,Intermediate,Cool Temperate,Moderate,High
30,180,75,90,7,2,0,3,6,8,1,1,3,3,0,101.3,76.4,Elliptical,Intermediate,Cool Temperate,Moderate,High
180,30,90,75,2,7,3,0,8,6,1,1,3,3,0,108.3,88.3,Intermediate,Intermediate,Tropical/Subtropical,Moderate,High
30,180,75,90,7,2,0,3,6,8,1,1,3,3,0,100.5,78.0,Elliptical,Intermediate,Cool Temperate,Moderate,High
180,30,90,75,2,7,3,0,8,6,1,1,3,3,0,116.8,80.8,Pinnate,White,Cool Temperate,Moderate,High
30,180,75,90,7,2,0,3,6,8,1,1,3,3,0,105.4,81.8,Intermediate,Intermediate,Tropical/Subtropical,Moderate,High
100,300,80,110,0,3,1,0,2,4,3,3,1,3,0,211.5,99.8,Ovate,Intermediate,Arid,Very High,High
300,100,110,80,3,0,0,1,4,2,3,3,3,1,0,189.5,94.4,Intermediate,Intermediate,Temperate,Very High,High
100,300,80,110,0,3,1,0,2,4,3,3,1,3,0,197.7,93.3,Intermediate,Intermediate,Temperate,Very High,High
300,100,110,80,3,0,0,1,4,2,3,3,3,1,0,184.6,101.2,Ovate,Yellow,Arid,Very High,High
100,300,80,110,0,3,1,0,2,4,3,3,1,3,0,208.0,97.6,Intermediate,White,Temperate,Very High,High
300,100,110,80,3,0,0,1,4,2,3,3,3,1,0,171.8,89.2,Linear,Intermediate,Temperate,Very High,High
100,300,80,110,0,3,1,0,2,4,3,3,1,3,0,213.5,98.5,Intermediate,White,Temperate,Very High,High
300,100,110,80,3,0,0,1,4,2,3,3,3,1,0,201.4,96.2,Ovate,Yellow,Arid,Very High,High
100,300,80,110,0,3,1,0,2,4,3,3,1,3,0,206.5,98.2,Intermediate,Yellow,Arid,Very High,High
300,100,110,80,3,0,0,1,4,2,3,3,3,1,0,190.7,91.8,Ovate,White,Temperate,Very High,High
100,300,80,110,0,3,1,0,2,4,3,3,1,3,0,201.7,95.3,Intermediate,Intermediate,Arid,Very High,High
300,100,110,80,3,0,0,1,4,2,3,3,3,1,0,201.3,90.6,Intermediate,Yellow,Temperate,Very High,High
100,300,80,110,0,3,1,0,2,4,3,3,1,3,0,193.2,100.4,Linear,Intermediate,Arid,Very High,High
300,100,110,80,3,0,0,1,4,2,3,3,3,1,0,189.8,91.1,Linear,Intermediate,Temperate,Very High,High
100,300,80,110,0,3,1,0,2,4,3,3,1,3,0,192.1,96.0,Intermediate,Intermediate,Temperate,Very High,High
300,100,110,80,3,0,0,1,4,2,3,3,3,1,0,193.8,101.7,Intermediate,White,Temperate,Very High,High
100,250,80,90,0,3,1,2,2,5,3,3,1,1,0,175.9,86.3,Ovate,Purple,Semi-Arid,Very High,Moderate
250,100,90,80,3,0,2,1,5,2,3,3,1,1,0,155.3,83.2,Intermediate,Purple,Temperate,Very High,Moderate
100,250,80,90,0,3,1,2,2,5,3,3,1,1,0,167.1,88.3,Ovate,Purple,Temperate,Very High,Moderate
250,100,90,80,3,0,2,1,5,2,3,3,1,1,0,169.9,84.3,Linear,Intermediate,Temperate,Very High,Moderate
100,250,80,90,0,3,1,2,2,5,3,3,1,1,0,172.1,79.5,Ovate,Intermediate,Semi-Arid,Very High,Moderate
250,100,90,80,3,0,2,1,5,2,3,3,1,1,0,180.8,85.7,Intermediate,Intermediate,Temperate,Very High,Moderate
100,250,80,90,0,3,1,2,2,5,3,3,1,1,0,161.5,83.9,Ovate,Purple,Temperate,Very High,Moderate
250,100,90,80,3,0,2,1,5,2,3,3,1,1,0,157.3,87.7,Intermediate,Yellow,Temperate,Very High,Moderate
100,250,80,90,0,3,1,2,2,5,3,3,1,1,0,179.4,80.8,Ovate,Yellow,Semi-Arid,Very High,Moderate
250,100,90,80,3,0,2,1,5,2,3,3,1,1,0,192.7,81.1,Intermediate,Yellow,Semi-Arid,Very High,Moderate
100,250,80,90,0,3,1,2,2,5,3,3,1,1,0,166.2,82.2,Ovate,Intermediate,Temperate,Very High,Moderate
250,100,90,80,3,0,2,1,5,2,3,3,1,1,0,184.2,85.6,Intermediate,Yellow,Semi-Arid,Very High,Moderate
100,250,80,90,0,3,1,2,2,5,3,3,1,1,0,175.4,82.6,Linear,Intermediate,Temperate,Very High,Moderate
250,100,90,80,3,0,2,1,5,2,3,3,1,1,0,160.4,87.9,Linear,Intermediate,Semi-Arid,Very High,Moderate
100,250,80,90,0,3,1,2,2,5,3,3,1,1,0,161.5,82.9,Linear,Purple,Temperate,Very High,Moderate
250,100,90,80,3,0,2,1,5,2,3,3,1,1,0,178.5,81.4,Linear,Purple,Temperate,Very High,Moderate
100,100,80,65,0,7,1,1,2,0,3,2,1,3,1,95.5,69.3,Pinnate,Yellow,Temperate,Very High,High
100,100,65,80,7,0,1,1,0,2,2,3,3,1,1,106.7,74.0,Ovate,Yellow,Temperate,Very High,High
100,100,80,65,0,7,1,1,2,0,3,2,1,3,1,104.9,74.1,Ovate,Yellow,Tropical,Very High,High
100,100,65,80,7,0,1,1,0,2,2,3,3,1,1,91.2,75.9,Intermediate,Yellow,Temperate,Very High,High
100,100,80,65,0,7,1,1,2,0,3,2,1,3,1,101.8,77.5,Pinnate,Yellow,Temperate,Very High,High
100,100,65,80,7,0,1,1,0,2,2,3,3,1,1,105.2,68.9,Pinnate,Yellow,Temperate,Very High,High
100,100,80,65,0,7,1,1,2,0,3,2,1,3,1,98.3,71.5,Intermediate,Yellow,Tropical,Very High,High
100,100,65,80,7,0,1,1,0,2,2,3,3,1,1,110.9,73.5,Pinnate,Yellow,Tropical,Very High,High
100,100,80,65,0,7,1,1,2,0,3,2,1,3,1,96.0,72.7,Pinnate,Yellow,Temperate,Very High,High
100,100,65,80,7,0,1,1,0,2,2,3,3,1,1,101.7,70.8,Intermediate,Yellow,Tropical,Very High,High
100,100,80,65,0,7,1,1,2,0,3,2,1,3,1,91.7,67.6,Pinnate,Yellow,Temperate,Very High,High
100,100,65,80,7,0,1,1,0,2,2,3,3,1,1,102.4,72.7,Pinnate,Yellow,Temperate,Very High,High
100,100,80,65,0,7,1,1,2,0,3,2,1,3,1,98.4,79.7,Ovate,Yellow,Temperate,Very High,High
100,100,65,80,7,0,1,1,0,2,2,3,3,1,1,100.7,68.9,Pinnate,Yellow,Tropical,Very High,High
100,100,80,65,0,7,1,1,2,0,3,2,1,3,1,99.5,68.0,Intermediate,Yellow,Temperate,Very High,High
100,100,65,80,7,0,1,1,0,2,2,3,3,1,1,98.9,68.3,Ovate,Yellow,Temperate,Very High,High
100,30,80,75,0,7,1,0,2,6,3,1,1,3,0,64.6,81.5,Pinnate,Yellow,Temperate,Very High,High
30,100,75,80,7,0,0,1,6,2,1,3,3,1,0,65.8,72.8,Intermediate,Intermediate,Temperate,Very High,High
100,30,80,75,0,7,1,0,2,6,3,1,1,3,0,67.7,79.1,Pinnate,Intermediate,Temperate,Very High,High
30,100,75,80,7,0,0,1,6,2,1,3,3,1,0,60.0,75.3,Pinnate,Yellow,Temperate,Very High,High
100,30,80,75,0,7,1,0,2,6,3,1,1,3,0,70.2,89.3,Pinnate,White,Cool Temperate,Very High,High
30,100,75,80,7,0,0,1,6,2,1,3,3,1,0,64.0,77.5,Intermediate,Yellow,Cool Temperate,Very High,High
100,30,80,75,0,7,1,0,2,6,3,1,1,3,0,62.1,72.6,Intermediate,Intermediate,Cool Temperate,Very High,High
30,100,75,80,7,0,0,1,6,2,1,3,3,1,0,69.9,81.1,Intermediate,Yellow,Cool Temperate,Very High,High
100,30,80,75,0,7,1,0,2,6,3,1,1,3,0,62.2,76.7,Pinnate,Yellow,Cool Temperate,Very High,High
30,100,75,80,7,0,0,1,6,2,1,3,3,1,0,66.3,77.4,Intermediate,Intermediate,Cool Temperate,Very High,High
100,30,80,75,0,7,1,0,2,6,3,1,1,3,0,64.5,82.0,Intermediate,Intermediate,Temperate,Very High,High
30,100,75,80,7,0,0,1,6,2,1,3,3,1,0,64.0,84.0,Intermediate,Intermediate,Cool Temperate,Very High,High
100,30,80,75,0,7,1,0,2,6,3,1,1,3,0,60.4,74.3,Intermediate,Intermediate,Temperate,Very High,High
30,100,75,80,7,0,0,1,6,2,1,3,3,1,0,65.4,79.6,Intermediate,Yellow,Temperate,Very High,High
100,30,80,75,0,7,1,0,2,6,3,1,1,3,0,68.6,72.2,Intermediate,Intermediate,Temperate,Very High,High
30,100,75,80,7,0,0,1,6,2,1,3,3,1,0,61.8,74.4,Ovate,Intermediate,Cool Temperate,Very High,High
300,250,110,90,3,3,0,2,4,5,3,3,3,1,1,292.1,98.8,Linear,White,Arid,Very High,High
250,300,90,110,3,3,2,0,5,4,3,3,1,3,1,294.9,94.6,Linear,White,Arid,Very High,High
300,250,110,90,3,3,0,2,4,5,3,3,3,1,1,255.0,104.6,Linear,White,Arid,Very High,High
250,300,90,110,3,3,2,0,5,4,3,3,1,3,1,259.6,100.2,Linear,Intermediate,Semi-Arid,Very High,High
300,250,110,90,3,3,0,2,4,5,3,3,3,1,1,283.1,105.8,Linear,Purple,Semi-Arid,Very High,High
250,300,90,110,3,3,2,0,5,4,3,3,1,3,1,275.0,98.6,Linear,Intermediate,Semi-Arid,Very High,High
300,250,110,90,3,3,0,2,4,5,3,3,3,1,1,273.7,97.7,Linear,White,Semi-Arid,Very High,High
250,300,90,110,3,3,2,0,5,4,3,3,1,3,1,267.0,94.9,Linear,Purple,Semi-Arid,Very High,High
300,250,110,90,3,3,0,2,4,5,3,3,3,1,1,281.0,96.0,Linear,Intermediate,Arid,Very High,High
250,300,90,110,3,3,2,0,5,4,3,3,1,3,1,270.2,92.5,Linear,Intermediate,Arid,Very High,High
300,250,110,90,3,3,0,2,4,5,3,3,3,1,1,282.2,98.6,Linear,White,Arid,Very High,High
250,300,90,110,3,3,2,0,5,4,3,3,1,3,1,281.2,101.2,Linear,Purple,Semi-Arid,Very High,High
300,250,110,90,3,3,0,2,4,5,3,3,3,1,1,266.4,104.0,Linear,White,Arid,Very High,High
250,300,90,110,3,3,2,0,5,4,3,3,1,3,1,291.0,100.5,Linear,Intermediate,Semi-Arid,Very High,High
300,250,110,90,3,3,0,2,4,5,3,3,3,1,1,276.4,99.6,Linear,Purple,Semi-Arid,Very High,High
250,300,90,110,3,3,2,0,5,4,3,3,1,3,1,284.8,102.3,Linear,Intermediate,Semi-Arid,Very High,High
300,100,110,65,3,7,0,1,4,0,3,2,3,3,0,214.2,84.5,Pinnate,Intermediate,Arid,Very High,High
100,300,65,110,7,3,1,0,0,4,2,3,3,3,0,201.9,90.6,Intermediate,Intermediate,Arid,Very High,High
300,100,110,65,3,7,0,1,4,0,3,2,3,3,0,198.4,91.8,Linear,Yellow,Tropical,Very High,High
100,300,65,110,7,3,1,0,0,4,2,3,3,3,0,190.3,94.9,Linear,Intermediate,Tropical,Very High,High
300,100,110,65,3,7,0,1,4,0,3,2,3,3,0,199.8,84.2,Pinnate,White,Arid,Very High,High
100,300,65,110,7,3,1,0,0,4,2,3,3,3,0,201.9,83.6,Intermediate,White,Arid,Very High,High
300,100,110,65,3,7,0,1,4,0,3,2,3,3,0,208.2,85.4,Intermediate,Intermediate,Arid,Very High,High
100,300,65,110,7,3,1,0,0,4,2,3,3,3,0,174.8,87.9,Pinnate,Yellow,Tropical,Very High,High
300,100,110,65,3,7,0,1,4,0,3,2,3,3,0,188.0,87.8,Linear,White,Arid,Very High,High
100,300,65,110,7,3,1,0,0,4,2,3,3,3,0,207.6,85.2,Intermediate,Intermediate,Arid,Very High,High
300,100,110,65,3,7,0,1,4,0,3,2,3,3,0,212.4,92.3,Pinnate,Yellow,Tropical,Very High,High
100,300,65,110,7,3,1,0,0,4,2,3,3,3,0,191.7,91.2,Pinnate,White,Arid,Very High,High
300,100,110,65,3,7,0,1,4,0,3,2,3,3,0,195.9,84.2,Intermediate,Intermediate,Arid,Very High,High
100,300,65,110,7,3,1,0,0,4,2,3,3,3,0,189.7,90.0,Intermediate,Intermediate,Tropical,Very High,High
300,100,110,65,3,7,0,1,4,0,3,2,3,3,0,182.5,83.6,Intermediate,Intermediate,Tropical,Very High,High
100,300,65,110,7,3,1,0,0,4,2,3,3,3,0,213.3,89.4,Linear,Yellow,Arid,Very High,High
300,30,110,75,3,7,0,0,4,6,3,1,3,3,0,161.6,96.6,Intermediate,White,Arid,Very High,High
30,300,75,110,7,3,0,0,6,4,1,3,3,3,0,169.6,92.2,Pinnate,White,Cool Temperate,Very High,High
300,30,110,75,3,7,0,0,4,6,3,1,3,3,0,160.9,85.5,Linear,White,Arid,Very High,High
30,300,75,110,7,3,0,0,6,4,1,3,3,3,0,162.4,98.4,Pinnate,White,Arid,Very High,High
300,30,110,75,3,7,0,0,4,6,3,1,3,3,0,160.4,90.2,Linear,White,Arid,Very High,High
30,300,75,110,7,3,0,0,6,4,1,3,3,3,0,162.5,90.7,Intermediate,White,Cool Temperate,Very High,High
300,30,110,75,3,7,0,0,4,6,3,1,3,3,0,157.2,88.0,Pinnate,White,Cool Temperate,Very High,High
30,300,75,110,7,3,0,0,6,4,1,3,3,3,0,154.4,92.0,Intermediate,White,Arid,Very High,High
300,30,110,75,3,7,0,0,4,6,3,1,3,3,0,155.9,89.6,Linear,White,Cool Temperate,Very High,High
30,300,75,110,7,3,0,0,6,4,1,3,3,3,0,173.1,88.0,Linear,White,Cool Temperate,Very High,High
300,30,110,75,3,7,0,0,4,6,3,1,3,3,0,160.7,93.6,Intermediate,White,Arid,Very High,High
30,300,75,110,7,3,0,0,6,4,1,3,3,3,0,176.0,91.1,Linear,White,Arid,Very High,High
300,30,110,75,3,7,0,0,4,6,3,1,3,3,0,161.7,96.5,Pinnate,White,Cool Temperate,Very High,High
30,300,75,110,7,3,0,0,6,4,1,3,3,3,0,163.6,90.8,Intermediate,White,Arid,Very High,High
300,30,110,75,3,7,0,0,4,6,3,1,3,3,0,166.5,94.7,Intermediate,White,Cool Temperate,Very High,High
30,300,75,110,7,3,0,0,6,4,1,3,3,3,0,165.8,94.2,Intermediate,White,Cool Temperate,Very High,High
250,100,90,65,3,7,2,1,5,0,3,2,1,3,0,175.0,75.9,Pinnate,Intermediate,Tropical,Very High,High
100,250,65,90,7,3,1,2,0,5,2,3,3,1,0,177.1,77.6,Pinnate,Purple,Tropical,Very High,High
250,100,90,65,3,7,2,1,5,0,3,2,1,3,0,169.3,72.7,Linear,Purple,Tropical,Very High,High
100,250,65,90,7,3,1,2,0,5,2,3,3,1,0,175.5,75.8,Linear,Purple,Tropical,Very High,High
250,100,90,65,3,7,2,1,5,0,3,2,1,3,0,172.1,85.1,Pinnate,Intermediate,Semi-Arid,Very High,High
100,250,65,90,7,3,1,2,0,5,2,3,3,1,0,188.3,75.6,Intermediate,Intermediate,Semi-Arid,Very High,High
250,100,90,65,3,7,2,1,5,0,3,2,1,3,0,180.0,75.6,Intermediate,Purple,Semi-Arid,Very High,High
100,250,65,90,7,3,1,2,0,5,2,3,3,1,0,177.0,75.3,Intermediate,Purple,Semi-Arid,Very High,High
250,100,90,65,3,7,2,1,5,0,3,2,1,3,0,178.1,86.0,Intermediate,Yellow,Semi-Arid,Very High,High
100,250,65,90,7,3,1,2,0,5,2,3,3,1,0,161.5,78.2,Pinnate,Intermediate,Semi-Arid,Very High,High
250,100,90,65,3,7,2,1,5,0,3,2,1,3,0,178.4,78.7,Linear,Intermediate,Tropical,Very High,High
100,250,65,90,7,3,1,2,0,5,2,3,3,1,0,184.9,67.7,Linear,Purple,Tropical,Very High,High
250,100,90,65,3,7,2,1,5,0,3,2,1,3,0,172.0,84.7,Intermediate,Yellow,Tropical,Very High,High
100,250,65,90,7,3,1,2,0,5,2,3,3,1,0,174.0,69.6,Pinnate,Intermediate,Tropical,Very High,High
250,100,90,65,3,7,2,1,5,0,3,2,1,3,0,183.7,78.1,Pinnate,Yellow,Semi-Arid,Very High,High
100,250,65,90,7,3,1,2,0,5,2,3,3,1,0,167.9,74.8,Intermediate,Intermediate,Tropical,Very High,High
250,30,90,75,3,7,2,0,5,6,3,1,1,3,0,136.8,83.4,Pinnate,Intermediate,Semi-Arid,Very High,High
30,250,75,90,7,3,0,2,6,5,1,3,3,1,0,145.1,83.8,Linear,White,Semi-Arid,Very High,High
250,30,90,75,3,7,2,0,5,6,3,1,1,3,0,151.4,86.8,Linear,Intermediate,Semi-Arid,Very High,High
30,250,75,90,7,3,0,2,6,5,1,3,3,1,0,141.6,85.0,Linear,Purple,Cool Temperate,Very High,High
250,30,90,75,3,7,2,0,5,6,3,1,1,3,0,134.7,85.0,Linear,Intermediate,Semi-Arid,Very High,High
30,250,75,90,7,3,0,2,6,5,1,3,3,1,0,144.8,84.3,Linear,Intermediate,Cool Temperate,Very High,High
250,30,90,75,3,7,2,0,5,6,3,1,1,3,0,141.6,78.8,Pinnate,Intermediate,Cool Temperate,Very High,High
30,250,75,90,7,3,0,2,6,5,1,3,3,1,0,137.1,84.8,Intermediate,Purple,Cool Temperate,Very High,High
250,30,90,75,3,7,2,0,5,6,3,1,1,3,0,135.3,75.0,Intermediate,White,Semi-Arid,Very High,High
30,250,75,90,7,3,0,2,6,5,1,3,3,1,0,145.7,80.5,Pinnate,Intermediate,Cool Temperate,Very High,High
250,30,90,75,3,7,2,0,5,6,3,1,1,3,0,146.0,87.3,Intermediate,Intermediate,Semi-Arid,Very High,High
30,250,75,90,7,3,0,2,6,5,1,3,3,1,0,147.1,80.2,Linear,Purple,Cool Temperate,Very High,High
250,30,90,75,3,7,2,0,5,6,3,1,1,3,0,132.7,83.5,Pinnate,Intermediate,Semi-Arid,Very High,High
30,250,75,90,7,3,0,2,6,5,1,3,3,1,0,152.7,82.0,Linear,Intermediate,Cool Temperate,Very High,High
250,30,90,75,3,7,2,0,5,6,3,1,1,3,0,147.1,84.7,Pinnate,Purple,Cool Temperate,Very High,High
30,250,75,90,7,3,0,2,6,5,1,3,3,1,0,141.6,75.5,Intermediate,White,Cool Temperate,Very High,High
100,30,65,75,7,7,1,0,0,6,2,1,3,3,0,63.9,73.0,Pinnate,Yellow,Cool Temperate,Very High,High
30,100,75,65,7,7,0,1,6,0,1,2,3,3,0,65.2,66.5,Pinnate,White,Tropical,Very High,High
100,30,65,75,7,7,1,0,0,6,2,1,3,3,0,65.3,63.8,Pinnate,Yellow,Tropical,Very High,High
30,100,75,65,7,7,0,1,6,0,1,2,3,3,0,66.6,69.1,Pinnate,White,Cool Temperate,Very High,High
100,30,65,75,7,7,1,0,0,6,2,1,3,3,0,67.5,69.3,Pinnate,White,Tropical,Very High,High
30,100,75,65,7,7,0,1,6,0,1,2,3,3,0,63.4,71.2,Pinnate,Yellow,Tropical,Very High,High
100,30,65,75,7,7,1,0,0,6,2,1,3,3,0,67.4,68.7,Pinnate,Intermediate,Tropical,Very High,High
30,100,75,65,7,7,0,1,6,0,1,2,3,3,0,66.9,70.5,Pinnate,Intermediate,Tropical,Very High,High
100,30,65,75,7,7,1,0,0,6,2,1,3,3,0,65.0,71.1,Pinnate,Intermediate,Cool Temperate,Very High,High
30,100,75,65,7,7,0,1,6,0,1,2,3,3,0,64.1,67.2,Pinnate,White,Cool Temperate,Very High,High
100,30,65,75,7,7,1,0,0,6,2,1,3,3,0,66.8,68.0,Pinnate,Intermediate,Tropical,Very High,High
30,100,75,65,7,7,0,1,6,0,1,2,3,3,0,59.1,69.1,Pinnate,White,Tropical,Very High,High
100,30,65,75,7,7,1,0,0,6,2,1,3,3,0,62.5,70.9,Pinnate,Yellow,Tropical,Very High,High
30,100,75,65,7,7,0,1,6,0,1,2,3,3,0,62.6,68.1,Pinnate,Intermediate,Cool Temperate,Very High,High
100,30,65,75,7,7,1,0,0,6,2,1,3,3,0,64.5,67.4,Pinnate,Intermediate,Tropical,Very High,High
30,100,75,65,7,7,0,1,6,0,1,2,3,3,0,65.6,70.3,Pinnate,Intermediate,Cool Temperate,Very High,High
